,Valence Evaluation,Equality,Activity Intensity,Socioemotional,Formality and Regulation,Intimacy,Visibility,Communal Sharing,Expected Reciprocity,Strategic,Concreteness,Uniqueness,Love Expression,Information Exchange,Money Exchange,Goods Exchange,Service Exchange,Attachment,Mating,Conflict,Negotiation,Coercion,Importance for society,Importance for individuals,Affiliation Coalition,Occupational,Activeness,Endurance,Synchronicity,Spatial Distance,Morality,Trust,Generation Gap
0,73.0,99.0,100.0,78.0,99.0,100.0,67.0,69.0,73.0,65.0,50.0,,,,,,,,,,,,,,,,,,,,,,
2,83.0,80.0,81.0,83.0,90.0,89.0,89.0,79.0,77.0,82.0,58.0,,,,,,,,,,,,,,,,,,,,,,
3,100.0,100.0,100.0,98.0,100.0,100.0,100.0,100.0,100.0,95.0,81.0,,,,,,,,,,,,,,,,,,,,,,
4,100.0,100.0,100.0,100.0,100.0,100.0,100.0,100.0,100.0,100.0,100.0,,,,,,,,,,,,,,,,,,,,,,
5,98.0,98.0,98.0,100.0,98.0,98.0,98.0,100.0,98.0,99.0,98.0,,,,,,,,,,,,,,,,,,,,,,
6,100.0,100.0,100.0,100.0,100.0,100.0,100.0,100.0,100.0,100.0,60.0,,,,,,,,,,,,,,,,,,,,,,
7,100.0,98.0,100.0,100.0,100.0,100.0,100.0,100.0,100.0,100.0,100.0,,,,,,,,,,,,,,,,,,,,,,
8,100.0,100.0,100.0,100.0,100.0,100.0,100.0,100.0,100.0,100.0,100.0,,,,,,,,,,,,,,,,,,,,,,
9,42.0,30.0,58.0,80.0,84.0,83.0,78.0,70.0,50.0,42.0,48.0,,,,,,,,,,,,,,,,,,,,,,
10,100.0,100.0,100.0,100.0,100.0,100.0,70.0,100.0,75.0,100.0,75.0,,,,,,,,,,,,,,,,,,,,,,
11,90.0,91.0,93.0,90.0,86.0,87.0,82.0,92.0,93.0,91.0,86.0,,,,,,,,,,,,,,,,,,,,,,
12,72.0,74.0,87.0,93.0,84.0,90.0,96.0,86.0,31.0,83.0,80.0,,,,,,,,,,,,,,,,,,,,,,
13,75.0,88.0,75.0,78.0,72.0,92.0,81.0,85.0,82.0,81.0,76.0,,,,,,,,,,,,,,,,,,,,,,
14,70.0,57.0,82.0,76.0,80.0,85.0,81.0,78.0,77.0,77.0,75.0,,,,,,,,,,,,,,,,,,,,,,
15,65.0,64.0,65.0,70.0,77.0,72.0,68.0,75.0,73.0,73.0,68.0,,,,,,,,,,,,,,,,,,,,,,
17,68.0,93.0,82.0,78.0,65.0,84.0,71.0,81.0,81.0,66.0,79.0,,,,,,,,,,,,,,,,,,,,,,
18,99.0,97.0,98.0,97.0,97.0,98.0,97.0,97.0,97.0,97.0,96.0,,,,,,,,,,,,,,,,,,,,,,
19,100.0,100.0,100.0,100.0,100.0,100.0,100.0,100.0,100.0,100.0,97.0,,,,,,,,,,,,,,,,,,,,,,
20,80.0,80.0,90.0,90.0,90.0,90.0,80.0,90.0,70.0,80.0,84.0,,,,,,,,,,,,,,,,,,,,,,
21,100.0,100.0,100.0,100.0,100.0,100.0,100.0,100.0,100.0,100.0,100.0,,,,,,,,,,,,,,,,,,,,,,
22,100.0,100.0,100.0,100.0,100.0,100.0,100.0,100.0,100.0,100.0,100.0,,,,,,,,,,,,,,,,,,,,,,
23,77.0,62.0,55.0,55.0,65.0,63.0,63.0,59.0,67.0,62.0,64.0,,,,,,,,,,,,,,,,,,,,,,
24,82.0,85.0,78.0,76.0,82.0,84.0,79.0,81.0,84.0,79.0,78.0,,,,,,,,,,,,,,,,,,,,,,
25,93.0,100.0,100.0,100.0,100.0,100.0,100.0,100.0,99.0,100.0,98.0,,,,,,,,,,,,,,,,,,,,,,
26,74.0,78.0,58.0,71.0,50.0,71.0,54.0,42.0,55.0,73.0,63.0,,,,,,,,,,,,,,,,,,,,,,
27,98.0,97.0,100.0,98.0,100.0,100.0,100.0,100.0,100.0,100.0,100.0,,,,,,,,,,,,,,,,,,,,,,
28,100.0,100.0,100.0,100.0,100.0,100.0,100.0,100.0,100.0,100.0,100.0,,,,,,,,,,,,,,,,,,,,,,
29,76.0,77.0,72.0,69.0,65.0,85.0,75.0,73.0,50.0,67.0,52.0,,,,,,,,,,,,,,,,,,,,,,
32,100.0,100.0,100.0,100.0,100.0,100.0,100.0,100.0,100.0,100.0,100.0,,,,,,,,,,,,,,,,,,,,,,
33,100.0,100.0,100.0,100.0,100.0,100.0,99.0,100.0,100.0,99.0,100.0,,,,,,,,,,,,,,,,,,,,,,
34,94.0,79.0,98.0,79.0,100.0,95.0,88.0,86.0,100.0,100.0,88.0,,,,,,,,,,,,,,,,,,,,,,
35,86.0,84.0,75.0,79.0,75.0,70.0,82.0,70.0,77.0,88.0,89.0,,,,,,,,,,,,,,,,,,,,,,
36,75.0,73.0,82.0,80.0,81.0,86.0,89.0,79.0,71.0,68.0,76.0,,,,,,,,,,,,,,,,,,,,,,
37,71.0,65.0,64.0,73.0,81.0,74.0,53.0,73.0,68.0,76.0,69.0,,,,,,,,,,,,,,,,,,,,,,
38,75.0,72.0,76.0,69.0,77.0,74.0,72.0,70.0,74.0,68.0,75.0,,,,,,,,,,,,,,,,,,,,,,
39,87.0,93.0,82.0,86.0,86.0,79.0,83.0,89.0,77.0,80.0,76.0,,,,,,,,,,,,,,,,,,,,,,
40,100.0,100.0,100.0,100.0,100.0,100.0,100.0,100.0,100.0,100.0,100.0,,,,,,,,,,,,,,,,,,,,,,
41,78.0,95.0,95.0,98.0,99.0,97.0,99.0,98.0,95.0,96.0,93.0,,,,,,,,,,,,,,,,,,,,,,
42,100.0,100.0,100.0,100.0,100.0,100.0,100.0,100.0,97.0,96.0,97.0,,,,,,,,,,,,,,,,,,,,,,
43,77.0,90.0,89.0,87.0,72.0,90.0,87.0,86.0,86.0,82.0,86.0,,,,,,,,,,,,,,,,,,,,,,
44,93.0,88.0,77.0,77.0,73.0,90.0,100.0,77.0,89.0,75.0,81.0,,,,,,,,,,,,,,,,,,,,,,
46,100.0,80.0,90.0,100.0,100.0,100.0,100.0,100.0,100.0,100.0,41.0,,,,,,,,,,,,,,,,,,,,,,
47,31.0,42.0,47.0,23.0,37.0,45.0,38.0,78.0,39.0,37.0,38.0,,,,,,,,,,,,,,,,,,,,,,
49,100.0,100.0,100.0,98.0,100.0,100.0,100.0,100.0,100.0,100.0,100.0,,,,,,,,,,,,,,,,,,,,,,
50,83.0,88.0,88.0,100.0,100.0,100.0,100.0,100.0,100.0,100.0,100.0,,,,,,,,,,,,,,,,,,,,,,
51,43.0,37.0,59.0,48.0,49.0,45.0,56.0,47.0,61.0,31.0,33.0,,,,,,,,,,,,,,,,,,,,,,
52,95.0,100.0,90.0,74.0,98.0,96.0,96.0,93.0,84.0,100.0,75.0,,,,,,,,,,,,,,,,,,,,,,
53,85.0,100.0,86.0,58.0,45.0,47.0,64.0,86.0,52.0,71.0,66.0,,,,,,,,,,,,,,,,,,,,,,
54,100.0,91.0,80.0,100.0,100.0,100.0,100.0,100.0,100.0,100.0,100.0,,,,,,,,,,,,,,,,,,,,,,
55,100.0,100.0,100.0,100.0,100.0,100.0,100.0,100.0,100.0,100.0,100.0,,,,,,,,,,,,,,,,,,,,,,
56,76.0,83.0,86.0,86.0,84.0,93.0,86.0,54.0,25.0,76.0,31.0,,,,,,,,,,,,,,,,,,,,,,
57,100.0,100.0,100.0,100.0,100.0,100.0,100.0,100.0,100.0,100.0,100.0,,,,,,,,,,,,,,,,,,,,,,
58,60.0,63.0,83.0,57.0,99.0,95.0,95.0,83.0,96.0,96.0,88.0,,,,,,,,,,,,,,,,,,,,,,
59,100.0,100.0,100.0,100.0,100.0,100.0,100.0,100.0,100.0,100.0,4.0,,,,,,,,,,,,,,,,,,,,,,
60,100.0,100.0,100.0,100.0,100.0,100.0,100.0,100.0,97.0,100.0,100.0,,,,,,,,,,,,,,,,,,,,,,
61,61.0,69.0,69.0,75.0,69.0,85.0,95.0,90.0,96.0,92.0,26.0,,,,,,,,,,,,,,,,,,,,,,
62,76.0,85.0,85.0,83.0,86.0,90.0,88.0,85.0,89.0,90.0,89.0,,,,,,,,,,,,,,,,,,,,,,
63,51.0,52.0,55.0,51.0,56.0,56.0,59.0,59.0,52.0,52.0,55.0,,,,,,,,,,,,,,,,,,,,,,
64,48.0,66.0,53.0,32.0,60.0,15.0,68.0,42.0,43.0,55.0,46.0,,,,,,,,,,,,,,,,,,,,,,
66,100.0,49.0,44.0,100.0,100.0,100.0,100.0,100.0,74.0,85.0,53.0,,,,,,,,,,,,,,,,,,,,,,
68,90.0,84.0,80.0,78.0,75.0,76.0,71.0,73.0,73.0,78.0,72.0,,,,,,,,,,,,,,,,,,,,,,
69,84.0,91.0,94.0,71.0,76.0,80.0,85.0,73.0,93.0,90.0,64.0,,,,,,,,,,,,,,,,,,,,,,
70,38.0,36.0,36.0,41.0,39.0,43.0,46.0,57.0,49.0,37.0,45.0,,,,,,,,,,,,,,,,,,,,,,
71,71.0,71.0,80.0,52.0,65.0,85.0,65.0,73.0,59.0,78.0,66.0,,,,,,,,,,,,,,,,,,,,,,
73,100.0,100.0,96.0,83.0,98.0,98.0,89.0,92.0,74.0,94.0,69.0,,,,,,,,,,,,,,,,,,,,,,
74,85.0,100.0,100.0,100.0,100.0,100.0,100.0,100.0,100.0,95.0,100.0,,,,,,,,,,,,,,,,,,,,,,
75,100.0,98.0,100.0,100.0,100.0,100.0,100.0,100.0,100.0,100.0,100.0,,,,,,,,,,,,,,,,,,,,,,
76,85.0,100.0,77.0,90.0,89.0,80.0,77.0,80.0,78.0,82.0,74.0,,,,,,,,,,,,,,,,,,,,,,
77,96.0,100.0,100.0,96.0,100.0,100.0,100.0,100.0,96.0,100.0,62.0,,,,,,,,,,,,,,,,,,,,,,
78,90.0,100.0,100.0,95.0,100.0,100.0,100.0,90.0,100.0,90.0,90.0,,,,,,,,,,,,,,,,,,,,,,
79,8.0,86.0,97.0,100.0,100.0,100.0,100.0,100.0,98.0,100.0,99.0,,,,,,,,,,,,,,,,,,,,,,
80,43.0,48.0,62.0,38.0,74.0,71.0,32.0,67.0,67.0,45.0,45.0,,,,,,,,,,,,,,,,,,,,,,
81,100.0,60.0,51.0,49.0,52.0,32.0,54.0,53.0,49.0,63.0,56.0,,,,,,,,,,,,,,,,,,,,,,
82,99.0,100.0,100.0,100.0,100.0,100.0,100.0,100.0,100.0,100.0,100.0,,,,,,,,,,,,,,,,,,,,,,
83,80.0,70.0,90.0,90.0,95.0,100.0,100.0,100.0,100.0,100.0,93.0,,,,,,,,,,,,,,,,,,,,,,
84,81.0,86.0,84.0,91.0,75.0,72.0,75.0,78.0,86.0,76.0,79.0,,,,,,,,,,,,,,,,,,,,,,
85,100.0,100.0,100.0,100.0,100.0,100.0,100.0,100.0,100.0,100.0,100.0,,,,,,,,,,,,,,,,,,,,,,
86,69.0,73.0,68.0,73.0,70.0,68.0,68.0,65.0,73.0,81.0,78.0,,,,,,,,,,,,,,,,,,,,,,
87,70.0,47.0,57.0,54.0,58.0,66.0,55.0,72.0,71.0,73.0,61.0,,,,,,,,,,,,,,,,,,,,,,
88,58.0,75.0,52.0,73.0,81.0,65.0,58.0,66.0,80.0,67.0,62.0,,,,,,,,,,,,,,,,,,,,,,
89,100.0,100.0,100.0,100.0,100.0,100.0,100.0,100.0,100.0,100.0,60.0,,,,,,,,,,,,,,,,,,,,,,
90,100.0,100.0,100.0,100.0,100.0,100.0,100.0,100.0,100.0,100.0,70.0,,,,,,,,,,,,,,,,,,,,,,
91,85.0,61.0,83.0,77.0,73.0,94.0,86.0,95.0,87.0,90.0,99.0,,,,,,,,,,,,,,,,,,,,,,
92,85.0,61.0,90.0,86.0,87.0,96.0,96.0,96.0,95.0,86.0,90.0,,,,,,,,,,,,,,,,,,,,,,
93,100.0,100.0,100.0,100.0,100.0,100.0,100.0,100.0,100.0,100.0,100.0,,,,,,,,,,,,,,,,,,,,,,
94,97.0,83.0,73.0,99.0,96.0,98.0,98.0,96.0,99.0,99.0,97.0,,,,,,,,,,,,,,,,,,,,,,
95,56.0,82.0,63.0,67.0,61.0,48.0,58.0,78.0,49.0,67.0,51.0,,,,,,,,,,,,,,,,,,,,,,
96,70.0,83.0,74.0,71.0,93.0,91.0,88.0,74.0,83.0,76.0,84.0,,,,,,,,,,,,,,,,,,,,,,
97,100.0,100.0,100.0,100.0,100.0,100.0,100.0,100.0,100.0,100.0,100.0,,,,,,,,,,,,,,,,,,,,,,
98,97.0,98.0,99.0,98.0,98.0,99.0,99.0,99.0,99.0,100.0,99.0,,,,,,,,,,,,,,,,,,,,,,
99,73.0,89.0,85.0,92.0,91.0,83.0,85.0,74.0,80.0,85.0,92.0,,,,,,,,,,,,,,,,,,,,,,
100,100.0,100.0,100.0,100.0,100.0,100.0,100.0,100.0,100.0,100.0,100.0,,,,,,,,,,,,,,,,,,,,,,
101,94.0,96.0,100.0,92.0,73.0,100.0,98.0,82.0,100.0,100.0,90.0,,,,,,,,,,,,,,,,,,,,,,
102,67.0,54.0,55.0,43.0,52.0,70.0,76.0,68.0,79.0,90.0,86.0,,,,,,,,,,,,,,,,,,,,,,
103,89.0,84.0,95.0,97.0,97.0,98.0,96.0,96.0,31.0,74.0,94.0,,,,,,,,,,,,,,,,,,,,,,
104,100.0,100.0,100.0,100.0,100.0,100.0,100.0,100.0,100.0,100.0,100.0,,,,,,,,,,,,,,,,,,,,,,
105,67.0,59.0,67.0,45.0,74.0,85.0,58.0,49.0,52.0,26.0,53.0,,,,,,,,,,,,,,,,,,,,,,
106,56.0,88.0,91.0,88.0,88.0,86.0,88.0,86.0,88.0,90.0,67.0,,,,,,,,,,,,,,,,,,,,,,
107,73.0,90.0,83.0,83.0,84.0,70.0,34.0,81.0,76.0,66.0,29.0,,,,,,,,,,,,,,,,,,,,,,
108,100.0,100.0,100.0,100.0,100.0,100.0,100.0,100.0,100.0,100.0,100.0,,,,,,,,,,,,,,,,,,,,,,
109,64.0,32.0,36.0,69.0,54.0,51.0,52.0,57.0,35.0,53.0,70.0,,,,,,,,,,,,,,,,,,,,,,
110,80.0,30.0,20.0,15.0,100.0,90.0,15.0,60.0,70.0,40.0,50.0,,,,,,,,,,,,,,,,,,,,,,
112,86.0,43.0,83.0,68.0,77.0,68.0,61.0,69.0,69.0,83.0,75.0,,,,,,,,,,,,,,,,,,,,,,
113,93.0,78.0,86.0,57.0,77.0,61.0,79.0,64.0,90.0,57.0,77.0,,,,,,,,,,,,,,,,,,,,,,
114,100.0,100.0,100.0,100.0,100.0,100.0,100.0,100.0,100.0,100.0,100.0,,,,,,,,,,,,,,,,,,,,,,
115,100.0,100.0,100.0,100.0,100.0,100.0,100.0,100.0,100.0,100.0,100.0,,,,,,,,,,,,,,,,,,,,,,
116,100.0,100.0,100.0,100.0,100.0,96.0,100.0,100.0,100.0,100.0,100.0,,,,,,,,,,,,,,,,,,,,,,
117,58.0,51.0,39.0,33.0,44.0,43.0,40.0,49.0,47.0,50.0,43.0,,,,,,,,,,,,,,,,,,,,,,
118,100.0,97.0,98.0,100.0,100.0,100.0,97.0,96.0,100.0,97.0,100.0,,,,,,,,,,,,,,,,,,,,,,
120,100.0,100.0,100.0,100.0,100.0,100.0,100.0,100.0,100.0,100.0,100.0,,,,,,,,,,,,,,,,,,,,,,
121,67.0,57.0,62.0,76.0,58.0,83.0,99.0,61.0,67.0,91.0,69.0,,,,,,,,,,,,,,,,,,,,,,
122,71.0,100.0,91.0,86.0,100.0,100.0,100.0,100.0,100.0,100.0,100.0,,,,,,,,,,,,,,,,,,,,,,
125,100.0,100.0,100.0,100.0,100.0,100.0,100.0,100.0,100.0,100.0,100.0,,,,,,,,,,,,,,,,,,,,,,
127,67.0,100.0,100.0,100.0,50.0,100.0,100.0,100.0,100.0,58.0,100.0,,,,,,,,,,,,,,,,,,,,,,
128,53.0,54.0,68.0,50.0,59.0,61.0,35.0,60.0,38.0,59.0,58.0,,,,,,,,,,,,,,,,,,,,,,
129,100.0,100.0,100.0,100.0,100.0,100.0,100.0,100.0,100.0,100.0,100.0,,,,,,,,,,,,,,,,,,,,,,
130,76.0,52.0,30.0,25.0,46.0,36.0,50.0,32.0,48.0,51.0,37.0,,,,,,,,,,,,,,,,,,,,,,
131,100.0,100.0,100.0,100.0,100.0,98.0,100.0,100.0,51.0,70.0,85.0,,,,,,,,,,,,,,,,,,,,,,
132,100.0,100.0,100.0,100.0,100.0,100.0,99.0,100.0,100.0,90.0,90.0,,,,,,,,,,,,,,,,,,,,,,
133,100.0,100.0,100.0,100.0,100.0,100.0,100.0,100.0,96.0,100.0,100.0,,,,,,,,,,,,,,,,,,,,,,
134,100.0,100.0,100.0,100.0,100.0,93.0,100.0,100.0,100.0,100.0,100.0,,,,,,,,,,,,,,,,,,,,,,
135,100.0,100.0,100.0,100.0,100.0,100.0,100.0,100.0,100.0,100.0,100.0,,,,,,,,,,,,,,,,,,,,,,
136,70.0,78.0,76.0,82.0,97.0,87.0,86.0,89.0,75.0,94.0,95.0,,,,,,,,,,,,,,,,,,,,,,
137,99.0,98.0,98.0,100.0,98.0,98.0,98.0,98.0,99.0,99.0,100.0,,,,,,,,,,,,,,,,,,,,,,
138,70.0,80.0,80.0,90.0,90.0,100.0,81.0,80.0,86.0,84.0,80.0,,,,,,,,,,,,,,,,,,,,,,
139,100.0,100.0,100.0,100.0,100.0,100.0,100.0,100.0,100.0,100.0,100.0,,,,,,,,,,,,,,,,,,,,,,
140,100.0,100.0,100.0,100.0,100.0,88.0,85.0,92.0,87.0,85.0,93.0,,,,,,,,,,,,,,,,,,,,,,
141,99.0,98.0,99.0,99.0,99.0,99.0,99.0,97.0,100.0,97.0,97.0,,,,,,,,,,,,,,,,,,,,,,
142,95.0,69.0,77.0,65.0,58.0,90.0,81.0,71.0,86.0,86.0,67.0,,,,,,,,,,,,,,,,,,,,,,
143,100.0,80.0,80.0,90.0,95.0,100.0,100.0,81.0,83.0,88.0,91.0,,,,,,,,,,,,,,,,,,,,,,
145,100.0,100.0,100.0,100.0,100.0,100.0,100.0,100.0,100.0,100.0,100.0,,,,,,,,,,,,,,,,,,,,,,
146,100.0,100.0,100.0,100.0,100.0,100.0,100.0,100.0,100.0,100.0,100.0,,,,,,,,,,,,,,,,,,,,,,
147,100.0,100.0,100.0,100.0,100.0,100.0,100.0,100.0,100.0,100.0,100.0,,,,,,,,,,,,,,,,,,,,,,
148,100.0,100.0,100.0,100.0,100.0,100.0,100.0,100.0,100.0,100.0,99.0,,,,,,,,,,,,,,,,,,,,,,
149,76.0,63.0,97.0,100.0,100.0,100.0,100.0,100.0,100.0,100.0,100.0,,,,,,,,,,,,,,,,,,,,,,
150,100.0,100.0,100.0,100.0,100.0,100.0,100.0,50.0,100.0,48.0,100.0,,,,,,,,,,,,,,,,,,,,,,
151,85.0,88.0,92.0,70.0,94.0,77.0,83.0,91.0,89.0,50.0,88.0,,,,,,,,,,,,,,,,,,,,,,
152,100.0,100.0,100.0,100.0,100.0,100.0,100.0,100.0,100.0,100.0,100.0,,,,,,,,,,,,,,,,,,,,,,
154,98.0,96.0,98.0,100.0,99.0,98.0,98.0,98.0,98.0,100.0,100.0,,,,,,,,,,,,,,,,,,,,,,
155,96.0,100.0,68.0,77.0,100.0,100.0,88.0,100.0,100.0,100.0,100.0,,,,,,,,,,,,,,,,,,,,,,
156,100.0,100.0,95.0,72.0,72.0,86.0,76.0,62.0,76.0,75.0,46.0,,,,,,,,,,,,,,,,,,,,,,
157,100.0,100.0,100.0,100.0,100.0,100.0,100.0,100.0,100.0,100.0,100.0,,,,,,,,,,,,,,,,,,,,,,
158,100.0,100.0,100.0,100.0,100.0,98.0,100.0,100.0,100.0,100.0,100.0,,,,,,,,,,,,,,,,,,,,,,
159,35.0,49.0,72.0,49.0,51.0,41.0,64.0,63.0,49.0,6.0,18.0,,,,,,,,,,,,,,,,,,,,,,
160,100.0,100.0,100.0,100.0,100.0,100.0,100.0,100.0,100.0,100.0,100.0,,,,,,,,,,,,,,,,,,,,,,
161,100.0,100.0,100.0,100.0,100.0,100.0,100.0,100.0,100.0,100.0,100.0,,,,,,,,,,,,,,,,,,,,,,
163,74.0,72.0,100.0,100.0,100.0,100.0,100.0,68.0,75.0,64.0,82.0,,,,,,,,,,,,,,,,,,,,,,
164,55.0,82.0,100.0,100.0,100.0,100.0,51.0,57.0,49.0,66.0,54.0,,,,,,,,,,,,,,,,,,,,,,
165,73.0,89.0,93.0,83.0,76.0,83.0,74.0,69.0,73.0,82.0,70.0,,,,,,,,,,,,,,,,,,,,,,
166,82.0,81.0,55.0,77.0,81.0,86.0,87.0,84.0,82.0,86.0,61.0,,,,,,,,,,,,,,,,,,,,,,
167,74.0,59.0,92.0,95.0,98.0,90.0,96.0,84.0,100.0,100.0,83.0,,,,,,,,,,,,,,,,,,,,,,
168,100.0,100.0,100.0,100.0,100.0,100.0,100.0,100.0,100.0,100.0,100.0,,,,,,,,,,,,,,,,,,,,,,
169,100.0,100.0,100.0,100.0,100.0,100.0,100.0,100.0,100.0,100.0,100.0,,,,,,,,,,,,,,,,,,,,,,
170,100.0,100.0,100.0,100.0,100.0,100.0,100.0,69.0,100.0,98.0,100.0,,,,,,,,,,,,,,,,,,,,,,
171,83.0,76.0,76.0,71.0,71.0,61.0,65.0,64.0,69.0,59.0,77.0,,,,,,,,,,,,,,,,,,,,,,
172,79.0,70.0,93.0,64.0,85.0,90.0,71.0,83.0,82.0,82.0,86.0,,,,,,,,,,,,,,,,,,,,,,
173,100.0,87.0,90.0,92.0,94.0,92.0,84.0,74.0,90.0,84.0,100.0,,,,,,,,,,,,,,,,,,,,,,
174,51.0,100.0,100.0,99.0,100.0,100.0,100.0,96.0,98.0,99.0,96.0,,,,,,,,,,,,,,,,,,,,,,
175,100.0,100.0,100.0,100.0,100.0,100.0,100.0,100.0,100.0,100.0,100.0,,,,,,,,,,,,,,,,,,,,,,
176,80.0,90.0,83.0,68.0,91.0,95.0,88.0,84.0,67.0,79.0,72.0,,,,,,,,,,,,,,,,,,,,,,
177,100.0,100.0,100.0,100.0,100.0,100.0,100.0,100.0,100.0,100.0,100.0,,,,,,,,,,,,,,,,,,,,,,
178,100.0,100.0,100.0,100.0,100.0,100.0,100.0,100.0,100.0,100.0,95.0,,,,,,,,,,,,,,,,,,,,,,
179,100.0,100.0,100.0,100.0,100.0,100.0,100.0,80.0,65.0,70.0,100.0,,,,,,,,,,,,,,,,,,,,,,
180,100.0,100.0,100.0,100.0,100.0,100.0,100.0,100.0,100.0,100.0,100.0,,,,,,,,,,,,,,,,,,,,,,
181,63.0,72.0,63.0,73.0,77.0,75.0,58.0,79.0,71.0,77.0,82.0,,,,,,,,,,,,,,,,,,,,,,
182,90.0,79.0,75.0,42.0,28.0,81.0,40.0,57.0,64.0,36.0,9.0,,,,,,,,,,,,,,,,,,,,,,
183,87.0,92.0,57.0,44.0,92.0,87.0,49.0,100.0,61.0,61.0,100.0,,,,,,,,,,,,,,,,,,,,,,
184,98.0,100.0,100.0,100.0,100.0,100.0,100.0,100.0,100.0,94.0,100.0,,,,,,,,,,,,,,,,,,,,,,
185,73.0,76.0,68.0,74.0,71.0,76.0,50.0,75.0,82.0,84.0,84.0,,,,,,,,,,,,,,,,,,,,,,
186,64.0,52.0,100.0,100.0,100.0,100.0,100.0,100.0,100.0,100.0,100.0,,,,,,,,,,,,,,,,,,,,,,
187,100.0,100.0,100.0,100.0,100.0,100.0,100.0,100.0,100.0,100.0,99.0,,,,,,,,,,,,,,,,,,,,,,
189,100.0,100.0,100.0,100.0,100.0,100.0,100.0,100.0,100.0,100.0,100.0,,,,,,,,,,,,,,,,,,,,,,
190,54.0,70.0,67.0,66.0,56.0,69.0,44.0,67.0,62.0,88.0,75.0,,,,,,,,,,,,,,,,,,,,,,
191,100.0,100.0,100.0,100.0,100.0,100.0,100.0,100.0,100.0,100.0,100.0,,,,,,,,,,,,,,,,,,,,,,
193,100.0,100.0,100.0,100.0,100.0,100.0,100.0,100.0,100.0,100.0,100.0,,,,,,,,,,,,,,,,,,,,,,
194,25.0,75.0,53.0,90.0,90.0,88.0,78.0,88.0,18.0,72.0,70.0,,,,,,,,,,,,,,,,,,,,,,
195,80.0,81.0,86.0,81.0,85.0,90.0,91.0,91.0,88.0,90.0,90.0,,,,,,,,,,,,,,,,,,,,,,
196,100.0,100.0,100.0,99.0,100.0,100.0,100.0,100.0,100.0,98.0,100.0,,,,,,,,,,,,,,,,,,,,,,
197,100.0,100.0,100.0,100.0,100.0,100.0,90.0,100.0,99.0,73.0,99.0,,,,,,,,,,,,,,,,,,,,,,
198,99.0,96.0,100.0,99.0,97.0,100.0,99.0,100.0,99.0,97.0,100.0,,,,,,,,,,,,,,,,,,,,,,
199,100.0,100.0,100.0,100.0,100.0,100.0,100.0,100.0,100.0,100.0,100.0,,,,,,,,,,,,,,,,,,,,,,
200,91.0,100.0,100.0,71.0,93.0,100.0,91.0,86.0,89.0,83.0,74.0,,,,,,,,,,,,,,,,,,,,,,
201,82.0,88.0,99.0,89.0,97.0,98.0,98.0,87.0,89.0,82.0,93.0,,,,,,,,,,,,,,,,,,,,,,
202,86.0,78.0,66.0,82.0,75.0,80.0,64.0,72.0,65.0,57.0,83.0,,,,,,,,,,,,,,,,,,,,,,
203,100.0,100.0,100.0,100.0,100.0,100.0,100.0,100.0,100.0,100.0,100.0,,,,,,,,,,,,,,,,,,,,,,
204,,,,,,,,,,,,100.0,100.0,100.0,100.0,100.0,100.0,100.0,100.0,100.0,100.0,100.0,,,,,,,,,,,
205,,,,,,,,,,,,83.0,81.0,86.0,80.0,84.0,87.0,86.0,90.0,90.0,83.0,86.0,,,,,,,,,,,
206,,,,,,,,,,,,100.0,100.0,100.0,100.0,100.0,100.0,100.0,100.0,100.0,100.0,100.0,,,,,,,,,,,
207,,,,,,,,,,,,97.0,97.0,93.0,97.0,98.0,97.0,95.0,97.0,93.0,98.0,96.0,,,,,,,,,,,
208,,,,,,,,,,,,100.0,100.0,100.0,100.0,100.0,100.0,100.0,100.0,100.0,100.0,100.0,,,,,,,,,,,
209,,,,,,,,,,,,100.0,100.0,100.0,100.0,100.0,100.0,100.0,100.0,100.0,100.0,100.0,,,,,,,,,,,
211,,,,,,,,,,,,100.0,100.0,100.0,100.0,100.0,100.0,100.0,100.0,100.0,100.0,100.0,,,,,,,,,,,
212,,,,,,,,,,,,92.0,93.0,96.0,92.0,96.0,93.0,91.0,92.0,92.0,96.0,96.0,,,,,,,,,,,
213,,,,,,,,,,,,100.0,100.0,100.0,100.0,99.0,100.0,100.0,99.0,100.0,100.0,100.0,,,,,,,,,,,
214,,,,,,,,,,,,90.0,95.0,95.0,94.0,95.0,92.0,92.0,93.0,96.0,95.0,91.0,,,,,,,,,,,
215,,,,,,,,,,,,66.0,62.0,56.0,53.0,76.0,59.0,57.0,55.0,52.0,51.0,46.0,,,,,,,,,,,
216,,,,,,,,,,,,98.0,98.0,95.0,98.0,99.0,100.0,100.0,98.0,100.0,94.0,100.0,,,,,,,,,,,
217,,,,,,,,,,,,54.0,70.0,55.0,63.0,71.0,79.0,52.0,64.0,34.0,58.0,49.0,,,,,,,,,,,
218,,,,,,,,,,,,100.0,100.0,100.0,100.0,100.0,100.0,100.0,100.0,100.0,100.0,100.0,,,,,,,,,,,
219,,,,,,,,,,,,95.0,98.0,96.0,95.0,95.0,95.0,94.0,94.0,97.0,96.0,93.0,,,,,,,,,,,
220,,,,,,,,,,,,100.0,100.0,100.0,100.0,100.0,100.0,100.0,100.0,100.0,100.0,100.0,,,,,,,,,,,
221,,,,,,,,,,,,100.0,100.0,100.0,100.0,100.0,100.0,100.0,100.0,100.0,100.0,100.0,,,,,,,,,,,
222,,,,,,,,,,,,100.0,100.0,100.0,100.0,84.0,100.0,100.0,100.0,94.0,100.0,100.0,,,,,,,,,,,
223,,,,,,,,,,,,100.0,100.0,100.0,100.0,100.0,100.0,100.0,100.0,100.0,80.0,100.0,,,,,,,,,,,
224,,,,,,,,,,,,97.0,98.0,98.0,95.0,95.0,97.0,96.0,92.0,93.0,96.0,96.0,,,,,,,,,,,
225,,,,,,,,,,,,100.0,100.0,100.0,100.0,100.0,99.0,97.0,98.0,98.0,97.0,97.0,,,,,,,,,,,
226,,,,,,,,,,,,100.0,100.0,100.0,100.0,100.0,100.0,100.0,100.0,100.0,100.0,100.0,,,,,,,,,,,
227,,,,,,,,,,,,85.0,89.0,90.0,88.0,86.0,87.0,86.0,88.0,88.0,85.0,89.0,,,,,,,,,,,
228,,,,,,,,,,,,98.0,99.0,98.0,99.0,98.0,100.0,99.0,100.0,100.0,99.0,99.0,,,,,,,,,,,
229,,,,,,,,,,,,97.0,92.0,89.0,96.0,73.0,87.0,81.0,96.0,82.0,94.0,88.0,,,,,,,,,,,
230,,,,,,,,,,,,100.0,100.0,100.0,100.0,100.0,100.0,100.0,100.0,100.0,100.0,100.0,,,,,,,,,,,
231,,,,,,,,,,,,18.0,90.0,65.0,9.0,64.0,43.0,76.0,98.0,40.0,22.0,51.0,,,,,,,,,,,
232,,,,,,,,,,,,100.0,100.0,100.0,100.0,100.0,100.0,100.0,100.0,99.0,100.0,100.0,,,,,,,,,,,
233,,,,,,,,,,,,32.0,27.0,92.0,6.0,30.0,57.0,54.0,16.0,89.0,12.0,100.0,,,,,,,,,,,
234,,,,,,,,,,,,97.0,98.0,98.0,96.0,99.0,96.0,95.0,98.0,96.0,98.0,98.0,,,,,,,,,,,
235,,,,,,,,,,,,99.0,99.0,99.0,95.0,96.0,97.0,97.0,99.0,99.0,97.0,98.0,,,,,,,,,,,
236,,,,,,,,,,,,100.0,100.0,100.0,100.0,100.0,100.0,100.0,100.0,100.0,100.0,100.0,,,,,,,,,,,
237,,,,,,,,,,,,100.0,100.0,100.0,100.0,100.0,100.0,100.0,100.0,100.0,100.0,100.0,,,,,,,,,,,
238,,,,,,,,,,,,98.0,97.0,97.0,97.0,98.0,98.0,97.0,98.0,98.0,99.0,96.0,,,,,,,,,,,
239,,,,,,,,,,,,100.0,100.0,100.0,100.0,100.0,100.0,100.0,100.0,100.0,100.0,100.0,,,,,,,,,,,
240,,,,,,,,,,,,46.0,24.0,55.0,39.0,59.0,51.0,48.0,28.0,67.0,48.0,53.0,,,,,,,,,,,
241,,,,,,,,,,,,100.0,100.0,100.0,100.0,100.0,100.0,100.0,100.0,100.0,100.0,100.0,,,,,,,,,,,
242,,,,,,,,,,,,97.0,97.0,97.0,98.0,99.0,99.0,99.0,97.0,99.0,99.0,99.0,,,,,,,,,,,
243,,,,,,,,,,,,88.0,100.0,99.0,96.0,87.0,95.0,75.0,81.0,60.0,72.0,34.0,,,,,,,,,,,
244,,,,,,,,,,,,100.0,100.0,100.0,100.0,100.0,100.0,100.0,100.0,100.0,100.0,100.0,,,,,,,,,,,
245,,,,,,,,,,,,52.0,52.0,71.0,65.0,50.0,67.0,71.0,69.0,33.0,73.0,78.0,,,,,,,,,,,
246,,,,,,,,,,,,54.0,49.0,52.0,64.0,49.0,35.0,51.0,51.0,63.0,42.0,46.0,,,,,,,,,,,
247,,,,,,,,,,,,100.0,100.0,100.0,100.0,99.0,100.0,100.0,100.0,100.0,100.0,100.0,,,,,,,,,,,
248,,,,,,,,,,,,100.0,100.0,100.0,100.0,100.0,100.0,100.0,100.0,100.0,100.0,100.0,,,,,,,,,,,
249,,,,,,,,,,,,100.0,100.0,54.0,100.0,9.0,100.0,99.0,100.0,16.0,7.0,100.0,,,,,,,,,,,
250,,,,,,,,,,,,99.0,99.0,100.0,100.0,100.0,100.0,100.0,100.0,100.0,100.0,100.0,,,,,,,,,,,
251,,,,,,,,,,,,100.0,100.0,100.0,100.0,100.0,100.0,100.0,100.0,100.0,100.0,100.0,,,,,,,,,,,
252,,,,,,,,,,,,94.0,85.0,88.0,80.0,100.0,98.0,86.0,91.0,95.0,84.0,83.0,,,,,,,,,,,
253,,,,,,,,,,,,100.0,100.0,100.0,100.0,100.0,100.0,100.0,77.0,100.0,100.0,100.0,,,,,,,,,,,
254,,,,,,,,,,,,82.0,81.0,76.0,91.0,90.0,79.0,86.0,75.0,72.0,71.0,69.0,,,,,,,,,,,
255,,,,,,,,,,,,74.0,63.0,74.0,78.0,66.0,65.0,93.0,69.0,72.0,83.0,71.0,,,,,,,,,,,
256,,,,,,,,,,,,100.0,100.0,100.0,100.0,100.0,100.0,100.0,100.0,100.0,100.0,100.0,,,,,,,,,,,
257,,,,,,,,,,,,100.0,100.0,100.0,100.0,100.0,100.0,100.0,100.0,100.0,100.0,100.0,,,,,,,,,,,
258,,,,,,,,,,,,100.0,100.0,100.0,100.0,100.0,100.0,100.0,100.0,100.0,100.0,100.0,,,,,,,,,,,
259,,,,,,,,,,,,99.0,100.0,100.0,100.0,100.0,100.0,100.0,100.0,100.0,100.0,92.0,,,,,,,,,,,
260,,,,,,,,,,,,99.0,99.0,99.0,99.0,99.0,98.0,98.0,97.0,99.0,99.0,99.0,,,,,,,,,,,
261,,,,,,,,,,,,100.0,100.0,100.0,100.0,100.0,100.0,100.0,100.0,100.0,100.0,100.0,,,,,,,,,,,
262,,,,,,,,,,,,93.0,81.0,89.0,77.0,86.0,79.0,63.0,70.0,19.0,77.0,63.0,,,,,,,,,,,
263,,,,,,,,,,,,100.0,100.0,100.0,100.0,100.0,100.0,100.0,100.0,100.0,100.0,100.0,,,,,,,,,,,
264,,,,,,,,,,,,100.0,100.0,100.0,100.0,100.0,100.0,100.0,100.0,100.0,100.0,100.0,,,,,,,,,,,
265,,,,,,,,,,,,100.0,100.0,100.0,100.0,100.0,97.0,98.0,95.0,85.0,95.0,83.0,,,,,,,,,,,
267,,,,,,,,,,,,78.0,100.0,100.0,100.0,100.0,100.0,100.0,100.0,100.0,100.0,100.0,,,,,,,,,,,
268,,,,,,,,,,,,100.0,100.0,100.0,100.0,100.0,100.0,100.0,100.0,100.0,100.0,100.0,,,,,,,,,,,
269,,,,,,,,,,,,100.0,100.0,100.0,100.0,100.0,100.0,100.0,100.0,100.0,100.0,100.0,,,,,,,,,,,
270,,,,,,,,,,,,100.0,100.0,100.0,100.0,100.0,100.0,100.0,100.0,100.0,100.0,100.0,,,,,,,,,,,
271,,,,,,,,,,,,29.0,74.0,16.0,14.0,8.0,67.0,12.0,17.0,8.0,5.0,84.0,,,,,,,,,,,
272,,,,,,,,,,,,42.0,12.0,5.0,16.0,14.0,9.0,13.0,100.0,61.0,74.0,24.0,,,,,,,,,,,
273,,,,,,,,,,,,98.0,100.0,96.0,100.0,100.0,100.0,97.0,94.0,100.0,100.0,100.0,,,,,,,,,,,
274,,,,,,,,,,,,100.0,100.0,100.0,100.0,100.0,100.0,100.0,100.0,100.0,100.0,100.0,,,,,,,,,,,
275,,,,,,,,,,,,86.0,68.0,62.0,100.0,72.0,48.0,22.0,29.0,49.0,84.0,62.0,,,,,,,,,,,
276,,,,,,,,,,,,96.0,97.0,96.0,97.0,95.0,98.0,98.0,97.0,95.0,94.0,95.0,,,,,,,,,,,
277,,,,,,,,,,,,100.0,100.0,100.0,100.0,100.0,100.0,100.0,100.0,100.0,100.0,100.0,,,,,,,,,,,
278,,,,,,,,,,,,98.0,99.0,99.0,98.0,99.0,98.0,100.0,99.0,98.0,98.0,97.0,,,,,,,,,,,
279,,,,,,,,,,,,95.0,100.0,95.0,95.0,95.0,94.0,93.0,93.0,94.0,97.0,94.0,,,,,,,,,,,
280,,,,,,,,,,,,95.0,98.0,100.0,100.0,100.0,100.0,100.0,100.0,95.0,97.0,100.0,,,,,,,,,,,
281,,,,,,,,,,,,98.0,100.0,100.0,98.0,98.0,99.0,100.0,99.0,98.0,99.0,99.0,,,,,,,,,,,
282,,,,,,,,,,,,93.0,92.0,99.0,97.0,96.0,94.0,95.0,96.0,86.0,90.0,94.0,,,,,,,,,,,
283,,,,,,,,,,,,100.0,100.0,100.0,99.0,100.0,100.0,99.0,100.0,100.0,100.0,100.0,,,,,,,,,,,
284,,,,,,,,,,,,100.0,100.0,100.0,99.0,99.0,99.0,99.0,100.0,99.0,99.0,99.0,,,,,,,,,,,
285,,,,,,,,,,,,57.0,70.0,53.0,64.0,63.0,60.0,67.0,68.0,31.0,61.0,62.0,,,,,,,,,,,
286,,,,,,,,,,,,73.0,72.0,70.0,84.0,63.0,79.0,66.0,69.0,80.0,68.0,62.0,,,,,,,,,,,
288,,,,,,,,,,,,100.0,100.0,100.0,100.0,100.0,100.0,100.0,100.0,100.0,100.0,100.0,,,,,,,,,,,
289,,,,,,,,,,,,83.0,100.0,100.0,100.0,100.0,81.0,100.0,100.0,100.0,100.0,78.0,,,,,,,,,,,
290,,,,,,,,,,,,100.0,100.0,100.0,100.0,100.0,100.0,100.0,100.0,100.0,100.0,100.0,,,,,,,,,,,
292,,,,,,,,,,,,100.0,100.0,100.0,100.0,100.0,100.0,100.0,100.0,100.0,100.0,100.0,,,,,,,,,,,
293,,,,,,,,,,,,70.0,56.0,50.0,52.0,36.0,60.0,65.0,78.0,70.0,40.0,57.0,,,,,,,,,,,
294,,,,,,,,,,,,88.0,74.0,77.0,70.0,76.0,78.0,77.0,80.0,73.0,58.0,72.0,,,,,,,,,,,
295,,,,,,,,,,,,59.0,48.0,35.0,66.0,58.0,59.0,53.0,45.0,58.0,59.0,70.0,,,,,,,,,,,
296,,,,,,,,,,,,90.0,100.0,100.0,100.0,100.0,100.0,100.0,100.0,100.0,100.0,100.0,,,,,,,,,,,
297,,,,,,,,,,,,82.0,98.0,88.0,76.0,91.0,83.0,92.0,94.0,98.0,90.0,90.0,,,,,,,,,,,
298,,,,,,,,,,,,98.0,97.0,97.0,97.0,96.0,98.0,99.0,98.0,98.0,97.0,97.0,,,,,,,,,,,
300,,,,,,,,,,,,50.0,95.0,94.0,94.0,96.0,100.0,100.0,98.0,98.0,100.0,98.0,,,,,,,,,,,
301,,,,,,,,,,,,84.0,70.0,56.0,52.0,63.0,53.0,49.0,47.0,79.0,76.0,79.0,,,,,,,,,,,
302,,,,,,,,,,,,100.0,100.0,100.0,100.0,100.0,100.0,100.0,100.0,100.0,100.0,100.0,,,,,,,,,,,
303,,,,,,,,,,,,100.0,100.0,100.0,100.0,100.0,100.0,100.0,100.0,100.0,100.0,100.0,,,,,,,,,,,
304,,,,,,,,,,,,98.0,99.0,100.0,98.0,98.0,98.0,99.0,98.0,99.0,99.0,97.0,,,,,,,,,,,
305,,,,,,,,,,,,100.0,100.0,100.0,100.0,100.0,100.0,100.0,100.0,100.0,100.0,100.0,,,,,,,,,,,
306,,,,,,,,,,,,100.0,100.0,100.0,100.0,100.0,100.0,100.0,100.0,100.0,100.0,100.0,,,,,,,,,,,
307,,,,,,,,,,,,80.0,90.0,90.0,91.0,83.0,76.0,88.0,88.0,83.0,84.0,74.0,,,,,,,,,,,
309,,,,,,,,,,,,99.0,100.0,99.0,98.0,98.0,98.0,98.0,100.0,98.0,94.0,100.0,,,,,,,,,,,
310,,,,,,,,,,,,86.0,71.0,79.0,73.0,85.0,77.0,78.0,81.0,80.0,72.0,77.0,,,,,,,,,,,
311,,,,,,,,,,,,100.0,100.0,100.0,100.0,100.0,100.0,100.0,100.0,100.0,100.0,100.0,,,,,,,,,,,
312,,,,,,,,,,,,100.0,100.0,100.0,100.0,100.0,100.0,100.0,100.0,100.0,100.0,100.0,,,,,,,,,,,
313,,,,,,,,,,,,100.0,99.0,100.0,100.0,100.0,100.0,100.0,100.0,100.0,100.0,100.0,,,,,,,,,,,
314,,,,,,,,,,,,84.0,100.0,92.0,95.0,91.0,86.0,92.0,95.0,89.0,84.0,95.0,,,,,,,,,,,
315,,,,,,,,,,,,51.0,84.0,100.0,100.0,100.0,100.0,100.0,99.0,100.0,100.0,99.0,,,,,,,,,,,
318,,,,,,,,,,,,100.0,100.0,100.0,100.0,100.0,100.0,100.0,100.0,100.0,99.0,100.0,,,,,,,,,,,
319,,,,,,,,,,,,50.0,70.0,85.0,80.0,70.0,90.0,81.0,85.0,87.0,65.0,82.0,,,,,,,,,,,
320,,,,,,,,,,,,85.0,100.0,90.0,100.0,100.0,100.0,100.0,99.0,100.0,100.0,100.0,,,,,,,,,,,
321,,,,,,,,,,,,100.0,100.0,100.0,99.0,100.0,69.0,100.0,48.0,100.0,100.0,100.0,,,,,,,,,,,
322,,,,,,,,,,,,69.0,73.0,71.0,79.0,51.0,44.0,72.0,75.0,82.0,60.0,29.0,,,,,,,,,,,
323,,,,,,,,,,,,96.0,85.0,94.0,88.0,89.0,93.0,92.0,98.0,97.0,100.0,87.0,,,,,,,,,,,
324,,,,,,,,,,,,100.0,100.0,100.0,100.0,100.0,100.0,100.0,100.0,100.0,100.0,100.0,,,,,,,,,,,
325,,,,,,,,,,,,100.0,100.0,100.0,100.0,100.0,100.0,100.0,100.0,100.0,72.0,100.0,,,,,,,,,,,
327,,,,,,,,,,,,100.0,100.0,100.0,100.0,95.0,100.0,100.0,15.0,93.0,100.0,100.0,,,,,,,,,,,
328,,,,,,,,,,,,58.0,53.0,55.0,53.0,64.0,63.0,67.0,57.0,73.0,70.0,71.0,,,,,,,,,,,
329,,,,,,,,,,,,74.0,77.0,75.0,77.0,79.0,79.0,77.0,85.0,76.0,80.0,75.0,,,,,,,,,,,
330,,,,,,,,,,,,100.0,100.0,100.0,100.0,100.0,90.0,100.0,80.0,100.0,81.0,100.0,,,,,,,,,,,
331,,,,,,,,,,,,84.0,78.0,81.0,78.0,74.0,77.0,77.0,71.0,78.0,79.0,75.0,,,,,,,,,,,
332,,,,,,,,,,,,100.0,100.0,100.0,100.0,100.0,100.0,100.0,100.0,100.0,100.0,100.0,,,,,,,,,,,
333,,,,,,,,,,,,100.0,100.0,100.0,100.0,100.0,100.0,100.0,100.0,100.0,100.0,100.0,,,,,,,,,,,
334,,,,,,,,,,,,93.0,70.0,82.0,66.0,76.0,73.0,80.0,92.0,87.0,88.0,80.0,,,,,,,,,,,
335,,,,,,,,,,,,100.0,83.0,88.0,86.0,83.0,80.0,79.0,85.0,85.0,87.0,88.0,,,,,,,,,,,
336,,,,,,,,,,,,100.0,100.0,100.0,100.0,100.0,100.0,100.0,100.0,100.0,100.0,100.0,,,,,,,,,,,
337,,,,,,,,,,,,100.0,100.0,100.0,100.0,100.0,100.0,100.0,100.0,100.0,100.0,100.0,,,,,,,,,,,
338,,,,,,,,,,,,100.0,100.0,100.0,100.0,100.0,100.0,100.0,100.0,100.0,100.0,100.0,,,,,,,,,,,
339,,,,,,,,,,,,100.0,95.0,100.0,100.0,79.0,100.0,100.0,100.0,100.0,64.0,100.0,,,,,,,,,,,
340,,,,,,,,,,,,100.0,100.0,100.0,100.0,100.0,100.0,100.0,100.0,100.0,77.0,100.0,,,,,,,,,,,
341,,,,,,,,,,,,75.0,85.0,85.0,85.0,85.0,85.0,85.0,85.0,75.0,75.0,75.0,,,,,,,,,,,
342,,,,,,,,,,,,100.0,100.0,100.0,100.0,100.0,100.0,100.0,100.0,100.0,100.0,100.0,,,,,,,,,,,
343,,,,,,,,,,,,100.0,100.0,100.0,100.0,100.0,100.0,100.0,100.0,100.0,99.0,100.0,,,,,,,,,,,
344,,,,,,,,,,,,36.0,91.0,83.0,100.0,100.0,100.0,94.0,97.0,95.0,90.0,98.0,,,,,,,,,,,
345,,,,,,,,,,,,100.0,100.0,100.0,100.0,100.0,100.0,100.0,100.0,100.0,100.0,100.0,,,,,,,,,,,
346,,,,,,,,,,,,60.0,80.0,90.0,46.0,26.0,80.0,88.0,67.0,91.0,29.0,92.0,,,,,,,,,,,
347,,,,,,,,,,,,82.0,85.0,90.0,93.0,76.0,98.0,88.0,86.0,95.0,59.0,72.0,,,,,,,,,,,
348,,,,,,,,,,,,100.0,100.0,80.0,100.0,75.0,80.0,100.0,100.0,100.0,85.0,80.0,,,,,,,,,,,
350,,,,,,,,,,,,100.0,100.0,100.0,87.0,97.0,100.0,100.0,93.0,100.0,100.0,93.0,,,,,,,,,,,
351,,,,,,,,,,,,100.0,100.0,100.0,100.0,100.0,100.0,100.0,100.0,100.0,100.0,100.0,,,,,,,,,,,
352,,,,,,,,,,,,80.0,70.0,76.0,90.0,86.0,91.0,74.0,86.0,77.0,82.0,67.0,,,,,,,,,,,
353,,,,,,,,,,,,83.0,95.0,94.0,95.0,97.0,95.0,100.0,100.0,87.0,95.0,91.0,,,,,,,,,,,
354,,,,,,,,,,,,72.0,93.0,98.0,92.0,95.0,88.0,94.0,91.0,94.0,83.0,87.0,,,,,,,,,,,
355,,,,,,,,,,,,77.0,100.0,91.0,100.0,100.0,100.0,100.0,100.0,100.0,100.0,100.0,,,,,,,,,,,
356,,,,,,,,,,,,67.0,95.0,92.0,100.0,83.0,97.0,89.0,84.0,94.0,87.0,91.0,,,,,,,,,,,
357,,,,,,,,,,,,100.0,99.0,99.0,100.0,98.0,99.0,98.0,94.0,97.0,98.0,98.0,,,,,,,,,,,
358,,,,,,,,,,,,100.0,100.0,100.0,93.0,96.0,100.0,100.0,86.0,99.0,100.0,83.0,,,,,,,,,,,
359,,,,,,,,,,,,95.0,95.0,97.0,97.0,100.0,97.0,100.0,97.0,100.0,97.0,100.0,,,,,,,,,,,
360,,,,,,,,,,,,81.0,92.0,91.0,92.0,94.0,95.0,92.0,92.0,91.0,90.0,92.0,,,,,,,,,,,
361,,,,,,,,,,,,100.0,100.0,100.0,100.0,52.0,9.0,100.0,100.0,57.0,51.0,25.0,,,,,,,,,,,
362,,,,,,,,,,,,77.0,74.0,79.0,65.0,80.0,73.0,76.0,84.0,77.0,72.0,74.0,,,,,,,,,,,
363,,,,,,,,,,,,93.0,92.0,49.0,100.0,100.0,52.0,97.0,100.0,100.0,76.0,100.0,,,,,,,,,,,
365,,,,,,,,,,,,100.0,100.0,100.0,80.0,90.0,100.0,100.0,100.0,100.0,100.0,100.0,,,,,,,,,,,
366,,,,,,,,,,,,77.0,80.0,77.0,76.0,78.0,77.0,81.0,78.0,77.0,77.0,86.0,,,,,,,,,,,
367,,,,,,,,,,,,98.0,98.0,98.0,98.0,97.0,98.0,99.0,97.0,98.0,98.0,99.0,,,,,,,,,,,
368,,,,,,,,,,,,98.0,97.0,96.0,93.0,97.0,95.0,97.0,94.0,97.0,98.0,97.0,,,,,,,,,,,
369,,,,,,,,,,,,100.0,60.0,100.0,100.0,88.0,84.0,100.0,100.0,100.0,100.0,93.0,,,,,,,,,,,
370,,,,,,,,,,,,70.0,90.0,85.0,80.0,72.0,81.0,90.0,90.0,84.0,75.0,80.0,,,,,,,,,,,
371,,,,,,,,,,,,100.0,100.0,100.0,100.0,100.0,100.0,100.0,100.0,100.0,100.0,100.0,,,,,,,,,,,
372,,,,,,,,,,,,100.0,100.0,100.0,100.0,100.0,100.0,100.0,99.0,100.0,100.0,100.0,,,,,,,,,,,
373,,,,,,,,,,,,70.0,100.0,100.0,100.0,100.0,100.0,100.0,100.0,100.0,100.0,100.0,,,,,,,,,,,
374,,,,,,,,,,,,100.0,100.0,100.0,100.0,100.0,100.0,100.0,100.0,100.0,100.0,100.0,,,,,,,,,,,
375,,,,,,,,,,,,100.0,100.0,100.0,74.0,100.0,100.0,100.0,100.0,100.0,100.0,100.0,,,,,,,,,,,
376,,,,,,,,,,,,100.0,100.0,100.0,100.0,100.0,100.0,100.0,100.0,100.0,100.0,100.0,,,,,,,,,,,
377,,,,,,,,,,,,99.0,95.0,100.0,100.0,100.0,88.0,96.0,100.0,100.0,99.0,89.0,,,,,,,,,,,
378,,,,,,,,,,,,100.0,100.0,100.0,100.0,100.0,100.0,100.0,100.0,100.0,100.0,100.0,,,,,,,,,,,
379,,,,,,,,,,,,80.0,90.0,91.0,94.0,90.0,92.0,92.0,91.0,94.0,93.0,95.0,,,,,,,,,,,
380,,,,,,,,,,,,100.0,100.0,100.0,100.0,100.0,100.0,100.0,100.0,100.0,100.0,100.0,,,,,,,,,,,
381,,,,,,,,,,,,71.0,91.0,100.0,100.0,100.0,100.0,100.0,100.0,100.0,100.0,100.0,,,,,,,,,,,
382,,,,,,,,,,,,94.0,89.0,100.0,100.0,100.0,100.0,100.0,100.0,100.0,98.0,100.0,,,,,,,,,,,
383,,,,,,,,,,,,85.0,83.0,83.0,80.0,68.0,82.0,83.0,61.0,59.0,65.0,68.0,,,,,,,,,,,
384,,,,,,,,,,,,55.0,69.0,89.0,89.0,83.0,75.0,94.0,86.0,64.0,88.0,62.0,,,,,,,,,,,
385,,,,,,,,,,,,80.0,100.0,100.0,100.0,100.0,100.0,100.0,100.0,100.0,100.0,100.0,,,,,,,,,,,
386,,,,,,,,,,,,80.0,92.0,98.0,90.0,100.0,100.0,98.0,96.0,100.0,100.0,100.0,,,,,,,,,,,
388,,,,,,,,,,,,87.0,95.0,96.0,95.0,91.0,96.0,93.0,99.0,96.0,97.0,90.0,,,,,,,,,,,
391,,,,,,,,,,,,84.0,99.0,100.0,99.0,96.0,98.0,99.0,98.0,100.0,100.0,100.0,,,,,,,,,,,
392,,,,,,,,,,,,70.0,59.0,57.0,48.0,33.0,51.0,30.0,26.0,30.0,26.0,32.0,,,,,,,,,,,
393,,,,,,,,,,,,100.0,100.0,100.0,100.0,100.0,100.0,100.0,100.0,100.0,100.0,100.0,,,,,,,,,,,
394,,,,,,,,,,,,95.0,94.0,81.0,85.0,85.0,100.0,87.0,92.0,89.0,96.0,88.0,,,,,,,,,,,
395,,,,,,,,,,,,100.0,100.0,100.0,100.0,100.0,100.0,100.0,100.0,100.0,100.0,100.0,,,,,,,,,,,
396,,,,,,,,,,,,88.0,97.0,100.0,94.0,97.0,69.0,90.0,99.0,100.0,98.0,81.0,,,,,,,,,,,
397,,,,,,,,,,,,100.0,100.0,100.0,100.0,100.0,100.0,100.0,100.0,100.0,100.0,100.0,,,,,,,,,,,
398,,,,,,,,,,,,100.0,84.0,90.0,75.0,86.0,83.0,89.0,96.0,85.0,100.0,100.0,,,,,,,,,,,
400,,,,,,,,,,,,82.0,91.0,79.0,93.0,91.0,90.0,84.0,93.0,89.0,84.0,100.0,,,,,,,,,,,
401,,,,,,,,,,,,60.0,98.0,100.0,72.0,67.0,87.0,96.0,82.0,39.0,78.0,62.0,,,,,,,,,,,
402,,,,,,,,,,,,61.0,82.0,87.0,80.0,85.0,57.0,63.0,74.0,78.0,78.0,46.0,,,,,,,,,,,
403,,,,,,,,,,,,100.0,100.0,100.0,100.0,100.0,100.0,100.0,100.0,97.0,100.0,100.0,,,,,,,,,,,
404,,,,,,,,,,,,100.0,100.0,100.0,100.0,100.0,100.0,100.0,100.0,100.0,100.0,100.0,,,,,,,,,,,
405,,,,,,,,,,,,,,,,,,,,,,,100.0,100.0,99.0,100.0,100.0,100.0,100.0,100.0,100.0,100.0,100.0
406,,,,,,,,,,,,,,,,,,,,,,,100.0,100.0,100.0,100.0,100.0,100.0,100.0,98.0,100.0,100.0,100.0
407,,,,,,,,,,,,,,,,,,,,,,,100.0,100.0,100.0,100.0,100.0,100.0,100.0,100.0,100.0,100.0,100.0
408,,,,,,,,,,,,,,,,,,,,,,,97.0,99.0,99.0,98.0,97.0,99.0,97.0,97.0,95.0,96.0,97.0
409,,,,,,,,,,,,,,,,,,,,,,,100.0,100.0,100.0,100.0,100.0,100.0,100.0,100.0,100.0,100.0,100.0
410,,,,,,,,,,,,,,,,,,,,,,,85.0,92.0,89.0,76.0,97.0,76.0,87.0,62.0,88.0,82.0,86.0
411,,,,,,,,,,,,,,,,,,,,,,,55.0,59.0,46.0,76.0,66.0,54.0,65.0,69.0,66.0,91.0,57.0
412,,,,,,,,,,,,,,,,,,,,,,,100.0,77.0,98.0,100.0,100.0,100.0,100.0,97.0,100.0,100.0,100.0
413,,,,,,,,,,,,,,,,,,,,,,,100.0,100.0,100.0,100.0,100.0,100.0,100.0,100.0,100.0,100.0,100.0
414,,,,,,,,,,,,,,,,,,,,,,,62.0,52.0,56.0,61.0,69.0,75.0,56.0,48.0,62.0,66.0,54.0
415,,,,,,,,,,,,,,,,,,,,,,,100.0,100.0,100.0,100.0,100.0,100.0,100.0,100.0,100.0,100.0,100.0
416,,,,,,,,,,,,,,,,,,,,,,,100.0,100.0,100.0,100.0,100.0,100.0,100.0,100.0,100.0,100.0,100.0
417,,,,,,,,,,,,,,,,,,,,,,,98.0,99.0,98.0,97.0,98.0,99.0,97.0,98.0,99.0,98.0,99.0
418,,,,,,,,,,,,,,,,,,,,,,,100.0,100.0,100.0,100.0,100.0,100.0,100.0,100.0,100.0,100.0,100.0
419,,,,,,,,,,,,,,,,,,,,,,,43.0,72.0,58.0,61.0,58.0,66.0,67.0,54.0,60.0,69.0,71.0
420,,,,,,,,,,,,,,,,,,,,,,,100.0,100.0,100.0,100.0,100.0,100.0,100.0,100.0,100.0,100.0,100.0
421,,,,,,,,,,,,,,,,,,,,,,,95.0,87.0,84.0,93.0,84.0,93.0,81.0,88.0,78.0,94.0,94.0
422,,,,,,,,,,,,,,,,,,,,,,,90.0,45.0,45.0,40.0,58.0,46.0,69.0,59.0,64.0,66.0,65.0
423,,,,,,,,,,,,,,,,,,,,,,,47.0,44.0,71.0,46.0,53.0,83.0,64.0,67.0,53.0,78.0,63.0
424,,,,,,,,,,,,,,,,,,,,,,,100.0,92.0,100.0,100.0,100.0,100.0,100.0,100.0,100.0,100.0,100.0
425,,,,,,,,,,,,,,,,,,,,,,,100.0,100.0,100.0,100.0,100.0,100.0,100.0,100.0,100.0,100.0,100.0
426,,,,,,,,,,,,,,,,,,,,,,,100.0,100.0,100.0,100.0,100.0,100.0,100.0,100.0,100.0,100.0,100.0
427,,,,,,,,,,,,,,,,,,,,,,,100.0,100.0,100.0,100.0,100.0,100.0,100.0,100.0,98.0,100.0,100.0
428,,,,,,,,,,,,,,,,,,,,,,,100.0,100.0,100.0,100.0,100.0,100.0,100.0,100.0,100.0,100.0,100.0
429,,,,,,,,,,,,,,,,,,,,,,,40.0,77.0,85.0,69.0,100.0,84.0,100.0,100.0,77.0,57.0,100.0
430,,,,,,,,,,,,,,,,,,,,,,,99.0,99.0,99.0,98.0,100.0,100.0,100.0,98.0,100.0,100.0,100.0
431,,,,,,,,,,,,,,,,,,,,,,,91.0,100.0,100.0,98.0,98.0,98.0,97.0,99.0,99.0,100.0,99.0
432,,,,,,,,,,,,,,,,,,,,,,,97.0,99.0,100.0,100.0,32.0,50.0,69.0,75.0,62.0,88.0,68.0
433,,,,,,,,,,,,,,,,,,,,,,,100.0,100.0,1.0,2.0,100.0,62.0,100.0,3.0,50.0,100.0,100.0
434,,,,,,,,,,,,,,,,,,,,,,,100.0,100.0,80.0,100.0,70.0,100.0,50.0,100.0,100.0,1.0,100.0
435,,,,,,,,,,,,,,,,,,,,,,,100.0,99.0,98.0,99.0,97.0,100.0,100.0,98.0,96.0,100.0,100.0
436,,,,,,,,,,,,,,,,,,,,,,,61.0,67.0,83.0,87.0,81.0,67.0,80.0,48.0,73.0,94.0,77.0
437,,,,,,,,,,,,,,,,,,,,,,,69.0,71.0,75.0,80.0,76.0,88.0,78.0,95.0,87.0,78.0,81.0
438,,,,,,,,,,,,,,,,,,,,,,,86.0,87.0,88.0,86.0,84.0,83.0,84.0,83.0,84.0,86.0,83.0
439,,,,,,,,,,,,,,,,,,,,,,,100.0,100.0,100.0,100.0,100.0,100.0,100.0,100.0,100.0,100.0,100.0
440,,,,,,,,,,,,,,,,,,,,,,,99.0,100.0,98.0,100.0,100.0,98.0,98.0,98.0,98.0,100.0,100.0
441,,,,,,,,,,,,,,,,,,,,,,,75.0,70.0,80.0,68.0,63.0,56.0,53.0,54.0,50.0,71.0,74.0
442,,,,,,,,,,,,,,,,,,,,,,,100.0,100.0,100.0,100.0,100.0,100.0,88.0,100.0,100.0,100.0,100.0
443,,,,,,,,,,,,,,,,,,,,,,,71.0,100.0,100.0,100.0,100.0,100.0,100.0,100.0,100.0,100.0,100.0
444,,,,,,,,,,,,,,,,,,,,,,,100.0,100.0,100.0,100.0,98.0,95.0,99.0,99.0,93.0,97.0,97.0
445,,,,,,,,,,,,,,,,,,,,,,,100.0,100.0,100.0,100.0,100.0,100.0,100.0,100.0,100.0,100.0,100.0
446,,,,,,,,,,,,,,,,,,,,,,,100.0,100.0,100.0,100.0,100.0,100.0,100.0,100.0,100.0,100.0,100.0
447,,,,,,,,,,,,,,,,,,,,,,,100.0,100.0,100.0,100.0,100.0,100.0,66.0,95.0,100.0,100.0,100.0
448,,,,,,,,,,,,,,,,,,,,,,,100.0,100.0,100.0,100.0,100.0,100.0,100.0,100.0,100.0,100.0,100.0
449,,,,,,,,,,,,,,,,,,,,,,,100.0,100.0,100.0,100.0,100.0,100.0,100.0,100.0,100.0,100.0,100.0
450,,,,,,,,,,,,,,,,,,,,,,,100.0,100.0,100.0,100.0,100.0,100.0,80.0,100.0,100.0,100.0,100.0
451,,,,,,,,,,,,,,,,,,,,,,,99.0,100.0,98.0,98.0,99.0,100.0,99.0,98.0,98.0,95.0,98.0
452,,,,,,,,,,,,,,,,,,,,,,,98.0,98.0,97.0,99.0,98.0,97.0,99.0,100.0,98.0,100.0,98.0
453,,,,,,,,,,,,,,,,,,,,,,,77.0,76.0,86.0,82.0,70.0,74.0,72.0,90.0,75.0,68.0,70.0
454,,,,,,,,,,,,,,,,,,,,,,,100.0,100.0,100.0,100.0,100.0,100.0,100.0,100.0,100.0,99.0,100.0
455,,,,,,,,,,,,,,,,,,,,,,,61.0,7.0,100.0,1.0,10.0,40.0,35.0,22.0,18.0,32.0,24.0
456,,,,,,,,,,,,,,,,,,,,,,,98.0,99.0,100.0,97.0,99.0,98.0,98.0,99.0,100.0,99.0,98.0
457,,,,,,,,,,,,,,,,,,,,,,,100.0,100.0,100.0,100.0,100.0,100.0,87.0,100.0,100.0,100.0,100.0
458,,,,,,,,,,,,,,,,,,,,,,,44.0,63.0,47.0,44.0,32.0,50.0,61.0,47.0,33.0,41.0,66.0
459,,,,,,,,,,,,,,,,,,,,,,,100.0,100.0,100.0,100.0,100.0,100.0,100.0,100.0,100.0,100.0,100.0
460,,,,,,,,,,,,,,,,,,,,,,,100.0,100.0,100.0,100.0,100.0,100.0,100.0,100.0,100.0,100.0,100.0
461,,,,,,,,,,,,,,,,,,,,,,,54.0,65.0,43.0,77.0,68.0,70.0,70.0,61.0,65.0,81.0,76.0
462,,,,,,,,,,,,,,,,,,,,,,,100.0,99.0,99.0,100.0,42.0,93.0,98.0,100.0,97.0,93.0,94.0
463,,,,,,,,,,,,,,,,,,,,,,,79.0,79.0,75.0,54.0,75.0,66.0,59.0,60.0,65.0,69.0,62.0
464,,,,,,,,,,,,,,,,,,,,,,,67.0,83.0,73.0,100.0,100.0,100.0,100.0,100.0,100.0,100.0,100.0
465,,,,,,,,,,,,,,,,,,,,,,,53.0,48.0,51.0,47.0,50.0,45.0,52.0,42.0,35.0,47.0,52.0
466,,,,,,,,,,,,,,,,,,,,,,,100.0,100.0,100.0,100.0,100.0,100.0,100.0,100.0,100.0,100.0,100.0
467,,,,,,,,,,,,,,,,,,,,,,,100.0,100.0,100.0,100.0,100.0,100.0,100.0,100.0,100.0,100.0,100.0
468,,,,,,,,,,,,,,,,,,,,,,,100.0,100.0,97.0,100.0,100.0,100.0,99.0,100.0,100.0,100.0,100.0
469,,,,,,,,,,,,,,,,,,,,,,,100.0,100.0,100.0,100.0,100.0,100.0,100.0,100.0,100.0,100.0,100.0
470,,,,,,,,,,,,,,,,,,,,,,,56.0,56.0,63.0,61.0,67.0,69.0,58.0,69.0,62.0,63.0,65.0
471,,,,,,,,,,,,,,,,,,,,,,,100.0,100.0,100.0,100.0,100.0,100.0,100.0,100.0,100.0,100.0,100.0
472,,,,,,,,,,,,,,,,,,,,,,,100.0,100.0,100.0,100.0,100.0,100.0,100.0,100.0,100.0,100.0,100.0
473,,,,,,,,,,,,,,,,,,,,,,,97.0,97.0,98.0,93.0,97.0,92.0,96.0,94.0,94.0,95.0,98.0
474,,,,,,,,,,,,,,,,,,,,,,,66.0,69.0,68.0,73.0,84.0,68.0,62.0,84.0,62.0,69.0,80.0
475,,,,,,,,,,,,,,,,,,,,,,,100.0,100.0,80.0,100.0,100.0,100.0,70.0,80.0,80.0,80.0,60.0
476,,,,,,,,,,,,,,,,,,,,,,,100.0,100.0,100.0,100.0,100.0,100.0,100.0,100.0,100.0,100.0,100.0
477,,,,,,,,,,,,,,,,,,,,,,,100.0,100.0,100.0,100.0,100.0,100.0,100.0,100.0,100.0,100.0,100.0
478,,,,,,,,,,,,,,,,,,,,,,,93.0,90.0,87.0,94.0,90.0,86.0,92.0,92.0,77.0,91.0,91.0
479,,,,,,,,,,,,,,,,,,,,,,,33.0,100.0,100.0,100.0,100.0,100.0,100.0,100.0,100.0,100.0,100.0
480,,,,,,,,,,,,,,,,,,,,,,,96.0,94.0,92.0,96.0,93.0,90.0,90.0,92.0,94.0,95.0,95.0
481,,,,,,,,,,,,,,,,,,,,,,,100.0,100.0,100.0,100.0,100.0,100.0,100.0,100.0,100.0,100.0,100.0
483,,,,,,,,,,,,,,,,,,,,,,,100.0,96.0,95.0,94.0,99.0,93.0,96.0,95.0,93.0,93.0,94.0
484,,,,,,,,,,,,,,,,,,,,,,,96.0,97.0,98.0,98.0,97.0,99.0,98.0,98.0,97.0,98.0,98.0
485,,,,,,,,,,,,,,,,,,,,,,,100.0,100.0,100.0,100.0,100.0,100.0,100.0,100.0,100.0,100.0,100.0
486,,,,,,,,,,,,,,,,,,,,,,,100.0,100.0,100.0,100.0,100.0,100.0,100.0,100.0,100.0,100.0,100.0
487,,,,,,,,,,,,,,,,,,,,,,,100.0,100.0,100.0,88.0,100.0,100.0,23.0,10.0,89.0,100.0,100.0
488,,,,,,,,,,,,,,,,,,,,,,,86.0,81.0,82.0,82.0,80.0,70.0,38.0,75.0,72.0,69.0,80.0
489,,,,,,,,,,,,,,,,,,,,,,,100.0,100.0,100.0,100.0,100.0,100.0,99.0,100.0,100.0,98.0,100.0
490,,,,,,,,,,,,,,,,,,,,,,,95.0,93.0,100.0,98.0,100.0,99.0,68.0,85.0,71.0,98.0,100.0
491,,,,,,,,,,,,,,,,,,,,,,,94.0,80.0,95.0,88.0,84.0,87.0,91.0,69.0,85.0,83.0,88.0
492,,,,,,,,,,,,,,,,,,,,,,,100.0,100.0,100.0,100.0,100.0,100.0,100.0,100.0,100.0,100.0,100.0
493,,,,,,,,,,,,,,,,,,,,,,,45.0,62.0,27.0,39.0,34.0,38.0,14.0,14.0,65.0,53.0,29.0
494,,,,,,,,,,,,,,,,,,,,,,,100.0,100.0,100.0,100.0,100.0,100.0,70.0,100.0,100.0,100.0,100.0
495,,,,,,,,,,,,,,,,,,,,,,,89.0,90.0,93.0,100.0,100.0,63.0,42.0,56.0,99.0,68.0,71.0
496,,,,,,,,,,,,,,,,,,,,,,,61.0,100.0,71.0,100.0,30.0,100.0,2.0,66.0,82.0,9.0,31.0
497,,,,,,,,,,,,,,,,,,,,,,,97.0,93.0,97.0,97.0,94.0,96.0,96.0,99.0,97.0,97.0,94.0
498,,,,,,,,,,,,,,,,,,,,,,,32.0,64.0,57.0,29.0,35.0,14.0,46.0,36.0,32.0,27.0,34.0
499,,,,,,,,,,,,,,,,,,,,,,,100.0,100.0,100.0,100.0,100.0,100.0,100.0,100.0,100.0,100.0,100.0
500,,,,,,,,,,,,,,,,,,,,,,,83.0,72.0,79.0,84.0,88.0,84.0,75.0,85.0,83.0,78.0,89.0
501,,,,,,,,,,,,,,,,,,,,,,,81.0,75.0,81.0,88.0,78.0,90.0,90.0,83.0,79.0,92.0,86.0
502,,,,,,,,,,,,,,,,,,,,,,,92.0,88.0,92.0,99.0,94.0,85.0,91.0,91.0,95.0,95.0,96.0
503,,,,,,,,,,,,,,,,,,,,,,,92.0,100.0,97.0,99.0,99.0,98.0,96.0,96.0,97.0,100.0,98.0
504,,,,,,,,,,,,,,,,,,,,,,,96.0,94.0,89.0,92.0,88.0,79.0,91.0,100.0,93.0,95.0,94.0
505,,,,,,,,,,,,,,,,,,,,,,,77.0,89.0,93.0,87.0,89.0,90.0,93.0,96.0,96.0,100.0,100.0
507,,,,,,,,,,,,,,,,,,,,,,,99.0,100.0,100.0,100.0,100.0,100.0,100.0,99.0,98.0,100.0,99.0
508,,,,,,,,,,,,,,,,,,,,,,,97.0,97.0,99.0,98.0,100.0,98.0,98.0,99.0,100.0,98.0,100.0
509,,,,,,,,,,,,,,,,,,,,,,,54.0,65.0,49.0,55.0,56.0,21.0,74.0,68.0,69.0,61.0,70.0
510,,,,,,,,,,,,,,,,,,,,,,,100.0,100.0,100.0,100.0,100.0,100.0,100.0,100.0,100.0,100.0,100.0
511,,,,,,,,,,,,,,,,,,,,,,,88.0,82.0,93.0,93.0,100.0,85.0,80.0,93.0,85.0,93.0,96.0
512,,,,,,,,,,,,,,,,,,,,,,,100.0,100.0,100.0,100.0,100.0,100.0,100.0,100.0,100.0,100.0,100.0
513,,,,,,,,,,,,,,,,,,,,,,,100.0,100.0,100.0,100.0,100.0,100.0,100.0,100.0,100.0,100.0,100.0
514,,,,,,,,,,,,,,,,,,,,,,,100.0,86.0,100.0,100.0,100.0,100.0,100.0,100.0,100.0,100.0,100.0
515,,,,,,,,,,,,,,,,,,,,,,,70.0,68.0,70.0,72.0,65.0,56.0,57.0,59.0,64.0,58.0,57.0
516,,,,,,,,,,,,,,,,,,,,,,,100.0,90.0,90.0,90.0,99.0,100.0,97.0,83.0,46.0,100.0,100.0
517,,,,,,,,,,,,,,,,,,,,,,,90.0,100.0,100.0,100.0,100.0,100.0,100.0,100.0,100.0,100.0,96.0
518,,,,,,,,,,,,,,,,,,,,,,,100.0,100.0,100.0,100.0,100.0,100.0,100.0,100.0,100.0,100.0,100.0
519,,,,,,,,,,,,,,,,,,,,,,,78.0,77.0,67.0,85.0,73.0,56.0,33.0,52.0,64.0,77.0,70.0
520,,,,,,,,,,,,,,,,,,,,,,,89.0,94.0,91.0,94.0,94.0,88.0,92.0,91.0,92.0,97.0,95.0
521,,,,,,,,,,,,,,,,,,,,,,,98.0,98.0,99.0,98.0,99.0,97.0,99.0,98.0,97.0,99.0,99.0
522,,,,,,,,,,,,,,,,,,,,,,,98.0,97.0,98.0,98.0,98.0,99.0,99.0,97.0,98.0,99.0,98.0
523,,,,,,,,,,,,,,,,,,,,,,,96.0,94.0,97.0,94.0,97.0,97.0,96.0,98.0,99.0,100.0,99.0
524,,,,,,,,,,,,,,,,,,,,,,,83.0,76.0,51.0,55.0,69.0,69.0,51.0,47.0,74.0,59.0,75.0
525,,,,,,,,,,,,,,,,,,,,,,,90.0,80.0,100.0,100.0,100.0,100.0,100.0,86.0,100.0,100.0,100.0
526,,,,,,,,,,,,,,,,,,,,,,,100.0,100.0,100.0,100.0,100.0,100.0,45.0,100.0,100.0,100.0,100.0
527,,,,,,,,,,,,,,,,,,,,,,,100.0,100.0,97.0,99.0,98.0,98.0,99.0,97.0,100.0,98.0,100.0
528,,,,,,,,,,,,,,,,,,,,,,,100.0,100.0,100.0,100.0,100.0,100.0,100.0,100.0,100.0,100.0,100.0
529,,,,,,,,,,,,,,,,,,,,,,,99.0,99.0,98.0,100.0,99.0,99.0,100.0,100.0,100.0,100.0,100.0
530,,,,,,,,,,,,,,,,,,,,,,,100.0,100.0,100.0,100.0,100.0,51.0,34.0,53.0,100.0,58.0,41.0
531,,,,,,,,,,,,,,,,,,,,,,,100.0,100.0,100.0,100.0,100.0,100.0,100.0,100.0,100.0,100.0,100.0
532,,,,,,,,,,,,,,,,,,,,,,,93.0,95.0,98.0,96.0,97.0,100.0,98.0,96.0,97.0,99.0,96.0
533,,,,,,,,,,,,,,,,,,,,,,,100.0,100.0,100.0,100.0,100.0,100.0,100.0,100.0,100.0,100.0,100.0
534,,,,,,,,,,,,,,,,,,,,,,,66.0,90.0,80.0,100.0,9.0,88.0,100.0,5.0,100.0,100.0,100.0
535,,,,,,,,,,,,,,,,,,,,,,,100.0,100.0,100.0,100.0,100.0,100.0,100.0,100.0,100.0,100.0,100.0
536,,,,,,,,,,,,,,,,,,,,,,,75.0,79.0,68.0,84.0,94.0,88.0,90.0,67.0,92.0,99.0,94.0
537,,,,,,,,,,,,,,,,,,,,,,,77.0,80.0,76.0,68.0,76.0,69.0,75.0,78.0,89.0,82.0,72.0
538,,,,,,,,,,,,,,,,,,,,,,,98.0,98.0,99.0,98.0,99.0,98.0,97.0,100.0,98.0,99.0,98.0
539,,,,,,,,,,,,,,,,,,,,,,,100.0,100.0,100.0,100.0,100.0,100.0,100.0,100.0,100.0,100.0,100.0
540,,,,,,,,,,,,,,,,,,,,,,,81.0,82.0,100.0,100.0,100.0,100.0,100.0,66.0,100.0,100.0,100.0
541,,,,,,,,,,,,,,,,,,,,,,,100.0,100.0,100.0,100.0,100.0,100.0,100.0,100.0,100.0,100.0,100.0
543,,,,,,,,,,,,,,,,,,,,,,,77.0,66.0,66.0,67.0,79.0,79.0,81.0,79.0,85.0,79.0,83.0
544,,,,,,,,,,,,,,,,,,,,,,,72.0,60.0,89.0,83.0,89.0,68.0,69.0,71.0,67.0,78.0,68.0
545,,,,,,,,,,,,,,,,,,,,,,,100.0,100.0,100.0,100.0,100.0,100.0,100.0,100.0,100.0,100.0,100.0
546,,,,,,,,,,,,,,,,,,,,,,,100.0,100.0,100.0,100.0,100.0,100.0,100.0,100.0,100.0,100.0,97.0
547,,,,,,,,,,,,,,,,,,,,,,,100.0,100.0,100.0,100.0,100.0,100.0,100.0,100.0,100.0,100.0,100.0
548,,,,,,,,,,,,,,,,,,,,,,,73.0,62.0,52.0,61.0,60.0,40.0,56.0,45.0,61.0,61.0,42.0
551,,,,,,,,,,,,,,,,,,,,,,,76.0,81.0,82.0,58.0,69.0,79.0,68.0,75.0,64.0,82.0,76.0
552,,,,,,,,,,,,,,,,,,,,,,,64.0,52.0,69.0,89.0,99.0,89.0,81.0,70.0,77.0,95.0,50.0
553,,,,,,,,,,,,,,,,,,,,,,,65.0,69.0,70.0,54.0,47.0,86.0,73.0,86.0,80.0,80.0,87.0
554,,,,,,,,,,,,,,,,,,,,,,,58.0,47.0,50.0,50.0,46.0,34.0,81.0,73.0,55.0,51.0,39.0
555,,,,,,,,,,,,,,,,,,,,,,,100.0,100.0,100.0,100.0,72.0,100.0,100.0,100.0,100.0,100.0,100.0
556,,,,,,,,,,,,,,,,,,,,,,,100.0,100.0,100.0,100.0,100.0,100.0,100.0,100.0,100.0,100.0,100.0
557,,,,,,,,,,,,,,,,,,,,,,,75.0,72.0,69.0,74.0,58.0,67.0,55.0,69.0,46.0,75.0,69.0
558,,,,,,,,,,,,,,,,,,,,,,,75.0,100.0,100.0,100.0,100.0,100.0,100.0,100.0,100.0,100.0,100.0
559,,,,,,,,,,,,,,,,,,,,,,,52.0,56.0,28.0,60.0,49.0,57.0,69.0,55.0,50.0,58.0,54.0
560,,,,,,,,,,,,,,,,,,,,,,,64.0,55.0,69.0,69.0,70.0,57.0,70.0,74.0,64.0,70.0,70.0
561,,,,,,,,,,,,,,,,,,,,,,,89.0,79.0,76.0,74.0,73.0,85.0,76.0,84.0,76.0,85.0,75.0
562,,,,,,,,,,,,,,,,,,,,,,,65.0,90.0,70.0,100.0,100.0,100.0,55.0,100.0,100.0,100.0,100.0
563,,,,,,,,,,,,,,,,,,,,,,,85.0,80.0,78.0,75.0,77.0,82.0,83.0,81.0,84.0,77.0,73.0
564,,,,,,,,,,,,,,,,,,,,,,,90.0,74.0,85.0,79.0,81.0,84.0,91.0,90.0,83.0,78.0,80.0
565,,,,,,,,,,,,,,,,,,,,,,,100.0,100.0,100.0,100.0,100.0,100.0,100.0,100.0,100.0,100.0,100.0
566,,,,,,,,,,,,,,,,,,,,,,,78.0,82.0,46.0,85.0,83.0,69.0,54.0,80.0,85.0,88.0,82.0
567,,,,,,,,,,,,,,,,,,,,,,,94.0,95.0,97.0,95.0,95.0,93.0,95.0,97.0,95.0,95.0,94.0
568,,,,,,,,,,,,,,,,,,,,,,,98.0,95.0,98.0,97.0,97.0,95.0,97.0,87.0,97.0,97.0,100.0
569,,,,,,,,,,,,,,,,,,,,,,,80.0,75.0,70.0,80.0,90.0,90.0,70.0,80.0,80.0,90.0,80.0
570,,,,,,,,,,,,,,,,,,,,,,,100.0,100.0,84.0,100.0,100.0,100.0,74.0,100.0,71.0,100.0,100.0
571,,,,,,,,,,,,,,,,,,,,,,,100.0,100.0,100.0,100.0,100.0,100.0,100.0,100.0,100.0,100.0,100.0
572,,,,,,,,,,,,,,,,,,,,,,,99.0,100.0,100.0,100.0,100.0,100.0,100.0,100.0,100.0,100.0,100.0
573,,,,,,,,,,,,,,,,,,,,,,,100.0,100.0,100.0,100.0,100.0,100.0,100.0,100.0,100.0,100.0,100.0
574,,,,,,,,,,,,,,,,,,,,,,,100.0,78.0,100.0,75.0,75.0,71.0,82.0,84.0,72.0,99.0,83.0
575,,,,,,,,,,,,,,,,,,,,,,,69.0,80.0,42.0,96.0,80.0,76.0,86.0,90.0,86.0,91.0,92.0
576,,,,,,,,,,,,,,,,,,,,,,,100.0,100.0,100.0,89.0,100.0,100.0,100.0,92.0,100.0,100.0,100.0
577,,,,,,,,,,,,,,,,,,,,,,,58.0,87.0,87.0,93.0,89.0,93.0,89.0,87.0,94.0,92.0,93.0
578,,,,,,,,,,,,,,,,,,,,,,,100.0,100.0,100.0,100.0,100.0,100.0,100.0,100.0,100.0,100.0,100.0
579,,,,,,,,,,,,,,,,,,,,,,,93.0,82.0,99.0,96.0,97.0,84.0,91.0,99.0,88.0,99.0,88.0
580,,,,,,,,,,,,,,,,,,,,,,,100.0,40.0,70.0,59.0,74.0,87.0,37.0,39.0,47.0,79.0,43.0
581,,,,,,,,,,,,,,,,,,,,,,,37.0,65.0,52.0,71.0,77.0,33.0,75.0,21.0,48.0,55.0,95.0
582,,,,,,,,,,,,,,,,,,,,,,,98.0,98.0,99.0,99.0,98.0,98.0,98.0,98.0,98.0,100.0,97.0
583,,,,,,,,,,,,,,,,,,,,,,,50.0,55.0,54.0,32.0,47.0,69.0,56.0,56.0,79.0,51.0,57.0
584,,,,,,,,,,,,,,,,,,,,,,,100.0,100.0,100.0,100.0,100.0,100.0,100.0,100.0,100.0,100.0,100.0
585,,,,,,,,,,,,,,,,,,,,,,,81.0,68.0,88.0,73.0,62.0,68.0,67.0,80.0,77.0,79.0,80.0
586,,,,,,,,,,,,,,,,,,,,,,,76.0,62.0,67.0,61.0,63.0,72.0,66.0,70.0,57.0,70.0,62.0
587,,,,,,,,,,,,,,,,,,,,,,,88.0,92.0,76.0,82.0,86.0,63.0,79.0,78.0,63.0,59.0,82.0
588,,,,,,,,,,,,,,,,,,,,,,,77.0,84.0,72.0,60.0,84.0,77.0,71.0,90.0,87.0,72.0,77.0
589,,,,,,,,,,,,,,,,,,,,,,,100.0,100.0,100.0,100.0,100.0,100.0,100.0,100.0,100.0,100.0,100.0
590,,,,,,,,,,,,,,,,,,,,,,,100.0,70.0,40.0,50.0,50.0,50.0,50.0,100.0,70.0,60.0,80.0
591,,,,,,,,,,,,,,,,,,,,,,,83.0,67.0,37.0,21.0,49.0,50.0,40.0,75.0,81.0,22.0,86.0
592,,,,,,,,,,,,,,,,,,,,,,,78.0,83.0,79.0,91.0,82.0,82.0,82.0,63.0,100.0,95.0,78.0
593,,,,,,,,,,,,,,,,,,,,,,,100.0,100.0,89.0,97.0,58.0,81.0,81.0,69.0,74.0,100.0,51.0
594,,,,,,,,,,,,,,,,,,,,,,,82.0,86.0,85.0,85.0,90.0,87.0,88.0,83.0,82.0,86.0,72.0
595,,,,,,,,,,,,,,,,,,,,,,,100.0,100.0,84.0,100.0,100.0,100.0,60.0,100.0,100.0,100.0,100.0
596,,,,,,,,,,,,,,,,,,,,,,,100.0,98.0,100.0,100.0,100.0,100.0,100.0,97.0,100.0,100.0,100.0
597,,,,,,,,,,,,,,,,,,,,,,,100.0,79.0,90.0,100.0,100.0,91.0,93.0,93.0,100.0,100.0,100.0
598,,,,,,,,,,,,,,,,,,,,,,,100.0,100.0,100.0,100.0,100.0,100.0,100.0,100.0,100.0,100.0,100.0
599,,,,,,,,,,,,,,,,,,,,,,,100.0,100.0,100.0,100.0,100.0,100.0,100.0,100.0,100.0,100.0,100.0
600,,,,,,,,,,,,,,,,,,,,,,,0.0,12.0,100.0,100.0,72.0,100.0,82.0,98.0,100.0,100.0,100.0
601,,,,,,,,,,,,,,,,,,,,,,,81.0,82.0,72.0,80.0,83.0,49.0,76.0,66.0,78.0,85.0,75.0
602,,,,,,,,,,,,,,,,,,,,,,,56.0,90.0,76.0,76.0,81.0,77.0,85.0,81.0,97.0,91.0,73.0
603,,,,,,,,,,,,,,,,,,,,,,,100.0,100.0,100.0,100.0,100.0,100.0,100.0,100.0,93.0,97.0,100.0
604,,,,,,,,,,,,,,,,,,,,,,,87.0,95.0,96.0,100.0,94.0,100.0,91.0,93.0,100.0,96.0,94.0
605,,,,,,,,,,,,,,,,,,,,,,,98.0,98.0,99.0,99.0,98.0,99.0,98.0,98.0,98.0,85.0,85.0
606,,,,,,,,,,,,,,,,,,,,,,,84.0,75.0,78.0,78.0,78.0,89.0,90.0,100.0,88.0,100.0,84.0
607,,,,,,,,,,,,,,,,,,,,,,,100.0,100.0,100.0,100.0,100.0,100.0,100.0,100.0,99.0,100.0,100.0
609,,,,,,,,,,,,,,,,,,,,,,,100.0,100.0,100.0,100.0,100.0,100.0,100.0,100.0,99.0,100.0,100.0
610,,,,,,,,,,,,,,,,,,,,,,,100.0,100.0,100.0,99.0,100.0,100.0,100.0,100.0,100.0,100.0,100.0
611,,,,,,,,,,,,,,,,,,,,,,,99.0,97.0,97.0,98.0,97.0,98.0,69.0,97.0,90.0,100.0,100.0
612,,,,,,,,,,,,,,,,,,,,,,,100.0,100.0,100.0,100.0,100.0,100.0,100.0,100.0,100.0,100.0,100.0
613,,,,,,,,,,,,,,,,,,,,,,,100.0,100.0,100.0,100.0,100.0,100.0,100.0,100.0,100.0,100.0,100.0
614,,,,,,,,,,,,,,,,,,,,,,,100.0,100.0,84.0,97.0,55.0,65.0,30.0,41.0,60.0,54.0,53.0
615,,,,,,,,,,,,,,,,,,,,,,,98.0,100.0,100.0,99.0,98.0,98.0,98.0,100.0,99.0,99.0,98.0
616,,,,,,,,,,,,,,,,,,,,,,,100.0,100.0,100.0,100.0,100.0,100.0,100.0,100.0,100.0,100.0,100.0
617,,,,,,,,,,,,,,,,,,,,,,,80.0,97.0,100.0,60.0,25.0,46.0,100.0,100.0,100.0,100.0,100.0
618,,,,,,,,,,,,,,,,,,,,,,,72.0,91.0,86.0,82.0,89.0,77.0,47.0,61.0,81.0,86.0,86.0
619,,,,,,,,,,,,,,,,,,,,,,,100.0,100.0,100.0,100.0,100.0,100.0,100.0,100.0,100.0,100.0,100.0
620,,,,,,,,,,,,,,,,,,,,,,,89.0,69.0,80.0,71.0,39.0,70.0,58.0,54.0,89.0,81.0,79.0
622,,,,,,,,,,,,,,,,,,,,,,,49.0,40.0,59.0,47.0,45.0,50.0,39.0,55.0,57.0,52.0,46.0
623,,,,,,,,,,,,,,,,,,,,,,,100.0,100.0,100.0,100.0,100.0,100.0,100.0,100.0,100.0,100.0,100.0
624,,,,,,,,,,,,,,,,,,,,,,,50.0,52.0,23.0,57.0,77.0,68.0,59.0,64.0,20.0,69.0,61.0
625,,,,,,,,,,,,,,,,,,,,,,,54.0,60.0,47.0,42.0,58.0,58.0,69.0,59.0,68.0,53.0,51.0
626,,,,,,,,,,,,,,,,,,,,,,,64.0,59.0,76.0,42.0,44.0,58.0,41.0,62.0,73.0,100.0,78.0
