,Valence Evaluation,Equality,Activity Intensity,Socioemotional,Formality and Regulation,Intimacy,Visibility,Communal Sharing,Expected Reciprocity,Strategic,Concreteness,Uniqueness,Love Expression,Information Exchange,Money Exchange,Goods Exchange,Service Exchange,Attachment,Mating,Conflict,Negotiation,Coercion,Importance for society,Importance for individuals,Affiliation Coalition,Occupational,Activeness,Endurance,Synchronicity,Spatial Distance,Morality,Trust,Generation Gap
公公婆婆-媳妇,77.7,33.58064516129032,75.93939393939394,79.1875,32.629629629629626,71.79310344827586,71.88,75.9,45.65384615384615,20.24137931034483,43.81481481481482,72.77272727272727,77.58333333333333,81.32,29.620689655172413,19.96153846153846,42.5,69.38095238095238,43.1875,58.27272727272727,61.51724137931034,29.303030303030305,69.66666666666667,80.13793103448276,67.20833333333333,27.57692307692308,71.26666666666667,86.2258064516129,63.583333333333336,82.54838709677419,80.30434782608695,71.56666666666666,87.64516129032258
未婚夫-未婚妻,92.17241379310344,92.3913043478261,90.95454545454544,83.26666666666667,27.04,95.65384615384616,62.30769230769231,83.42307692307692,43.13636363636363,28.041666666666668,47.285714285714285,85.94594594594595,93.76470588235294,76.48484848484848,24.25925925925926,18.96153846153846,27.535714285714285,91.42857142857144,81.75,14.0,75.84210526315789,11.181818181818182,52.35714285714285,90.25925925925924,81.6,9.88888888888889,90.75,82.0,82.42857142857143,86.64285714285714,85.92857142857143,90.82352941176472,5.035714285714286
见义勇为者-受助者,82.25,80.59375,41.6875,72.4,41.483870967741936,36.58064516129032,80.36666666666666,73.22222222222223,40.03125,32.8,37.57142857142857,42.48717948717949,67.3,37.35714285714285,18.25925925925926,19.032258064516128,32.37931034482759,43.5625,13.555555555555555,13.642857142857142,31.95652173913044,17.0,89.46666666666667,72.14814814814815,54.06896551724138,15.333333333333334,57.92857142857143,11.724137931034482,72.5,49.6875,92.8181818181818,81.73076923076923,33.0
生意伙伴之间,64.25,74.77777777777777,52.23529411764706,21.46153846153846,73.41379310344827,41.03846153846154,80.20833333333333,28.20689655172414,92.82142857142856,78.0,73.80555555555556,41.09375,15.0625,76.875,95.21875,91.46428571428572,73.5,57.5945945945946,7.65,41.54545454545455,84.45454545454545,36.04761904761905,69.34615384615384,69.57575757575758,81.70967741935483,85.48387096774194,71.08,70.88,70.70967741935483,61.17391304347826,66.48275862068965,72.82758620689656,34.041666666666664
搭讪的人-被搭讪的人,57.57692307692308,73.57692307692308,17.59090909090909,57.94736842105263,25.33333333333333,26.56,55.08695652173913,40.73684210526316,28.346153846153847,56.19047619047619,46.035714285714285,31.25,51.523809523809526,50.93103448275862,28.291666666666668,30.5,24.25,27.714285714285715,45.90909090909091,27.65,32.869565217391305,38.73076923076923,11.592592592592592,35.09090909090909,22.818181818181817,22.2,39.1,11.6,51.03846153846154,40.6,39.03846153846154,12.55,17.25
中介-客户,80.48571428571428,47.55263157894737,34.22727272727273,13.515151515151516,77.16129032258064,25.7,80.10344827586206,17.41176470588235,79.70967741935483,92.8125,76.07692307692308,19.16,19.846153846153847,73.03846153846153,91.26923076923076,84.83870967741936,88.70833333333333,36.08,4.666666666666667,42.56666666666667,83.33333333333333,23.48148148148148,69.96551724137932,60.40625,51.73076923076923,83.60714285714286,72.11538461538461,24.451612903225808,62.66666666666666,58.86666666666667,60.8125,55.294117647058826,23.4
继子女之间,68.17241379310344,74.07142857142857,72.21739130434783,81.37037037037037,28.58620689655172,69.53571428571429,63.17857142857143,73.76923076923077,41.58620689655172,39.53333333333333,44.80769230769231,70.66666666666667,69.4375,77.11538461538461,26.0,16.78125,24.058823529411764,59.12,39.18181818181818,40.81481481481482,57.38235294117647,18.379310344827587,58.66666666666666,67.81481481481481,58.083333333333336,12.217391304347826,50.06896551724138,84.52,60.55172413793103,76.375,68.65217391304348,61.36,47.60714285714285
作家-评论家,63.96,63.53125,44.95454545454545,39.74193548387097,61.333333333333336,28.13157894736842,82.78571428571429,51.55172413793103,57.125,57.75,32.111111111111114,36.83870967741935,21.705882352941178,76.41935483870968,43.0,40.875,38.56666666666667,27.6,3.0,43.833333333333336,37.4,19.6896551724138,67.96551724137932,51.04545454545455,40.16666666666666,80.92307692307692,52.18518518518518,30.93103448275862,45.63636363636363,24.64,66.82352941176471,46.333333333333336,27.043478260869566
原配-第三者,10.3,39.48148148148148,38.25,69.82352941176471,11.708333333333334,20.473684210526315,17.0,24.214285714285715,18.15384615384616,64.5,32.30769230769231,67.33333333333333,23.64516129032258,36.851851851851855,48.92307692307692,36.41666666666666,19.875,16.73076923076923,48.34782608695652,90.35714285714286,33.523809523809526,62.30434782608695,18.681818181818183,22.703703703703702,9.61111111111111,11.590909090909092,24.214285714285715,37.91666666666666,28.92,37.333333333333336,18.25,24.666666666666668,23.46153846153846
敌人之间,7.041666666666667,70.375,41.1764705882353,38.16666666666666,40.94285714285714,7.481481481481482,50.25806451612903,9.91304347826087,31.428571428571427,79.84210526315789,36.35714285714285,48.46153846153846,10.476190476190476,15.8,35.58064516129032,28.774193548387096,6.09375,13.0,3.555555555555556,96.93103448275862,21.86206896551724,77.51851851851852,29.15625,38.79166666666666,4.260869565217392,29.13793103448276,37.82142857142857,48.51724137931034,39.48148148148148,38.17391304347826,18.0,7.62962962962963,25.47058823529412
雇主-雇员,76.36,23.625,42.47619047619048,22.548387096774192,86.72727272727273,33.972972972972975,82.43478260869566,32.30769230769231,82.625,74.88888888888889,85.65384615384616,27.285714285714285,27.23529411764705,74.25714285714285,95.55172413793105,80.92592592592592,91.5,43.94117647058823,11.22222222222222,45.45454545454545,66.57142857142857,49.4,78.38461538461539,67.70833333333333,74.34615384615384,88.34615384615384,57.729729729729726,57.310344827586206,69.68,78.81481481481481,67.07142857142857,64.12121212121212,47.44827586206897
律师-委托人,87.03225806451613,60.60714285714285,49.73333333333333,25.2972972972973,93.32352941176472,28.115384615384617,76.39285714285714,19.05263157894737,76.77777777777777,76.9,69.41666666666667,40.11111111111112,15.291666666666666,92.36666666666666,96.6818181818182,79.0,87.35714285714286,34.375,6.066666666666666,20.77777777777778,77.17391304347827,19.73913043478261,79.77777777777777,76.27272727272727,85.44444444444444,86.43333333333334,64.3125,21.95238095238096,76.23809523809524,84.0,73.69565217391305,80.96296296296296,25.56
义父义母-义子义女,91.28571428571428,23.61764705882353,82.96,85.23529411764706,22.76923076923077,86.47222222222223,64.86666666666666,82.46875,31.066666666666663,12.782608695652174,38.58974358974359,78.90322580645162,81.72222222222223,82.91176470588235,22.487179487179485,20.05555555555556,29.36,76.94285714285714,24.95,24.52380952380953,59.9,16.9,60.25,79.22857142857143,76.6896551724138,19.75862068965517,81.03225806451613,87.31818181818181,59.92,72.70833333333333,78.0,77.14285714285714,90.58620689655172
原告-被告,7.481481481481482,76.81481481481481,42.22222222222222,39.5,78.21428571428571,13.041666666666666,87.1,15.75,16.24,79.35,69.0909090909091,44.12,8.75,43.51851851851852,57.88461538461539,40.46666666666667,14.93103448275862,9.333333333333334,10.052631578947368,95.06060606060606,60.12903225806452,60.60714285714285,66.65517241379311,56.285714285714285,11.857142857142858,37.11538461538461,45.88461538461539,27.535714285714285,63.5,46.7,28.8,8.035714285714286,25.8
朋友之间,93.90322580645162,93.1304347826087,92.57142857142856,85.65714285714286,9.870967741935484,85.23809523809524,61.39393939393939,90.1,67.26086956521739,15.0,37.54166666666666,50.583333333333336,81.63636363636364,87.85185185185185,16.666666666666668,22.25,25.566666666666663,85.34615384615384,31.7,11.08695652173913,71.95652173913044,8.971428571428572,61.31428571428572,91.76190476190476,77.15625,9.214285714285714,93.27272727272728,83.92,68.47619047619048,90.58333333333331,89.77777777777777,85.45161290322581,9.23076923076923
校友之间,74.65384615384616,86.21428571428571,51.77777777777778,74.03571428571429,41.45161290322581,63.2962962962963,82.87878787878788,65.13793103448276,59.03448275862069,47.66666666666666,25.25,26.38888888888889,53.8,73.47619047619048,35.5,25.83333333333333,31.72222222222222,43.78260869565217,18.77777777777778,22.75,57.71428571428572,12.846153846153848,58.95,55.66666666666666,73.44444444444444,39.28,61.12,60.32258064516129,68.625,69.72413793103448,77.0,65.0,10.46875
恩人-受助者,86.9090909090909,46.16666666666666,53.70967741935484,85.63333333333334,44.42857142857143,73.83333333333333,59.0,70.7,51.92307692307692,29.657894736842103,68.42857142857143,66.9090909090909,78.09375,73.0,61.7037037037037,41.58620689655172,42.11111111111112,60.208333333333336,12.724137931034482,10.035714285714286,55.91304347826087,14.851851851851851,78.07407407407408,83.15384615384616,67.97142857142858,19.36842105263158,64.3125,60.94117647058823,63.90909090909091,63.689655172413794,92.10714285714286,82.39285714285714,50.51724137931034
认识但不熟的人之间,59.09375,81.47826086956522,25.23809523809524,51.4,33.5,28.74074074074074,61.29166666666666,41.07692307692308,49.83870967741935,46.2,34.96296296296296,25.82758620689655,37.375,24.785714285714285,39.2,31.75,25.375,24.9,11.473684210526317,30.0,58.63636363636363,13.962962962962964,36.32,34.708333333333336,36.0,23.857142857142858,39.11111111111112,39.5,26.678571428571427,33.08,54.625,29.818181818181817,26.2
双胞胎之间,90.62962962962963,95.96551724137932,92.62962962962963,88.52631578947368,16.48,97.45833333333331,77.625,92.82352941176472,45.24,14.083333333333334,55.391304347826086,86.875,92.6153846153846,83.6,14.26923076923077,13.678571428571429,30.26923076923077,88.52380952380952,34.523809523809526,19.142857142857142,66.92,5.888888888888889,56.30434782608695,92.51724137931036,84.6923076923077,12.038461538461538,83.89655172413794,94.72413793103448,75.375,94.08,86.0,93.67857142857144,3.9583333333333335
经理-老板,79.03448275862068,22.785714285714285,59.125,19.3125,89.44827586206897,38.18518518518518,83.6896551724138,22.454545454545453,84.81481481481481,82.5,68.33333333333333,39.16,18.40909090909091,86.54545454545455,91.82608695652172,58.958333333333336,76.24,36.0,7.105263157894737,37.3,68.68181818181819,40.04761904761905,81.5,78.35714285714286,80.27272727272727,93.76,68.68181818181819,58.708333333333336,71.0,84.6086956521739,71.89473684210526,67.14814814814815,44.80645161290322
官员-行贿者,68.46428571428571,16.884615384615383,36.54166666666666,23.925925925925927,44.81481481481482,30.846153846153847,8.333333333333334,10.5,79.35,83.48148148148148,64.44,48.92592592592592,8.35,71.51515151515152,94.0,79.85185185185185,55.193548387096776,38.14705882352941,10.263157894736842,39.483870967741936,61.53125,61.4,40.9,47.03333333333333,70.05,41.96153846153846,60.333333333333336,35.03333333333333,56.90625,59.22222222222222,4.904761904761905,41.875,42.26923076923077
警察-老百姓,80.70588235294117,46.04166666666666,47.535714285714285,35.4375,71.8,49.57142857142857,87.76470588235294,69.29411764705883,44.07692307692308,37.23333333333333,52.24,25.82857142857143,65.8,66.75,16.70967741935484,19.814814814814813,76.37931034482759,50.583333333333336,7.611111111111111,18.724137931034484,38.15,15.8125,95.58620689655172,78.13793103448276,74.88888888888889,81.84848484848484,53.60714285714285,62.80645161290322,48.88,64.65625,91.125,88.73913043478261,34.951219512195124
家教-学生,83.92592592592592,40.41935483870968,71.65,31.92,76.25,56.06060606060606,78.125,29.06451612903226,63.892857142857146,70.3157894736842,70.89285714285714,31.945945945945947,55.2,91.34375,80.43589743589743,65.97222222222223,90.27777777777776,59.67741935483871,5.333333333333333,19.205882352941178,70.36842105263158,19.95,72.1,71.41666666666667,75.16,86.18181818181819,67.73913043478261,47.63333333333333,78.59375,83.3076923076923,77.6875,82.76,71.03225806451613
情敌之间,5.6,77.66666666666667,27.125,64.70370370370371,25.79310344827586,12.9375,40.696969696969695,29.363636363636363,20.307692307692307,71.84210526315789,29.35483870967742,63.48484848484848,30.94117647058824,21.566666666666663,13.06896551724138,20.76923076923077,4.645161290322581,15.88888888888889,26.2,90.8148148148148,25.085714285714285,51.89655172413793,17.0,31.647058823529413,6.703703703703703,12.71875,34.37931034482759,33.785714285714285,58.583333333333336,33.04,33.93103448275862,9.575757575757576,9.055555555555555
子女-父母,95.14285714285714,29.966666666666665,92.58823529411764,88.1875,29.41935483870968,94.13333333333334,69.03333333333333,92.56666666666666,22.33333333333333,8.478260869565217,49.6,92.7391304347826,92.22727272727272,83.35714285714286,16.12121212121212,9.689655172413794,28.34285714285714,96.17857142857144,82.94736842105263,24.724137931034484,61.333333333333336,19.33333333333333,81.83333333333333,96.58064516129032,75.28571428571429,10.73076923076923,87.81481481481481,99.16666666666669,63.333333333333336,91.88888888888889,90.53571428571428,95.0625,90.03846153846153
小偷-失主,3.869565217391304,39.61538461538461,13.137931034482758,34.15625,35.46666666666667,5.0,41.11764705882353,7.631578947368421,5.1875,64.03703703703704,77.0,49.30303030303031,6.193548387096774,11.5,78.56666666666666,41.41666666666666,12.807692307692308,7.2,6.833333333333333,94.23076923076924,8.333333333333334,80.08695652173913,41.28125,25.464285714285715,6.173913043478261,18.5,27.107142857142858,5.0,42.04347826086956,40.28,8.272727272727273,5.434782608695652,37.36666666666667
岳父岳母-女婿,88.5,23.62857142857143,72.0,88.0952380952381,32.51428571428571,79.24324324324324,78.4,86.3225806451613,45.96969696969697,27.782608695652176,52.26923076923077,77.57692307692308,82.19354838709677,85.06666666666666,26.166666666666668,12.875,29.869565217391305,77.0,39.60714285714285,22.08333333333333,69.22222222222223,17.85185185185185,68.20833333333333,83.45833333333333,81.16666666666667,11.148148148148149,77.67857142857143,91.06451612903226,43.333333333333336,70.20689655172414,83.26666666666667,80.21428571428571,87.59375
生意竞争对手之间,13.5,80.36363636363636,55.5625,16.692307692307693,67.44117647058823,17.862068965517242,52.43333333333333,16.517241379310345,29.14814814814815,90.15789473684212,58.45,30.0,13.933333333333334,34.31818181818182,90.1,60.66666666666666,40.9375,15.956521739130435,7.842105263157895,88.52,53.03703703703704,60.29166666666666,67.35714285714286,56.44117647058823,16.142857142857142,71.93548387096774,48.36,49.96428571428572,51.60869565217392,47.37931034482759,38.56666666666667,11.972972972972974,22.61290322580645
老师-学生,88.08571428571429,27.526315789473685,78.65517241379311,39.766666666666666,77.16216216216216,70.0,85.75675675675676,73.47058823529412,38.208333333333336,39.32258064516129,62.35714285714285,37.833333333333336,53.4375,92.76,34.09375,31.166666666666668,69.22222222222223,70.32352941176471,7.8125,25.5,65.29629629629629,28.296296296296298,89.22222222222223,84.9090909090909,69.96428571428571,84.82758620689656,73.6896551724138,71.24137931034483,72.11111111111111,79.55555555555556,87.93103448275862,84.52,82.06451612903226
考官-考生,64.5925925925926,34.0,32.95,13.714285714285714,90.82142857142856,21.25,82.7,38.2,26.78125,56.42857142857143,47.77777777777778,26.741935483870968,14.157894736842104,29.76923076923077,20.0,26.394736842105264,38.65384615384615,22.925925925925927,5.16,24.23333333333333,23.666666666666668,21.51851851851852,78.75,58.48,28.73913043478261,79.3913043478261,17.53846153846154,15.64,74.84615384615384,73.09375,77.75862068965517,55.310344827586206,69.05882352941177
政府官员-老百姓,80.07692307692308,31.566666666666663,46.6875,41.16216216216216,74.76470588235294,43.483870967741936,87.78787878787878,58.96666666666667,53.6,52.36,49.86666666666667,23.484848484848484,63.14814814814815,63.892857142857146,31.678571428571427,25.56,85.46666666666667,51.06896551724138,10.53125,30.071428571428573,68.06666666666666,21.75862068965517,93.78571428571428,79.92592592592592,65.10526315789474,72.3913043478261,57.64,73.875,62.2,40.04347826086956,84.75,82.83333333333333,52.25
服务员-顾客,83.33333333333333,54.82758620689656,25.366666666666667,19.6,70.57142857142857,22.363636363636363,86.4,15.045454545454543,52.61111111111112,63.5625,74.32,17.266666666666666,23.42105263157895,52.625,88.22222222222223,93.53571428571428,94.71428571428572,27.892857142857142,9.6875,36.45454545454545,65.88235294117646,22.875,61.95454545454545,56.2,58.333333333333336,82.61764705882354,44.57142857142857,20.82608695652174,75.8076923076923,75.14285714285714,72.7741935483871,54.86486486486486,22.59375
施害者-受害者,7.6,51.63636363636363,28.714285714285715,51.208333333333336,33.17391304347826,14.11111111111111,31.703703703703702,16.892857142857142,11.225806451612904,68.65217391304348,56.53333333333333,57.11111111111112,5.526315789473684,17.548387096774192,37.793103448275865,26.0,17.62962962962963,10.827586206896552,13.869565217391305,92.36,8.590909090909092,95.4,45.54545454545455,27.789473684210527,6.227272727272728,21.705882352941178,11.842105263157896,28.0,43.5,57.12,14.047619047619047,9.592592592592592,29.944444444444443
政治盟友之间,74.6,73.14814814814815,59.40909090909091,34.12903225806452,81.85714285714286,49.96296296296296,67.13636363636364,37.79166666666666,89.14285714285714,87.44444444444444,43.31428571428572,41.31818181818182,28.6,83.19354838709677,68.66666666666667,66.96296296296296,49.0,61.5,9.0,47.642857142857146,83.08695652173913,38.17391304347826,88.0,65.88461538461539,88.61538461538461,72.54545454545455,83.95652173913044,56.52941176470589,71.76470588235294,48.0,75.65217391304348,64.92857142857143,27.6896551724138
前任官员-现任官员,54.53333333333333,50.875,38.84,27.966666666666665,66.0,27.90322580645161,67.76470588235294,46.44444444444444,37.2,67.92307692307692,34.541666666666664,42.56666666666667,18.8,66.13793103448276,38.82857142857143,33.724137931034484,26.807692307692307,15.678571428571429,7.35,49.79166666666666,47.26923076923077,26.444444444444443,75.30555555555556,33.03846153846154,51.81481481481482,78.5925925925926,41.42857142857143,40.2,38.285714285714285,29.78125,66.25806451612904,55.75757575757576,39.096774193548384
主人-仆人,66.9090909090909,12.20689655172414,67.15789473684211,37.86363636363637,58.54545454545455,46.82608695652174,54.8,20.11111111111111,75.92592592592592,56.0625,76.42857142857143,49.19230769230769,35.19047619047619,68.74285714285715,91.5,66.86206896551724,94.07692307692308,50.56,8.208333333333334,33.142857142857146,42.142857142857146,49.689655172413794,35.68,55.80769230769231,61.95652173913044,76.3,45.75,52.41666666666666,50.84,81.65217391304348,45.15384615384615,73.0,60.888888888888886
表兄弟姐妹之间,83.625,84.72727272727273,77.94736842105263,86.36363636363636,37.75,78.16216216216216,82.32432432432432,81.77777777777777,45.30555555555556,21.0,36.25925925925926,72.96296296296296,90.66666666666669,82.2,15.135135135135137,13.696969696969695,22.26923076923077,78.22222222222223,24.9375,11.77777777777778,60.41379310344828,15.27777777777778,57.21875,85.4074074074074,85.0,13.08695652173913,71.23076923076923,93.1875,46.95,70.46428571428571,85.10714285714286,85.64285714285714,15.96
上级-下级,75.375,10.88888888888889,60.78787878787879,26.55555555555556,85.66666666666667,37.86486486486486,77.44444444444444,40.5,70.47368421052632,76.45714285714286,58.38461538461539,21.677419354838708,32.64,87.28125,75.35714285714286,48.766666666666666,77.5909090909091,38.90909090909091,12.125,36.17857142857143,60.0,48.27586206896552,76.0625,74.75,74.25,88.12,52.95,64.0,69.30434782608695,82.1304347826087,63.96551724137931,61.66666666666666,58.035714285714285
爷爷奶奶-孙子女,93.46875,34.6,89.6875,87.12121212121212,21.357142857142858,94.4074074074074,82.6086956521739,92.0,28.61764705882353,5.176470588235294,64.33333333333333,89.93333333333334,96.96,81.55172413793103,13.074074074074074,20.77777777777778,31.75862068965517,94.76,74.43333333333334,11.484848484848484,56.27272727272727,7.888888888888889,77.03846153846153,94.64,75.88461538461539,3.36,90.36,97.40625,56.23809523809524,90.92307692307692,89.21052631578948,95.1818181818182,96.25925925925924
主职-副职,58.07407407407408,19.25,52.9,19.25,85.65517241379311,39.43333333333333,78.59375,35.794117647058826,61.774193548387096,83.27777777777777,55.85714285714285,48.17948717948718,20.09090909090909,73.44117647058823,60.47222222222222,40.68292682926829,57.935483870967744,32.38709677419355,9.11111111111111,47.121212121212125,63.34615384615385,26.32,69.07142857142857,65.36,68.70588235294117,89.0625,53.96428571428572,48.76,72.56,62.708333333333336,77.4,62.48717948717949,52.34285714285714
金主 - 援交男/女,68.53333333333333,22.03030303030303,38.3125,40.75862068965517,27.15,61.23333333333333,17.129032258064516,15.551724137931034,59.15625,86.9047619047619,64.07142857142857,39.088235294117645,16.0,43.09090909090909,96.75,82.05,84.25,31.96875,58.95,36.48484848484848,55.76,51.27272727272727,18.541666666666668,35.25,43.5,63.88235294117647,47.21739130434783,16.043478260869566,62.0,52.583333333333336,17.344827586206897,33.07692307692308,43.67857142857143
知己之间,94.6923076923077,97.8,87.41379310344827,91.79411764705884,27.379310344827587,90.85,53.241379310344826,91.0,66.86363636363636,19.62857142857143,35.625,86.73076923076923,82.25,89.58620689655173,15.6,21.363636363636363,46.241379310344826,89.32142857142857,28.633333333333333,10.346153846153848,64.04,6.285714285714286,57.62068965517241,85.6,81.85185185185185,17.03448275862069,88.57692307692308,92.8,75.6842105263158,79.20833333333333,87.95652173913044,95.89285714285714,9.93103448275862
亲家之间,83.7,90.16666666666669,78.7,85.5,28.571428571428573,75.24324324324324,68.4,77.48148148148148,56.35,20.375,40.793103448275865,87.66666666666667,85.375,85.16,22.821428571428573,9.129032258064516,32.21739130434783,75.5925925925926,29.55555555555556,19.61111111111111,81.57894736842105,12.703703703703704,58.54545454545455,76.45,88.22727272727273,17.772727272727273,82.24,91.71875,55.79166666666666,61.60714285714285,87.54545454545455,86.12903225806451,12.416666666666666
罪犯-旁观者,23.379310344827587,40.4,11.93103448275862,35.666666666666664,33.6551724137931,6.0,62.44,26.23529411764705,17.40740740740741,55.53846153846154,36.35714285714285,27.26923076923077,4.526315789473684,18.03333333333333,23.58620689655172,26.676470588235293,15.357142857142858,10.72,8.4,54.625,13.25,48.82608695652174,37.75,19.97058823529412,8.708333333333334,15.241379310344827,10.157894736842104,9.666666666666666,33.0,38.625,21.37037037037037,9.10344827586207,33.285714285714285
姨父姨妈-侄子侄女,91.35,25.73913043478261,71.28571428571429,83.45454545454545,22.97142857142857,80.88888888888889,65.17647058823529,89.88888888888889,24.26315789473684,20.3125,35.26086956521739,83.6,90.06666666666666,81.79310344827586,12.484848484848484,14.615384615384617,23.70833333333333,84.8,53.833333333333336,15.058823529411764,43.60714285714285,17.76,56.86206896551724,76.5909090909091,60.206896551724135,14.88,71.3125,93.5,31.56,67.24137931034483,81.18181818181819,89.40625,82.05714285714286
厨师-顾客,88.73076923076923,70.10810810810811,30.863636363636363,16.8125,78.17647058823529,23.60606060606061,83.0,22.433333333333334,64.2258064516129,73.36842105263158,78.86206896551724,24.65384615384616,21.393939393939394,52.52941176470589,91.3103448275862,92.45833333333331,91.58333333333331,43.172413793103445,6.068965517241379,22.133333333333333,70.37037037037037,12.344827586206897,59.0,68.24242424242425,49.708333333333336,76.38461538461539,49.30769230769231,16.192307692307693,66.0,59.96,69.64516129032258,64.97297297297297,29.296296296296298
老朋友之间,92.4375,93.78787878787878,95.0,85.58333333333333,21.225806451612904,85.96153846153847,74.13793103448276,86.90322580645162,52.53846153846154,18.19047619047619,47.96296296296296,77.57575757575758,85.82352941176471,88.13333333333334,20.68421052631579,17.4375,30.325,80.18518518518519,7.541666666666667,17.242424242424242,78.9090909090909,7.518518518518518,56.63333333333333,88.2,82.64285714285714,8.95,86.82352941176471,90.10344827586206,62.77272727272727,81.81481481481481,83.1,95.3076923076923,7.703703703703703
嫌疑人-警察,12.583333333333334,20.94736842105263,32.16,11.038461538461538,78.95238095238095,12.275862068965518,59.56521739130435,25.466666666666665,20.846153846153847,73.0,49.75862068965517,33.41379310344828,16.866666666666667,50.74193548387097,19.48148148148148,30.416666666666668,20.78787878787879,12.78125,9.571428571428571,85.15384615384616,15.758620689655173,65.75,84.21739130434783,55.392857142857146,16.130434782608695,84.6923076923077,24.47058823529412,30.27272727272728,68.1875,50.29032258064516,59.61538461538461,12.758620689655173,40.43333333333333
亲兄弟姐妹之间,94.17241379310344,87.75,94.52631578947368,92.71428571428572,26.03448275862069,88.86666666666666,61.57142857142857,86.60714285714286,57.6,11.55,59.45454545454545,92.03448275862068,95.6470588235294,81.91176470588235,18.46875,9.357142857142858,20.041666666666668,90.58620689655172,39.94444444444444,16.185185185185187,65.3529411764706,6.346153846153846,71.79310344827586,93.6,91.6153846153846,13.071428571428571,83.23333333333333,98.0,61.69565217391305,84.46153846153847,88.0,92.32352941176472,16.653846153846153
谈判中对立的双方,18.33333333333333,77.48,37.526315789473685,12.63157894736842,84.58064516129032,14.74074074074074,73.3913043478261,17.033333333333335,50.125,87.63157894736842,44.095238095238095,34.0,11.263157894736842,57.03846153846154,62.516129032258064,58.78260869565217,26.91304347826087,13.11111111111111,8.444444444444445,79.6,92.82608695652172,56.35,65.46875,57.91304347826087,25.95238095238096,79.78260869565217,56.94736842105263,22.7,59.4,63.6,68.8125,24.678571428571427,20.62962962962963
保姆-小孩,91.47368421052632,37.766666666666666,65.8076923076923,45.82142857142857,56.6,60.96551724137931,81.96,27.11111111111111,63.04166666666666,51.03333333333333,81.75,40.03333333333333,64.4,57.03703703703704,80.4,50.15625,88.55555555555556,70.15384615384616,7.225806451612903,22.90322580645161,58.58064516129032,16.655172413793103,67.3076923076923,64.3,63.54545454545455,78.13333333333334,53.0,36.56666666666667,63.392857142857146,87.6,76.96428571428571,78.22222222222223,66.70833333333333
童年玩伴之间,87.33333333333333,91.5925925925926,83.46153846153847,80.96428571428571,21.724137931034484,83.5,71.4375,81.88235294117646,49.25,26.814814814814813,36.03846153846154,58.7037037037037,82.26315789473684,75.25,25.12903225806452,24.93548387096774,12.045454545454543,80.60714285714286,20.27272727272728,13.185185185185183,66.23529411764706,6.12,55.60714285714285,81.45454545454545,82.74193548387096,13.08,89.46875,84.25,75.17857142857143,67.57575757575758,83.89655172413794,86.54285714285714,8.696969696969697
主人-客人,83.64285714285714,54.3,52.91666666666666,65.83333333333333,37.958333333333336,73.32,54.72,65.58333333333333,60.47058823529412,39.66666666666666,64.66666666666667,30.16,46.57692307692308,74.18181818181819,30.473684210526315,31.64,57.333333333333336,43.535714285714285,12.166666666666666,15.904761904761903,68.85714285714286,12.0,49.8,68.07142857142857,55.11111111111112,22.80952380952381,77.6,41.42857142857143,74.16666666666667,80.52380952380952,83.75,74.13636363636364,31.88
捐款人-受惠者,87.90625,62.21875,36.70588235294117,66.32432432432432,60.72222222222222,47.25,51.3125,72.6896551724138,44.34615384615385,29.33333333333333,72.35714285714286,54.78260869565217,69.23809523809524,45.03703703703704,79.07407407407408,36.333333333333336,51.333333333333336,49.03225806451613,2.833333333333333,8.727272727272727,47.869565217391305,11.137931034482758,79.3030303030303,75.89655172413794,63.15151515151515,19.928571428571427,60.03846153846154,38.53333333333333,55.75,38.6551724137931,88.80645161290323,78.3076923076923,55.27272727272727
黑帮老大-小弟,69.68571428571428,7.4,63.833333333333336,36.63636363636363,46.76315789473684,29.88888888888889,41.08108108108108,26.40625,59.47826086956522,73.08823529411765,51.75,41.629629629629626,21.666666666666668,71.03703703703704,77.58064516129032,50.62068965517241,63.0,52.24,3.5384615384615383,51.48148148148148,27.565217391304348,76.26315789473684,23.307692307692307,62.96428571428572,84.51612903225806,53.34375,57.354838709677416,53.04347826086956,69.33333333333333,73.375,12.095238095238097,54.07407407407408,62.72
祖先-后代,89.19354838709677,18.0,64.66666666666667,89.04347826086956,25.96296296296296,79.03846153846153,62.56,85.41379310344827,38.04166666666666,16.157894736842106,42.583333333333336,73.52,79.92592592592592,66.39285714285714,8.681818181818182,10.25,28.20689655172414,72.48,71.24,14.555555555555555,30.625,10.303030303030305,75.28,80.08333333333333,81.06666666666666,21.13043478260869,54.92307692307692,92.60714285714286,31.916666666666668,49.03030303030303,80.42307692307692,81.51724137931035,98.0
继父继母-儿女,82.63333333333334,26.529411764705884,69.45,82.78787878787878,33.921052631578945,76.89189189189189,62.23076923076923,72.53571428571429,44.0,29.3,48.6551724137931,81.25925925925925,74.26315789473684,68.03333333333333,38.892857142857146,26.20833333333333,38.24242424242424,81.28571428571429,23.5,43.0,53.86666666666667,27.04,63.6,81.88235294117646,80.08571428571429,17.633333333333333,67.03125,86.70370370370371,57.89473684210526,81.3529411764706,72.78260869565217,67.03333333333333,90.1851851851852
夫妻之间,93.14814814814817,93.4090909090909,98.2608695652174,89.82142857142857,41.80555555555556,97.0,67.19354838709677,82.73076923076923,37.3235294117647,17.0,42.535714285714285,90.76923076923076,95.96774193548389,93.91666666666669,28.291666666666668,14.73913043478261,50.15,93.95652173913044,95.64,18.74074074074074,90.78260869565216,15.375,79.57142857142857,94.43478260869566,88.5,23.36842105263158,88.875,94.3157894736842,87.08333333333333,96.89285714285714,89.25,93.57692307692308,5.0
同事之间,63.689655172413794,78.53571428571429,76.73333333333333,33.04545454545455,64.6,46.61290322580645,81.87096774193549,46.25,70.89655172413794,66.0,51.392857142857146,26.03125,50.27777777777778,81.27586206896552,32.535714285714285,33.714285714285715,40.90476190476191,42.16666666666666,13.925925925925926,30.142857142857142,79.8076923076923,25.03030303030303,59.0,59.0,76.85714285714286,77.17391304347827,68.625,66.58333333333333,82.11111111111111,80.20689655172414,71.0,64.0,15.653846153846152
经理-员工,78.79166666666667,17.862068965517242,68.0,19.65384615384616,88.85185185185185,38.7,80.48,33.8,82.96551724137932,88.6470588235294,56.11538461538461,24.65625,26.59259259259259,80.16129032258064,82.10714285714286,73.08695652173913,74.27272727272727,34.61290322580645,9.346153846153848,48.35714285714285,72.41176470588235,37.48,80.61538461538461,74.68181818181819,77.4090909090909,87.26315789473684,54.34375,62.04166666666666,78.35714285714286,77.41379310344827,73.66666666666667,68.66666666666667,43.25925925925926
战友之间,94.45833333333331,93.6060606060606,93.3181818181818,77.46153846153847,39.1875,92.21428571428572,78.80952380952381,84.72413793103448,37.53333333333333,8.7,46.85714285714285,67.16666666666667,86.95238095238095,83.31818181818181,12.363636363636363,12.5,46.66666666666666,80.92307692307692,7.666666666666667,11.73076923076923,65.73913043478261,13.357142857142858,79.07407407407408,82.6,94.55555555555556,50.30769230769231,88.77777777777777,91.42307692307692,90.83333333333331,87.5,95.70588235294116,95.82142857142856,12.366666666666667
玩伴之间,86.63636363636364,90.57575757575758,92.47619047619048,88.16129032258064,18.62962962962963,86.875,64.62162162162163,86.52777777777777,47.36666666666667,15.0,43.52777777777778,58.57692307692308,75.375,89.48,16.06896551724138,12.451612903225806,30.08,79.36666666666666,21.40740740740741,19.5,72.95652173913044,8.476190476190476,51.92,88.81481481481481,82.1,17.291666666666668,90.92,86.4074074074074,84.5,89.72,82.65517241379311,89.22222222222223,4.454545454545454
青梅竹马之间,93.0625,95.25,91.10344827586206,85.15384615384616,21.02777777777778,89.3125,64.875,86.66666666666667,20.11111111111111,12.928571428571429,54.77777777777778,72.79166666666667,91.0,81.38709677419355,11.961538461538462,13.5,35.875,86.16,54.36666666666667,15.0,65.3076923076923,8.28,49.310344827586206,86.77777777777777,83.16129032258064,12.782608695652174,93.2,87.54838709677419,74.82142857142857,86.36666666666666,88.4074074074074,93.87096774193547,4.941176470588236
冠军-亚军,20.029411764705884,39.142857142857146,41.333333333333336,27.428571428571427,77.05263157894737,37.35,89.0,38.60526315789474,28.227272727272727,80.23076923076923,40.80769230769231,45.63157894736842,22.90909090909091,50.5,34.0,22.77272727272728,14.041666666666666,22.307692307692307,3.724137931034482,59.25925925925926,26.38095238095238,14.870967741935484,65.46428571428571,38.44,19.107142857142858,75.24242424242425,35.58620689655172,25.678571428571427,74.57142857142857,47.72413793103448,82.21739130434783,35.407407407407405,31.724137931034484
同学之间,88.97222222222223,89.89285714285714,77.28571428571429,78.14285714285714,29.032258064516128,73.14285714285714,86.7741935483871,78.5,64.14285714285714,34.63157894736842,46.72,35.65384615384615,78.36363636363636,86.05,13.666666666666666,25.58333333333333,25.64,72.875,19.043478260869566,18.625,76.52173913043478,8.96551724137931,66.70833333333333,67.1923076923077,87.35714285714286,26.558823529411764,80.46428571428571,79.88461538461539,92.0,83.41935483870968,86.76190476190476,81.3913043478261,1.761904761904762
罪犯-受害人,7.6521739130434785,41.6,25.846153846153847,46.69230769230769,34.88,17.608695652173914,45.15384615384615,17.655172413793103,12.423076923076923,64.16666666666667,49.80952380952381,65.48,8.72,44.095238095238095,48.80769230769231,42.18181818181818,6.428571428571429,11.727272727272728,20.8125,92.76190476190476,16.296296296296298,84.70370370370371,56.82142857142857,31.625,8.592592592592593,16.785714285714285,15.72,29.03703703703704,56.73684210526316,45.375,10.642857142857142,11.517241379310343,36.035714285714285
赌徒之间,21.07407407407408,71.68571428571428,26.09090909090909,35.6551724137931,35.029411764705884,18.75,35.68571428571428,14.666666666666666,32.857142857142854,78.25,68.08333333333333,27.15384615384616,7.090909090909091,23.64,88.3,65.58620689655173,18.107142857142858,14.5,10.166666666666666,77.23255813953489,39.583333333333336,42.5,19.0,30.08695652173913,39.22727272727273,34.92857142857143,44.90909090909091,17.551724137931036,64.6086956521739,64.0,7.242424242424242,14.516129032258064,22.7
挚友之间,93.48,90.65625,87.11111111111111,87.58620689655173,15.75,90.95833333333331,77.625,86.29032258064517,40.8,19.52380952380953,37.29166666666666,67.26086956521739,85.66666666666667,81.82758620689656,19.045454545454547,14.071428571428571,22.27272727272728,89.8,14.35,12.041666666666666,70.9047619047619,4.44,58.1764705882353,87.02857142857142,87.45833333333333,17.379310344827587,91.78787878787878,90.6818181818182,82.8695652173913,86.78260869565217,88.36363636363636,96.37037037037037,3.851851851851852
堂兄弟姐妹之间,82.22857142857143,88.09375,78.0952380952381,89.89285714285714,30.32,81.03333333333333,69.10714285714286,83.0,54.11538461538461,21.65,29.774193548387096,69.86206896551724,82.2,78.37037037037037,12.285714285714286,21.23529411764705,25.89655172413793,85.58620689655173,21.72222222222222,20.161290322580644,60.18518518518518,9.96551724137931,52.23809523809524,80.33333333333333,70.08,11.565217391304348,81.47619047619048,90.41666666666669,50.16666666666666,62.13333333333333,74.63157894736842,85.125,7.76
演员-观众,84.25,64.36111111111111,26.526315789473685,44.61111111111112,66.60714285714286,32.464285714285715,87.96666666666667,32.38461538461539,58.375,63.45,55.3,19.82758620689655,44.17857142857143,60.57142857142857,74.46428571428571,55.56,70.67857142857143,34.10344827586207,9.466666666666669,27.96969696969697,50.36,16.136363636363637,58.18518518518518,60.5,44.0,58.458333333333336,52.73076923076923,37.07142857142857,53.193548387096776,37.642857142857146,64.30434782608695,60.74193548387097,29.375
远房表兄弟姐妹之间,84.2258064516129,81.03448275862068,50.73913043478261,77.83333333333333,20.071428571428573,60.774193548387096,62.26923076923077,64.48275862068965,39.56,22.11428571428572,44.66666666666666,63.44827586206897,76.48387096774194,69.6842105263158,23.423076923076923,14.586206896551724,30.74074074074074,57.79166666666666,27.31428571428572,13.461538461538462,48.0,11.375,50.41935483870968,63.7,68.80952380952381,11.862068965517242,66.23333333333333,91.9,52.142857142857146,33.2,73.95454545454545,68.08,18.26923076923077
出轨者-小三,63.45,47.25,68.44,82.5,23.294117647058822,78.35483870967742,5.636363636363637,27.846153846153847,41.80952380952381,37.130434782608695,53.74074074074074,67.36,68.7,56.5,70.09677419354838,50.96296296296296,46.44444444444444,63.25806451612903,71.12,59.38461538461539,58.44,33.44,19.25,35.80555555555556,51.96153846153846,13.586206896551724,67.71875,29.16,64.84,64.95652173913044,5.172413793103448,28.166666666666668,21.457142857142856
政治对手之间,13.214285714285714,63.03333333333333,61.78947368421053,30.03846153846154,65.75862068965517,12.407407407407408,61.11111111111112,21.28,49.6,90.16666666666669,31.88235294117647,46.47368421052632,8.8,42.2,48.0,40.583333333333336,19.75609756097561,18.057142857142857,6.3,89.43333333333334,40.125,69.96296296296296,67.51724137931035,52.31578947368421,4.130434782608695,80.3103448275862,48.903225806451616,54.92,70.61111111111111,47.32,42.41666666666666,11.454545454545457,20.379310344827587
商家-客户,71.60714285714286,48.55172413793103,17.52173913043478,21.21052631578948,78.6,28.16,85.44,15.433333333333334,77.08,86.25,69.57692307692308,16.652173913043477,15.56,68.28,95.56521739130434,89.4,91.52631578947368,35.57692307692308,7.478260869565218,27.40909090909091,84.20689655172414,14.096774193548388,80.92857142857143,62.36666666666667,50.16,83.12,59.66666666666666,26.70833333333333,62.70588235294117,62.03225806451613,70.82142857142857,51.36666666666667,34.62068965517241
收银员-顾客,77.05,70.07692307692308,15.724137931034482,13.88888888888889,84.46153846153847,8.44,86.71428571428571,19.58823529411765,48.6,64.85185185185185,76.5,12.64,12.25,55.91891891891892,84.14814814814815,92.07142857142856,88.9090909090909,23.848484848484848,8.705882352941176,30.96153846153846,48.68181818181818,12.346153846153848,69.44827586206897,54.46153846153846,40.14814814814815,78.36666666666666,51.96296296296296,13.92,69.88,62.32142857142857,72.37931034482759,65.86666666666666,23.09090909090909
罪犯-被害人亲属,4.25,47.45161290322581,27.41176470588235,54.72727272727273,47.0625,5.333333333333333,47.7,10.0,14.971428571428572,65.14285714285714,52.0,57.46666666666667,9.75,32.68181818181818,36.26923076923077,21.464285714285715,11.12,5.862068965517241,7.206896551724138,94.47826086956522,12.814814814814817,76.24,55.51724137931034,40.3,3.6666666666666665,13.555555555555555,13.392857142857142,45.76923076923077,31.115384615384617,25.8,17.516129032258064,11.827586206896552,36.36363636363637
外地人-本地人,56.52941176470589,72.42307692307692,18.185185185185187,54.64705882352941,34.7,31.357142857142858,81.6,28.571428571428573,46.8,55.2258064516129,49.35714285714285,22.30434782608696,26.25,52.11538461538461,53.44,55.36,40.18181818181818,12.75,22.517241379310345,62.28,47.55555555555556,20.83333333333333,51.73333333333333,30.848484848484848,24.04,20.3125,33.96774193548387,21.185185185185187,34.36842105263158,25.5,55.34375,30.724137931034484,29.82758620689655
狱警-囚犯,26.2,22.607142857142858,50.9,22.928571428571427,82.13333333333334,15.766666666666667,56.62068965517241,22.125,20.15625,55.55,53.63333333333333,33.833333333333336,9.375,43.71875,19.63888888888889,23.07407407407408,40.86486486486486,18.92,1.5625,79.87096774193549,15.52,73.25806451612904,80.60714285714286,52.51851851851852,10.24,83.33333333333333,12.379310344827584,41.142857142857146,42.03125,65.32142857142857,53.48148148148148,23.07692307692308,33.130434782608695
雇主-保镖,86.2,12.03448275862069,67.36363636363636,26.93103448275862,89.125,52.21428571428572,49.125,18.161290322580644,72.5,72.7,73.8,47.333333333333336,13.80952380952381,79.60606060606061,95.16666666666669,74.47826086956522,92.76,48.15384615384615,2.076923076923077,17.916666666666668,60.16666666666666,22.863636363636363,50.45454545454545,61.23333333333333,80.17241379310344,95.24,59.53846153846154,41.88,76.53846153846153,87.52941176470588,73.3529411764706,88.5,45.76
报案人-罪犯,6.764705882352941,50.80645161290322,18.22222222222222,26.7,62.16129032258065,5.529411764705882,63.03448275862069,21.93548387096774,15.485714285714286,65.78260869565217,47.81481481481482,45.14814814814815,8.176470588235293,35.14705882352941,28.20689655172414,23.7,14.433333333333334,10.371428571428572,10.133333333333333,89.28125,8.346153846153847,64.85185185185185,81.32,50.6,6.0,20.0,14.818181818181818,28.08333333333333,45.42857142857143,49.6,34.608695652173914,5.416666666666667,25.928571428571427
同父异母(或同母异父)的子女之间,69.0,73.0,72.70588235294117,79.64285714285714,33.07142857142857,68.14814814814815,64.45833333333333,74.39285714285714,38.5,43.8421052631579,37.3125,81.96969696969697,82.25,65.91428571428571,18.774193548387096,12.258064516129032,15.821428571428571,70.88571428571429,47.16666666666666,31.70967741935484,64.29629629629629,17.0,61.3448275862069,73.80645161290323,63.7,18.766666666666666,58.95652173913044,85.95454545454545,51.66666666666666,66.95238095238095,66.36363636363636,67.78125,12.333333333333334
律师-法官,63.0,43.07142857142857,34.94444444444444,6.741935483870968,89.58064516129032,18.766666666666666,84.90625,36.25806451612903,34.96666666666667,84.15,50.5,39.93939393939394,11.321428571428571,79.6,26.28,39.142857142857146,59.47619047619048,31.17241379310345,7.0,47.73076923076923,61.65384615384615,28.39130434782609,91.82758620689656,62.06060606060606,50.60714285714285,85.8,44.55172413793103,38.064516129032256,66.5,67.77777777777777,86.68,64.61904761904762,35.04761904761905
房东-租户,75.5925925925926,50.73076923076923,24.5625,26.423076923076923,82.57142857142857,29.3,65.0,11.533333333333331,70.9,76.89473684210526,82.0,20.41379310344828,21.0,64.88,92.64,89.23809523809524,74.04166666666667,30.892857142857142,13.173913043478262,41.96551724137931,77.1875,24.33333333333333,67.29032258064517,67.58620689655173,49.12903225806452,49.851851851851855,60.23076923076923,46.55555555555556,49.28,61.36,61.888888888888886,63.0,36.333333333333336
叔叔婶婶-侄子侄女,89.96666666666667,35.458333333333336,84.1875,82.33333333333333,30.40740740740741,85.43333333333334,69.96428571428571,79.09375,33.333333333333336,22.9,43.32258064516129,84.875,88.3076923076923,77.57692307692308,14.516129032258064,8.64516129032258,33.15151515151515,84.44827586206897,62.55,10.13888888888889,47.310344827586206,14.758620689655173,58.8421052631579,79.75757575757575,88.8,11.805555555555555,81.21428571428571,95.79411764705884,40.23076923076923,77.06060606060606,83.37931034482759,83.70370370370371,84.92307692307692
受害者-旁观者,45.0,68.39285714285714,11.655172413793103,45.68421052631579,30.0,8.73913043478261,55.36666666666667,31.30434782608696,16.91304347826087,35.925925925925924,28.75,32.62068965517241,18.5,26.39130434782609,24.791666666666668,16.041666666666668,13.448275862068966,16.02777777777778,8.035714285714286,46.5925925925926,22.68421052631579,47.81481481481482,61.083333333333336,37.5,20.185185185185187,16.772727272727273,23.0,25.705882352941178,29.571428571428573,42.65217391304348,19.75,19.11111111111111,38.85714285714285
老师-家长,84.61904761904762,59.42307692307692,55.42857142857143,26.0,67.82758620689656,53.68181818181818,81.45833333333333,45.2962962962963,50.55555555555556,45.4,48.55555555555556,17.0,49.51724137931034,84.38709677419355,31.70833333333333,30.33333333333333,64.6774193548387,46.96969696969697,13.68,27.032258064516128,71.125,19.12,81.2,74.3913043478261,80.54166666666667,81.2,79.0,57.43333333333333,63.24,63.310344827586206,87.92857142857143,82.6923076923077,26.655172413793103
编辑-作者,90.7,57.73333333333333,47.47826086956522,31.0,82.75,40.16666666666666,72.93548387096774,42.24242424242424,80.18181818181819,80.375,54.96875,37.392857142857146,31.33333333333333,84.20689655172414,82.12121212121212,64.1875,69.78125,49.833333333333336,7.842105263157895,35.97142857142857,74.33333333333333,23.666666666666668,69.11538461538461,66.96,72.3,91.65217391304348,70.43478260869566,56.388888888888886,63.24,43.55555555555556,73.55882352941177,73.46428571428571,37.483870967741936
陌生人之间,45.392857142857146,78.58823529411765,13.22222222222222,35.21621621621622,36.333333333333336,13.088235294117649,61.94594594594594,27.3125,44.37931034482759,49.51724137931034,42.333333333333336,10.285714285714286,16.15,14.625,33.310344827586206,51.1764705882353,22.852941176470587,6.896551724137931,11.333333333333334,41.5,48.42857142857143,24.17241379310345,33.27272727272727,17.62962962962963,16.633333333333333,25.0,25.695652173913043,12.885714285714286,17.192307692307693,17.61904761904762,43.38095238095238,20.115384615384617,28.65384615384616
法官-检察官,81.19047619047619,47.888888888888886,48.47826086956522,21.181818181818183,90.68,34.9375,80.25,58.23809523809524,47.05555555555556,68.45454545454545,40.88461538461539,44.57575757575758,16.0,86.38709677419355,26.26923076923077,21.78787878787879,63.11538461538461,33.71875,13.942857142857145,25.615384615384617,57.96666666666667,21.60606060606061,89.3,72.34782608695652,63.333333333333336,88.66666666666667,55.26086956521739,53.13793103448276,69.45833333333333,59.04545454545455,90.84210526315788,77.06666666666666,39.16
校长-老师,85.92592592592592,24.384615384615383,68.65,29.06451612903226,85.57692307692308,39.0,89.62068965517241,55.54166666666666,64.76923076923077,51.5,49.19230769230769,48.71428571428572,42.6875,83.64,49.85294117647059,37.708333333333336,58.82608695652174,45.583333333333336,10.8,25.0,66.4,23.07692307692308,89.71428571428571,76.0,86.36363636363636,91.91304347826087,64.6969696969697,67.0,65.48275862068965,73.70370370370371,84.72,80.52380952380952,52.407407407407405
乞丐-路人,50.1,43.79166666666666,12.357142857142858,42.72727272727273,23.08,10.925925925925926,76.75862068965517,47.333333333333336,23.392857142857142,33.48,54.40909090909091,6.478260869565218,45.172413793103445,11.566666666666666,70.48148148148148,58.3,18.37037037037037,17.0,1.375,19.96296296296296,23.40740740740741,8.652173913043478,21.44,25.846153846153847,20.12903225806452,12.384615384615383,34.208333333333336,10.083333333333334,29.2,47.407407407407405,47.81818181818182,20.77272727272728,38.375
首领-反贼,19.133333333333333,30.65625,46.0,37.72413793103448,43.11538461538461,13.409090909090908,60.65625,21.28125,25.904761904761905,83.4,45.62068965517241,49.29032258064516,9.6,44.392857142857146,63.30434782608695,38.4,18.1,16.772727272727273,5.407407407407407,80.29032258064517,26.2,76.625,52.25,42.774193548387096,13.961538461538462,48.41666666666666,24.72,43.56521739130435,36.73684210526316,37.1,21.966666666666665,15.464285714285714,51.63636363636363
教徒之间,77.82352941176471,50.282051282051285,63.36,57.86363636363637,56.75,45.833333333333336,66.75,60.7,53.121212121212125,49.333333333333336,29.181818181818183,30.96551724137931,60.21052631578947,77.16129032258064,21.65625,24.18918918918919,50.75,55.1,17.58823529411765,25.185185185185187,49.56666666666667,26.46153846153846,49.5625,56.35714285714285,83.16,51.388888888888886,66.0,64.22222222222223,77.67567567567568,61.96551724137931,57.02857142857143,72.75,46.32258064516129
债主-欠债人,28.41935483870968,29.857142857142858,47.94736842105263,29.82857142857143,56.375,19.03846153846154,48.583333333333336,16.413793103448278,47.14705882352941,80.46666666666667,82.06060606060606,45.3,14.558823529411764,58.41666666666666,96.58823529411764,88.10344827586206,44.42307692307692,21.60606060606061,6.428571428571429,82.25925925925925,56.35294117647059,72.95652173913044,44.67857142857143,68.35714285714286,21.161290322580644,29.928571428571427,55.07407407407408,24.84,37.56,49.11111111111112,28.09375,33.34615384615385,37.77777777777778
演奏家 - 听众,90.63333333333334,63.06666666666667,33.2,47.392857142857146,54.875,27.16,88.18518518518519,31.344827586206897,49.3125,45.15,55.95652173913044,30.5,54.04347826086956,56.774193548387096,79.86206896551724,62.0,78.78260869565217,54.65217391304348,10.409090909090908,11.703703703703704,42.77777777777778,7.837837837837838,65.57142857142857,49.70967741935484,47.46428571428572,65.56,70.22222222222223,21.806451612903224,83.48275862068965,76.375,80.83870967741936,68.06060606060606,39.0
居委会-居民,84.29032258064517,49.97058823529412,51.3125,41.833333333333336,67.03448275862068,40.903225806451616,85.5,55.77142857142857,64.89655172413794,46.06666666666667,62.53125,26.774193548387096,41.869565217391305,69.5925925925926,38.47368421052632,40.06666666666667,77.03703703703704,53.4375,4.833333333333333,36.47058823529412,66.19354838709677,20.64516129032258,81.62068965517241,78.91666666666667,72.16,67.46428571428571,60.206896551724135,75.2,66.51851851851852,75.96153846153847,72.52631578947368,62.5,35.09090909090909
作家-读者,80.53571428571429,71.41176470588235,45.48,51.66666666666666,62.44,44.21739130434783,79.71428571428571,37.53333333333333,60.4,44.85714285714285,29.39130434782609,28.15384615384616,54.78260869565217,62.142857142857146,58.96153846153846,73.81818181818181,60.40909090909091,44.48,12.7,23.344827586206897,46.27777777777778,15.761904761904765,68.14285714285714,60.958333333333336,55.69565217391305,71.03846153846153,57.72,38.30434782608695,44.77777777777778,19.384615384615383,78.19047619047619,63.0,34.58620689655172
演员-编剧,85.4,44.64705882352941,63.75,34.3448275862069,85.02857142857142,35.27586206896552,82.15625,33.36666666666667,73.5,67.29411764705883,57.40625,34.535714285714285,22.541666666666668,82.26190476190476,72.86206896551724,58.354838709677416,60.5,54.516129032258064,21.22222222222222,39.07142857142857,69.64,28.76923076923077,66.6,64.67857142857143,87.78260869565217,93.37037037037037,55.90909090909091,41.62068965517241,77.07692307692308,71.29166666666667,68.45714285714286,74.3,43.793103448275865
忠臣-反贼,3.238095238095238,47.4,41.64,19.818181818181817,56.16666666666666,8.235294117647058,35.392857142857146,6.526315789473684,14.88,89.52,43.56521739130435,50.625,7.0,46.66666666666666,42.04166666666666,44.0,19.95833333333333,10.695652173913045,2.2916666666666665,95.05882352941175,21.59375,66.7,52.48148148148148,33.464285714285715,5.625,49.96875,28.291666666666668,54.833333333333336,30.6875,38.82758620689656,30.07407407407408,4.388888888888889,26.782608695652176
远房亲戚之间,71.31818181818181,66.04761904761905,43.35,73.82608695652173,27.565217391304348,50.5,74.6086956521739,55.61904761904762,51.78947368421053,42.11764705882353,44.888888888888886,52.25,58.66666666666666,60.46428571428572,32.84,39.25806451612903,32.25925925925926,43.391304347826086,33.69565217391305,32.92857142857143,57.16666666666666,9.68,43.5,57.08,63.310344827586206,14.607142857142858,56.29166666666666,81.18181818181819,32.18181818181818,31.12,66.03448275862068,57.23076923076923,58.07142857142857
邻居之间,82.48,90.08571428571427,59.41176470588236,69.77142857142857,23.633333333333333,57.2,86.97222222222223,59.2,64.58620689655173,39.22222222222222,47.354838709677416,34.5,56.58620689655172,75.83333333333333,28.0,28.93548387096774,35.81481481481482,57.84615384615385,8.666666666666666,26.09090909090909,81.63157894736842,18.307692307692307,56.03703703703704,61.12,66.29166666666667,13.73913043478261,67.72,73.74074074074075,45.3,85.73529411764706,78.17857142857143,63.82758620689656,30.566666666666663
君臣之间,75.17241379310344,6.36,68.5909090909091,31.08,85.80645161290323,47.583333333333336,69.5,33.75,66.36,78.0,49.96153846153846,51.114285714285714,34.857142857142854,87.71875,56.52,52.36363636363637,76.7741935483871,56.354838709677416,11.0,41.32142857142857,56.55555555555556,58.78787878787879,81.24,80.41176470588235,84.72727272727273,81.45833333333333,71.47619047619048,72.14814814814815,73.46428571428571,74.58333333333333,77.03571428571429,65.75,76.90625
暧昧对象之间,86.6,83.5,83.72222222222223,81.29629629629629,18.185185185185187,87.44827586206897,24.68,66.45714285714286,58.46428571428572,34.25,43.91176470588236,71.7,86.75,68.57142857142857,39.03125,28.06451612903226,41.42857142857143,84.55172413793103,76.5,25.642857142857142,59.86206896551724,14.96,26.346153846153847,70.1,70.68,11.272727272727272,86.45454545454545,57.78125,74.3076923076923,85.66666666666667,50.2,76.0,10.387096774193548
报案人-受害者,37.42307692307692,60.73913043478261,39.96296296296296,44.90909090909091,52.53846153846154,22.5,49.88,40.16666666666666,22.72222222222222,48.5,49.0,55.09090909090909,29.454545454545453,46.51851851851852,31.192307692307693,25.22222222222222,40.04347826086956,32.083333333333336,18.541666666666668,63.04,37.13793103448276,49.25925925925926,79.24137931034483,54.6,37.12,28.25,29.9375,23.20689655172414,51.96551724137931,50.11111111111112,40.45,40.52173913043478,36.92592592592592
外公外婆-外孙/外孙女,93.96774193548389,24.692307692307693,88.05555555555556,94.51428571428572,27.77777777777778,97.625,83.72727272727273,87.96969696969697,26.1875,9.814814814814817,47.32142857142857,83.875,93.6896551724138,88.34375,11.32,6.46875,32.432432432432435,96.08333333333331,74.3076923076923,7.1923076923076925,63.11538461538461,9.9375,70.83333333333333,94.5,84.58620689655173,8.6,80.77777777777777,97.6774193548387,49.72413793103448,78.67857142857143,89.32142857142857,96.56666666666666,91.96551724137932
军官-部下,80.55555555555556,3.866666666666666,77.85185185185185,32.6551724137931,89.79310344827586,54.2258064516129,77.3,58.11111111111112,52.47368421052632,53.80645161290322,46.21875,51.333333333333336,62.94117647058823,79.2258064516129,16.805555555555557,25.97058823529412,47.38235294117647,58.26086956521739,8.521739130434783,28.705882352941178,39.68181818181818,43.8125,89.2,75.86206896551724,85.39285714285714,90.51515151515152,65.58333333333333,76.95833333333333,64.24137931034483,78.07692307692308,84.73529411764706,89.06060606060606,61.35714285714285
暗恋对象-暗恋者,72.19354838709677,60.4,53.26315789473684,81.14285714285714,17.392857142857142,57.96428571428572,15.53125,63.04,25.846153846153847,46.31578947368421,34.40909090909091,68.36,89.63157894736842,37.13793103448276,24.75,27.047619047619047,46.642857142857146,76.65217391304348,54.0,15.578947368421051,23.84,18.17391304347826,31.347826086956523,69.3,31.029411764705884,16.333333333333332,34.6,54.095238095238095,44.0,54.92307692307692,59.73076923076923,53.15,9.142857142857142
人 - 上帝,75.31818181818181,26.26086956521739,38.60606060606061,58.72727272727273,29.0,38.9,57.708333333333336,63.66666666666666,21.157894736842103,32.857142857142854,14.555555555555555,49.91304347826087,67.15789473684211,21.69696969696969,15.333333333333334,21.318181818181817,22.24242424242424,57.266666666666666,19.68421052631579,23.7,24.82758620689655,15.407407407407408,43.888888888888886,56.17391304347826,57.06666666666667,17.391304347826086,52.37931034482759,80.42857142857143,28.035714285714285,20.666666666666668,71.55172413793103,63.11538461538461,82.45454545454545
卖家-买家,79.35714285714286,81.21875,33.0,25.77777777777778,72.79310344827586,23.655172413793103,68.25,16.71875,67.88888888888889,75.6875,77.57142857142857,11.08695652173913,22.107142857142858,70.74074074074075,94.53571428571428,97.1818181818182,87.70370370370371,33.04545454545455,9.923076923076923,47.45454545454545,84.6896551724138,22.133333333333333,75.54838709677419,53.11111111111112,53.9,68.8,60.03030303030303,18.6875,65.83870967741936,41.72727272727273,59.80769230769231,58.44,25.484848484848484
师父-徒弟,81.35714285714286,26.387096774193548,90.3157894736842,65.80555555555556,52.13333333333333,71.83333333333333,77.6774193548387,64.05714285714286,52.37931034482759,43.0,44.34782608695652,66.12,70.26666666666667,87.2258064516129,37.51724137931034,38.73076923076923,58.375,77.625,12.62962962962963,22.875,52.07692307692308,31.571428571428573,68.34482758620689,82.53846153846153,84.2,65.88,81.47619047619048,80.11111111111111,67.04545454545455,84.6896551724138,87.16666666666667,86.44444444444444,82.6
老乡之间,81.33333333333333,78.51851851851852,65.85185185185185,70.23076923076923,30.58333333333333,67.38709677419355,75.46666666666667,62.58620689655172,62.07407407407408,37.12903225806452,48.91891891891892,42.03225806451613,61.42857142857143,73.4074074074074,25.115384615384617,36.28125,34.78787878787879,61.06060606060606,23.58333333333333,17.357142857142858,65.52631578947368,12.428571428571429,41.310344827586206,63.06666666666667,65.41666666666667,20.939393939393938,69.34482758620689,73.81481481481481,38.892857142857146,58.6551724137931,71.85714285714286,71.38709677419355,29.352941176470587
保姆-雇主,81.51724137931035,21.6896551724138,62.766666666666666,29.107142857142858,79.75,44.81481481481482,71.52777777777777,12.65625,82.44736842105263,86.41666666666667,84.6470588235294,33.45945945945946,24.5,82.34615384615384,94.86842105263158,72.13513513513513,93.5483870967742,51.39393939393939,12.0,43.5,65.42857142857143,19.41176470588235,73.7,64.61290322580645,70.36666666666666,88.77777777777777,71.25806451612904,41.78125,58.04347826086956,68.1304347826087,69.2,73.71428571428571,45.0
旅伴之间,91.16129032258064,91.5909090909091,66.89473684210526,73.37931034482759,32.111111111111114,70.41666666666667,61.888888888888886,69.2258064516129,65.3225806451613,39.77777777777778,53.11764705882353,69.375,68.125,76.10526315789474,33.28,20.45,36.81818181818182,69.22222222222223,38.0,32.5,77.25806451612904,10.87878787878788,42.31428571428572,67.5,82.88888888888889,20.892857142857142,79.21212121212122,38.38461538461539,84.3225806451613,75.41176470588235,69.21739130434783,75.83333333333333,17.875
继祖父母 - 继孙,87.03225806451613,13.076923076923077,81.55,83.85714285714286,28.789473684210527,85.86666666666666,72.92,84.41025641025641,24.566666666666663,19.95652173913044,44.5625,82.17857142857143,88.38888888888889,72.25,19.142857142857142,19.2,23.58620689655172,83.24137931034483,31.375,15.64516129032258,57.36666666666667,13.517241379310343,63.45454545454545,70.11538461538461,75.56521739130434,7.083333333333333,61.903225806451616,83.66666666666667,49.2962962962963,72.73913043478261,77.56,82.78125,89.92857142857143
假朋友之间（表面朋友，实则讨厌对方）,16.6875,61.53846153846154,26.53333333333333,42.53125,26.89655172413793,12.84375,36.1,21.58823529411765,44.11111111111112,69.0,35.888888888888886,37.9375,14.1,31.225806451612904,49.1,61.333333333333336,28.041666666666668,22.03125,7.111111111111111,79.16666666666667,51.4,48.74074074074074,15.0,20.83333333333333,16.64,21.85185185185185,41.72727272727273,28.96,33.8,43.53125,23.33333333333333,9.5,9.291666666666666
主治医生-病人,87.33333333333333,51.5,47.53333333333333,17.925925925925927,90.17241379310344,40.14814814814815,68.46153846153847,15.321428571428571,67.78260869565217,53.23809523809524,73.18181818181819,32.592592592592595,56.588235294117645,83.65517241379311,81.08823529411765,63.10714285714285,86.92592592592592,50.48,8.368421052631579,30.096774193548388,67.92857142857143,16.233333333333334,89.83333333333333,80.96428571428571,79.48148148148148,81.89655172413794,60.75,31.82857142857143,73.82142857142857,83.03703703703704,87.85714285714286,86.22222222222223,34.07407407407408
罪犯 - 人质,13.434782608695652,18.74074074074074,19.476190476190474,28.666666666666668,43.48275862068966,9.391304347826088,37.03703703703704,12.903225806451612,21.0,78.375,73.42857142857143,51.2,6.3,28.310344827586206,54.766666666666666,50.9375,9.71875,7.580645161290323,10.758620689655173,86.86666666666666,32.535714285714285,91.51612903225806,53.535714285714285,37.096774193548384,7.862068965517241,26.685714285714287,11.666666666666666,14.551724137931034,58.851851851851855,51.0625,11.904761904761903,6.269230769230769,33.48148148148148
寄养父母 - 寄养子女,85.0,30.91176470588235,86.05263157894737,85.23684210526316,37.27586206896552,80.58333333333333,68.62857142857143,74.8,34.411764705882355,19.15,51.7037037037037,76.58064516129032,76.05263157894737,80.41666666666667,35.67857142857143,17.166666666666668,50.625,83.92857142857143,38.25,24.071428571428573,48.8421052631579,13.846153846153848,66.22222222222223,80.44444444444444,69.73333333333333,30.4,60.76,76.36,54.53846153846154,79.6086956521739,78.08,80.58333333333333,84.5
宗教领袖 - 信徒,79.84,13.384615384615383,66.375,46.26086956521739,69.36,54.31818181818182,66.73913043478261,55.30769230769231,35.96153846153846,47.92,24.64,45.05,51.73913043478261,73.03846153846153,33.26923076923077,24.866666666666667,56.08695652173913,70.76923076923077,5.368421052631579,18.63636363636364,36.333333333333336,24.695652173913043,51.95238095238095,71.3913043478261,77.17391304347827,32.18181818181818,69.54545454545455,79.625,71.6086956521739,40.5925925925926,59.8,85.66666666666667,67.36363636363636
犯罪同伙之间,71.76470588235294,51.333333333333336,60.0,33.4,40.73333333333333,35.529411764705884,8.533333333333333,34.5,79.06666666666666,79.89285714285714,64.04,55.083333333333336,13.96774193548387,76.78260869565217,89.20689655172414,66.79310344827586,33.166666666666664,30.03448275862069,11.72,63.3,70.29166666666667,50.13793103448276,29.15384615384616,57.74074074074074,85.72413793103448,45.72,64.0,39.625,89.3,73.17857142857143,7.857142857142857,53.59090909090909,16.576923076923077
