"","x"
"1","Doctor and Patient"
"2","Student and Dorm Resident assistant"
"3","Between a person and their social media follower"
"4","Between frenemies"
"5","Between political allies"
"6","Between fans of the same sports team"
"7","Landlord and Tenant"
"8","Television host and Guest"
"9","Bully and Victim"
"10","Between diplomats"
"11","Between church members"
"12","Athlete and Referee"
"13","Slave and Master"
"14","Ancestor and Descendant"
"15","Reviewer and Writer"
"16","Volunteer and Organizer"
"17","Babysitter and Infant"
"18","Judge and Contestant"
"19","Researcher and Research Subject"
"20","Between Business Partners"
"21","Politician and Supporter"
"22","Police officer and Civilian"
"23","Salesperson and Customer"
"24","Team Captain and Team Members"
"25","Predecessor and Successor"
"26","Between criminal and their accomplice"
"27","Between ex-lovers"
"28","Teacher and Student"
"29","Leader and Follower"
"30","Driver and Passenger"
"31","Reader and Writer"
"32","Native and Tourist"
"33","Victim and Witness"
"34","Man and God"
"35","Between strangers"
"36","Guest and Host"
"37","Between enemies"
"38","Between Siblings"
"39","Employer and Employee"
