"","x"
"1","Between teammates in sports"
"2","Between neighbors"
"3","Between casual acquaintances"
"4","Between confidants"
"5","Between a person and their crush"
"6","Prostitute and Customer"
"7","Celebrity and Haters"
"8","Intern and Employee"
"9","Performer and Audience"
"10","Between cohabitants"
"11","Between a monarch and their minister"
"12","Defendant and Plaintiff"
"13","Between Facebook Friends"
"14","Entrepreneur and Investor"
"15","Between peers"
"16","Doctor and Nurse"
"17","Drug dealer and Addict"
"18","Between fans of opposing sports teams"
"19","Man Wife and Man Mistress"
"20","University student and Administrator"
"21","Criminal and Police officer"
"22","Celebrity and Fans"
"23","Between distant relatives"
"24","Director and Performer"
"25","Guide and Tourist"
"26","Judge and Lawyer"
"27","Wife and Husband"
"28","Doctor and Patient"
"29","Student and Dorm Resident assistant"
"30","Between a person and their social media follower"
"31","Between frenemies"
"32","Between political allies"
"33","Between fans of the same sports team"
"34","Landlord and Tenant"
"35","Television host and Guest"
"36","Bully and Victim"
"37","Between diplomats"
"38","Between church members"
"39","Athlete and Referee"
"40","Slave and Master"
"41","Ancestor and Descendant"
"42","Reviewer and Writer"
"43","Volunteer and Organizer"
"44","Babysitter and Infant"
"45","Judge and Contestant"
"46","Researcher and Research Subject"
"47","Between Business Partners"
"48","Politician and Supporter"
"49","Police officer and Civilian"
"50","Salesperson and Customer"
"51","Team Captain and Team Members"
"52","Predecessor and Successor"
"53","Between criminal and their accomplice"
"54","Between ex-lovers"
"55","Teacher and Student"
"56","Leader and Follower"
"57","Driver and Passenger"
"58","Reader and Writer"
"59","Native and Tourist"
"60","Victim and Witness"
"61","Man and God"
"62","Between strangers"
"63","Guest and Host"
"64","Between enemies"
"65","Between Siblings"
"66","Employer and Employee"
