,Parent and Child,Parent and Teenager,Wife and Husband,Fiance and Fiancee,Between Siblings,Between divorced spouses,Between a person and their in-laws,Between cousins,Employer and Employee,Interviewer and Job applicant,Guard and Prisoner,Nurse and Patient,Therapist and Patient,Salesperson and Customer,Between Business Partners,Between opposing negotiators,Between political opponents,Between business rivals,Between enemies,Teacher and Student,Professor and Graduate student,Master and Servant,Between Close Friends,Between casual acquaintances,Between teammates in sports,Between second cousins,Parent and Infant,Grandparent and Grandchild,Step-parent and Step-child,Foster-parent and Foster-child,Godparent and Godchild,Step-grandparent and Step-grandchild,Ancestor and Descendant,Bride and Groom,Man and His Mistress,Man Wife and Man Mistress,Brother and Sister,Between step-siblings,Between distant relatives,Between close relatives,Between twins,Between a person and their family friends,Between a person and their deceased spouse,Manager and Staff,Foreman and Laborer,Owner and Manager,Union leader and union member,Manager and Assistant,Chief and Deputy,Supervisor and Subordinate,Boss and Secretary,Entrepreneur and Investor,Intern and Employee,Lawyer and Client,Judge and Lawyer,Victim and Criminal,Drug dealer and Addict,Victim and Witness,Criminal and Police officer,Criminal and Prosecutor,Criminal and Hostage,Defendant and Plaintiff,Police officer and Offender,Police officer and Civilian,Parole officer and Parolee,Consultant and Client,Chef and Customer,Customer and Server,Customer and Businessman,Doctor and Patient,Doctor and Nurse,Patient and Caretaker,Driver and Passenger,Coach and athlete,Team Captain and Team Members,Club Member and Club President,Politician and Supporter,Leader and Follower,Representative and Citizen,Officer and Soldier,Babysitter and Infant,Religious leader and Congregant,Between religious followers,Prostitute and Customer,Guide and Tourist,Athlete and Referee,Slave and Master,Reader and Writer,Reviewer and Writer,Performer and Audience,Dealer and Buyer,Sugar-daddy and Sugar-baby,Director and Performer,Psychologist and Client,Judge and Contestant,Man and God,Between Co-workers,Between sports rivals,Between romantic rivals,Between criminal and their accomplice,Between diplomats,Principal and Teacher,Professor and Teaching Assistant,University student and Administrator,Student and Dorm Resident assistant,Mentor and Mentee,Athletic trainer and Trainee,Researcher and Research Subject,Between peers,Between classmates,Between roommates,Between sorority sisters,Between fraternity brothers,Bride and Bridesmaid,Groom and Groomsman,Predecessor and Successor,Landlord and Tenant,Landlord and Housekeeper,Guest and Host,Television host and Guest,Volunteer and Organizer,Celebrity and Fans,Celebrity and Haters,Native and Tourist,Bully and Victim,Between friends,Between Facebook Friends,Between a person and their social media follower,Between childhood friends,Between pen-friends,Between friends with benefits,Between political allies,Between romantic lovers,Between ex-lovers,Between life-partners,Between soul-mates,Between strangers,Between neighbors,Between church members,Between fans of the same sports team,Between fans of opposing sports teams,Superior and Subordinate,Aunt and Niece/Nephew,Uncle and Niece/Nephew,Between frenemies,Between half-siblings,Between adoptive parents and adopted kids,Mother and Infant,Between alumni,Between a monarch and their minister,Between confidants,Between a person and their significant other,Between companions,Between playmates,Between competitors in sports,Between a person and their crush,Between cohabitants,Between long-distance lovers,Between brothers-in-arms
Valence Evaluation,80.0,56.25,95.95454545454545,98.0,64.05263157894737,31.7,59.333333333333336,70.92857142857143,67.76923076923077,60.583333333333336,30.15,91.04761904761905,82.36842105263158,50.083333333333336,81.10526315789474,9.0,2.526315789473684,2.238095238095238,0.4,82.61111111111111,87.25,49.57142857142857,88.28571428571429,62.416666666666664,69.4,72.38461538461539,96.29411764705883,88.6923076923077,71.47058823529412,81.89473684210526,84.0,89.35714285714286,83.75,95.42105263157895,79.66666666666667,60.64705882352941,66.9090909090909,54.611111111111114,72.66666666666667,82.92857142857143,78.8695652173913,84.58823529411765,66.71428571428571,75.21052631578948,71.46666666666667,58.857142857142854,81.29411764705883,67.78571428571429,80.6842105263158,68.16666666666667,83.1,87.9,72.64285714285714,87.75,52.8421052631579,8.3125,54.166666666666664,58.89473684210526,11.555555555555555,12.1875,2.4,5.714285714285714,11.61111111111111,51.833333333333336,57.5625,86.3913043478261,72.53333333333333,73.44444444444444,58.0,86.06666666666666,82.88235294117646,79.8,75.625,83.92857142857143,81.0,70.25,76.73333333333333,60.7,63.22727272727273,73.44444444444444,83.93333333333334,81.23529411764706,80.4375,64.0,88.25,41.2,22.8125,78.25,61.36363636363637,73.17647058823529,58.30769230769231,75.53333333333333,74.8,86.6,56.4375,76.28571428571429,57.625,2.5384615384615383,10.928571428571429,76.44444444444444,37.7,78.54545454545455,85.57894736842105,72.95454545454545,74.15384615384616,83.3125,79.5,80.68181818181819,59.57142857142857,49.6875,70.125,81.52631578947368,82.54166666666667,89.5,78.84615384615384,56.733333333333334,73.72727272727273,83.26666666666667,70.44444444444444,67.625,86.86666666666666,45.6,6.761904761904762,45.5,9.2,88.22222222222223,58.294117647058826,55.476190476190474,79.625,81.13333333333334,79.28,75.04761904761905,93.375,11.909090909090908,96.23076923076923,98.3,42.666666666666664,72.38888888888889,80.125,84.91304347826087,1.736842105263158,58.05555555555556,83.75,88.0,11.5625,58.89473684210526,91.1,90.73333333333333,69.35714285714286,70.78571428571429,88.17647058823529,94.1875,90.70588235294117,76.85714285714286,6.454545454545454,63.529411764705884,94.0,96.53333333333333,88.41176470588235
Equality,2.1,20.2,87.0,87.27777777777777,78.0,62.4375,55.8,88.8125,7.9,11.142857142857142,0.7368421052631579,38.75,35.26315789473684,38.95652173913044,80.1,75.0,80.26315789473684,86.11764705882354,69.1,11.411764705882353,10.5,1.5,90.6086956521739,69.58823529411765,78.0,84.28571428571429,7.5,15.6,14.8,15.25,21.833333333333332,23.647058823529413,51.5625,93.1,43.23809523809524,43.166666666666664,77.0,86.28571428571429,78.0,61.733333333333334,88.29411764705883,86.26315789473684,78.1,11.318181818181818,10.846153846153847,13.666666666666666,14.45,10.2,11.882352941176471,4.5,7.764705882352941,27.692307692307693,28.58823529411765,25.263157894736842,11.25,19.555555555555557,16.733333333333334,55.357142857142854,9.75,13.0,2.5625,44.833333333333336,11.0,13.318181818181818,7.764705882352941,24.625,36.0,27.65,37.357142857142854,13.65,24.866666666666667,15.214285714285714,36.083333333333336,22.227272727272727,23.5,12.846153846153847,33.35294117647059,2.8,22.0,11.666666666666666,8.909090909090908,10.6,67.75,37.857142857142854,54.27272727272727,8.75,5.095238095238095,37.57142857142857,40.705882352941174,35.05882352941177,31.58823529411765,23.863636363636363,14.631578947368421,34.0,6.956521739130435,8.523809523809524,71.57142857142857,82.47058823529412,47.93333333333333,66.66666666666667,78.05555555555556,15.411764705882353,18.0,4.466666666666667,34.8235294117647,12.882352941176471,32.07692307692308,23.238095238095237,91.07142857142857,92.57142857142857,92.46666666666667,77.61111111111111,89.0,43.421052631578945,51.666666666666664,37.06666666666667,18.789473684210527,7.75,42.84615384615385,50.15384615384615,29.375,22.823529411764707,35.05882352941177,52.714285714285715,14.368421052631579,93.86363636363636,85.88235294117646,26.5625,83.88888888888889,88.0625,90.2,74.4,82.5,77.23076923076923,84.15789473684211,97.4,76.1875,84.0909090909091,88.0,84.1,81.6,4.5,18.11764705882353,30.764705882352942,70.54545454545455,80.125,20.772727272727273,10.6,80.84210526315789,8.307692307692308,85.05263157894737,94.71428571428571,91.73684210526316,88.61904761904762,78.66666666666667,60.76470588235294,88.25,88.6,76.54545454545455
Activity Intensity,94.5,88.05,96.22727272727273,98.0,90.14285714285714,46.666666666666664,67.95,59.875,72.0,23.76923076923077,49.28,44.0,65.17647058823529,23.736842105263158,58.5625,31.5,50.64705882352941,36.0,60.214285714285715,62.142857142857146,56.35,63.888888888888886,88.07142857142857,15.818181818181818,81.66666666666667,47.5,98.2,84.18181818181819,90.21052631578948,88.82352941176471,72.2,78.16666666666667,32.333333333333336,93.5,67.66666666666667,45.75,81.88235294117646,75.55555555555556,40.0,83.73333333333333,94.0,86.0,67.5625,62.6875,53.76923076923077,51.93333333333333,35.0,55.9,74.0,52.26086956521739,58.63157894736842,47.1875,48.857142857142854,51.4375,51.05,29.75,41.4375,28.434782608695652,38.0,37.22727272727273,40.55555555555556,41.8,30.48,30.666666666666668,53.8,35.583333333333336,15.0,26.11764705882353,38.470588235294116,45.27777777777778,62.68421052631579,69.05555555555556,19.157894736842106,67.91666666666667,74.125,62.30769230769231,15.642857142857142,58.611111111111114,18.470588235294116,53.57142857142857,66.85714285714286,61.8,59.76470588235294,27.555555555555557,6.368421052631579,36.94117647058823,64.06666666666666,22.1,30.454545454545453,26.444444444444443,16.615384615384617,59.64705882352941,47.333333333333336,67.15,26.5625,57.93333333333333,59.266666666666666,44.4375,53.11764705882353,56.0,34.0,69.5,65.61904761904762,37.05263157894737,43.6875,79.61538461538461,64.55555555555556,37.0,48.588235294117645,40.916666666666664,66.75,83.33333333333333,76.52,78.5,72.10526315789474,50.06666666666667,37.76923076923077,31.23076923076923,44.61904761904762,17.47826086956522,52.470588235294116,12.473684210526315,9.75,15.375,49.57142857142857,83.0,36.57142857142857,27.27777777777778,81.57142857142857,58.083333333333336,69.18181818181819,47.0,97.95,58.13333333333333,88.93333333333334,94.2,5.0,43.642857142857146,62.35,39.166666666666664,17.785714285714285,40.72222222222222,80.15384615384616,67.3125,47.35,73.63157894736842,94.57142857142857,94.94736842105263,40.07142857142857,58.30769230769231,83.41176470588235,98.55555555555556,95.6,57.6875,41.94444444444444,55.9,80.38888888888889,86.8125,81.16666666666667
Socioemotional,92.33333333333333,85.14285714285714,91.8,90.73913043478261,95.92307692307692,61.2,87.85714285714286,86.26666666666667,10.285714285714286,3.8947368421052633,1.3888888888888888,22.533333333333335,35.4,17.533333333333335,7.538461538461538,14.545454545454545,19.857142857142858,5.052631578947368,48.64705882352941,16.166666666666668,19.3,20.0,93.25,65.14285714285714,46.214285714285715,89.875,83.875,88.81818181818181,83.0,86.96296296296296,91.875,93.46666666666667,84.27777777777777,96.53846153846153,83.0,61.72222222222222,90.92307692307692,77.14285714285714,80.25,90.6,84.66666666666667,71.0909090909091,91.29411764705883,10.666666666666666,6.791666666666667,10.176470588235293,3.642857142857143,11.833333333333334,17.095238095238095,10.619047619047619,7.5,14.6875,8.681818181818182,3.0526315789473686,15.294117647058824,37.0625,14.555555555555555,24.4,6.111111111111111,11.0,18.46153846153846,6.090909090909091,11.470588235294118,14.266666666666667,10.777777777777779,5.285714285714286,25.42105263157895,16.25,1.1176470588235294,15.117647058823529,9.0,38.2,25.53846153846154,22.875,14.538461538461538,40.625,8.2,27.833333333333332,18.75,18.4375,51.142857142857146,49.36842105263158,53.07692307692308,20.272727272727273,10.222222222222221,12.846153846153847,12.5,21.0625,10.933333333333334,36.5,30.666666666666668,50.0,20.375,28.125,9.75,74.93333333333334,29.0,33.6875,71.8,18.571428571428573,11.090909090909092,22.0,9.166666666666666,14.826086956521738,28.428571428571427,31.058823529411764,9.3125,18.214285714285715,62.142857142857146,54.1875,70.15384615384616,78.13333333333334,84.05882352941177,71.19047619047619,79.61538461538461,21.176470588235293,12.117647058823529,5.65,28.454545454545453,12.85,21.071428571428573,39.86666666666667,46.291666666666664,28.818181818181817,53.68421052631579,91.28571428571429,79.38888888888889,56.958333333333336,87.77272727272727,79.94736842105263,71.66666666666667,24.9,98.5,77.63157894736842,95.14285714285714,99.0,52.93333333333333,76.23076923076923,81.05263157894737,75.64285714285714,38.36363636363637,9.45,95.14285714285714,88.375,67.88888888888889,83.35714285714286,94.8,98.23076923076923,34.421052631578945,37.05263157894737,66.47058823529412,89.6923076923077,84.625,72.5,7.882352941176471,86.11111111111111,58.916666666666664,97.21052631578948,53.333333333333336
Formality and Regulation,12.923076923076923,19.52173913043478,20.285714285714285,21.473684210526315,2.588235294117647,54.04761904761905,36.04545454545455,3.2666666666666666,94.55555555555556,90.08695652173913,84.9375,86.46666666666667,88.0,87.27777777777777,86.36842105263158,93.23076923076923,77.85,80.30434782608695,24.647058823529413,88.85714285714286,93.78571428571429,84.0,13.3125,13.727272727272727,52.5,23.0,3.0,6.888888888888889,20.38888888888889,22.0,18.789473684210527,18.210526315789473,23.5,8.833333333333334,20.941176470588236,12.142857142857142,18.9,8.571428571428571,24.473684210526315,14.75,16.625,6.0,9.631578947368421,87.73333333333333,85.38461538461539,92.88235294117646,89.625,84.36363636363636,89.6470588235294,91.73684210526316,94.9,97.13333333333334,91.45454545454545,96.05555555555556,95.0,36.214285714285715,52.125,68.81818181818181,71.66666666666667,92.8,48.73684210526316,92.55,85.36842105263158,83.92857142857143,96.73333333333333,92.55555555555556,80.0,91.61111111111111,89.29411764705883,89.26666666666667,90.07692307692308,82.6842105263158,59.5,68.95238095238095,76.4,80.0,80.9,75.4,78.04761904761905,92.94117647058823,42.9,83.23076923076923,44.8,65.95238095238095,78.38095238095238,85.93333333333334,67.0,53.57142857142857,71.47058823529412,69.81818181818181,87.3529411764706,34.22222222222222,84.22222222222223,89.44444444444444,80.83333333333333,29.176470588235293,86.0,57.89473684210526,15.25,28.75,95.1,91.61904761904762,81.71428571428571,90.2,74.13333333333334,60.68421052631579,76.84615384615384,84.25,11.6,32.333333333333336,25.705882352941178,29.19047619047619,14.266666666666667,32.73684210526316,46.22222222222222,82.45,91.38461538461539,79.5,57.6,81.5,68.84615384615384,34.07142857142857,30.25,49.77777777777778,16.19047619047619,11.6,20.46153846153846,32.25,3.0714285714285716,10.928571428571429,12.411764705882353,78.3125,19.36842105263158,17.933333333333334,8.944444444444445,5.428571428571429,45.72222222222222,25.466666666666665,38.35294117647059,15.647058823529411,29.0,93.35,13.722222222222221,20.25,34.5,7.714285714285714,5.733333333333333,10.095238095238095,46.46153846153846,82.85,18.88888888888889,16.210526315789473,8.3,11.136363636363637,58.285714285714285,16.066666666666666,32.07692307692308,11.625,33.529411764705884
Intimacy,83.63157894736842,56.611111111111114,99.23809523809524,98.6842105263158,58.111111111111114,32.4,42.89473684210526,20.25,13.6,3.0,14.142857142857142,21.454545454545453,30.38888888888889,1.1333333333333333,15.238095238095237,8.76923076923077,5.7368421052631575,3.25,8.9375,10.705882352941176,14.235294117647058,16.071428571428573,67.3076923076923,12.25,38.46153846153846,24.11111111111111,85.125,80.66666666666667,60.470588235294116,70.92307692307692,53.95,50.26315789473684,27.333333333333332,99.93333333333334,93.76923076923077,53.125,36.23529411764706,18.555555555555557,7.894736842105263,62.666666666666664,51.5625,58.388888888888886,62.166666666666664,6.2,4.933333333333334,12.6,6.5,18.285714285714285,7.0,9.157894736842104,7.769230769230769,7.294117647058823,10.5,18.285714285714285,3.9411764705882355,11.8,10.214285714285714,4.8,4.95,9.4,1.1666666666666667,5.714285714285714,1.3,4.222222222222222,1.2142857142857142,6.428571428571429,0.9473684210526315,5.909090909090909,4.153846153846154,7.642857142857143,10.23076923076923,29.0,13.222222222222221,19.4375,9.733333333333333,16.125,5.0,27.09090909090909,8.944444444444445,6.636363636363637,44.23529411764706,25.928571428571427,21.4,64.28571428571429,3.6153846153846154,12.647058823529411,13.285714285714286,8.590909090909092,9.571428571428571,16.23076923076923,5.083333333333333,79.52173913043478,16.928571428571427,27.642857142857142,6.105263157894737,54.2,18.235294117647058,6.166666666666667,15.588235294117647,21.8,15.176470588235293,12.909090909090908,8.8125,8.0,12.571428571428571,24.095238095238095,14.823529411764707,11.933333333333334,30.133333333333333,21.77777777777778,33.625,46.1875,43.375,56.166666666666664,33.833333333333336,11.31578947368421,0.7857142857142857,6.75,13.38888888888889,7.7368421052631575,6.1875,12.217391304347826,1.3157894736842106,6.625,2.0588235294117645,63.27777777777778,35.0,9.705882352941176,48.07142857142857,47.36363636363637,88.94117647058823,11.307692307692308,97.5625,41.041666666666664,98.58823529411765,93.125,3.2857142857142856,24.58823529411765,26.6,24.35,2.4705882352941178,2.9444444444444446,50.09090909090909,52.89473684210526,16.11111111111111,31.5,76.86666666666666,78.66666666666667,13.882352941176471,9.833333333333334,59.611111111111114,97.65,75.0,45.89473684210526,12.666666666666666,61.0,44.4375,89.2,25.7
Visibility,42.78947368421053,34.92307692307692,40.19047619047619,32.13333333333333,48.18181818181818,30.444444444444443,27.88235294117647,42.42857142857143,79.72727272727273,63.05555555555556,53.55555555555556,51.21052631578947,6.85,84.3125,69.6923076923077,61.53846153846154,88.65,62.85,54.85,80.2,64.0,38.333333333333336,40.8421052631579,68.625,79.0,43.25,31.4375,43.53846153846154,30.526315789473685,43.75,28.615384615384617,39.8125,30.555555555555557,40.61904761904762,8.68421052631579,3.4285714285714284,51.625,37.46153846153846,36.11764705882353,38.0625,32.7,58.733333333333334,9.666666666666666,82.29411764705883,79.94444444444444,76.35714285714286,80.63636363636364,81.375,80.5625,70.37037037037037,75.0,43.421052631578945,72.6,30.88888888888889,66.70588235294117,58.84615384615385,8.666666666666666,48.904761904761905,72.93333333333334,64.16666666666667,46.0,72.93333333333334,65.70588235294117,88.0,44.76923076923077,43.0,74.83333333333333,75.55,82.26666666666667,17.285714285714285,64.33333333333333,46.666666666666664,65.52941176470588,75.6842105263158,79.86666666666666,80.9,85.42105263157895,66.33333333333333,82.9,77.22222222222223,41.65,82.125,51.57142857142857,6.909090909090909,80.52173913043478,95.21428571428571,39.904761904761905,56.1578947368421,74.0,91.82352941176471,54.46153846153846,32.69230769230769,75.2,20.9,81.5,23.384615384615383,77.73684210526316,90.76470588235294,29.941176470588236,16.227272727272727,62.470588235294116,86.5,77.66666666666667,60.125,82.0,38.1764705882353,65.83333333333333,64.15384615384616,48.76470588235294,75.6470588235294,39.19047619047619,52.4,49.875,51.94444444444444,62.23529411764706,57.416666666666664,63.357142857142854,42.92307692307692,53.19047619047619,89.38461538461539,79.07142857142857,78.94444444444444,83.85714285714286,72.29411764705883,61.06666666666667,45.111111111111114,65.94736842105263,75.33333333333333,54.10526315789474,15.529411764705882,13.0,67.38095238095238,21.7,16.176470588235293,52.473684210526315,34.4,62.611111111111114,53.88235294117647,78.21052631578948,73.32,78.82352941176471,77.66666666666667,33.76470588235294,53.26315789473684,35.05263157894737,53.23076923076923,37.76923076923077,38.421052631578945,60.64705882352941,46.76923076923077,21.875,43.78947368421053,40.166666666666664,39.1764705882353,88.5,26.72222222222222,28.0,15.266666666666667,66.58333333333333
Communal Sharing,93.58333333333333,93.42105263157895,90.95833333333333,85.16666666666667,85.0,27.444444444444443,63.083333333333336,83.95652173913044,12.583333333333334,42.3,35.77777777777778,29.5,22.61111111111111,4.0476190476190474,41.3125,15.176470588235293,24.736842105263158,14.235294117647058,18.285714285714285,58.2,29.846153846153847,13.083333333333334,87.75,50.4375,76.06666666666666,70.5,93.88888888888889,86.0,86.13333333333334,76.07142857142857,85.16666666666667,79.64285714285714,80.63157894736842,93.1304347826087,51.583333333333336,44.42857142857143,88.04347826086956,81.52631578947368,76.5,91.42857142857143,90.06666666666666,88.46153846153847,82.44444444444444,22.3125,9.55,16.6,23.928571428571427,28.0,45.142857142857146,25.5,18.58823529411765,5.230769230769231,22.15,8.421052631578947,9.642857142857142,6.916666666666667,7.714285714285714,49.666666666666664,17.041666666666668,19.785714285714285,8.55,22.0,19.652173913043477,30.94736842105263,14.0,17.227272727272727,6.9411764705882355,2.8823529411764706,7.866666666666666,11.15,46.888888888888886,31.647058823529413,34.77777777777778,42.8421052631579,60.666666666666664,33.0,14.5,47.76470588235294,28.235294117647058,43.75,27.555555555555557,52.9,70.0,6.421052631578948,22.333333333333332,29.0,14.785714285714286,12.714285714285714,27.22222222222222,6.142857142857143,3.4375,15.764705882352942,25.176470588235293,19.238095238095237,9.916666666666666,73.70833333333333,57.46153846153846,35.13333333333333,34.45,56.083333333333336,40.266666666666666,32.0,30.88235294117647,20.0,41.333333333333336,39.416666666666664,15.4,18.291666666666668,63.25,56.0,55.86363636363637,78.61111111111111,80.16666666666667,74.7,71.76470588235294,37.18181818181818,5.428571428571429,12.666666666666666,39.84615384615385,36.81818181818182,57.17391304347826,27.625,30.3125,18.27777777777778,27.764705882352942,86.94736842105263,58.0,48.38461538461539,82.58333333333333,63.95,61.65217391304348,28.2,96.4375,53.55,91.52631578947368,98.14285714285714,40.13333333333333,64.28571428571429,82.9,58.285714285714285,35.05,25.357142857142858,89.46666666666667,83.3529411764706,37.94444444444444,80.63157894736842,97.625,92.6875,61.666666666666664,44.86666666666667,75.78571428571429,83.07142857142857,85.41176470588235,80.9375,35.25,59.3,85.76923076923077,80.94444444444444,83.625
Expected Reciprocity,60.411764705882355,70.66666666666667,92.76190476190476,91.1,82.92857142857143,42.84615384615385,68.78571428571429,68.15384615384616,51.0,50.0,9.88888888888889,15.222222222222221,47.44444444444444,40.8,84.94736842105263,51.77777777777778,32.30769230769231,21.75,23.555555555555557,46.95,29.647058823529413,19.76923076923077,84.91304347826087,46.3125,76.76470588235294,55.0,59.888888888888886,57.54545454545455,79.53333333333333,53.470588235294116,58.15,66.5625,34.06666666666667,83.0625,63.642857142857146,36.785714285714285,83.71428571428571,77.47058823529412,47.77777777777778,72.2,76.17647058823529,68.33333333333333,2.4,68.88235294117646,53.94736842105263,43.75,67.81818181818181,63.5,54.61538461538461,49.6,62.6875,76.72727272727273,73.6923076923077,57.88235294117647,43.86666666666667,8.142857142857142,66.52941176470588,30.263157894736842,16.5625,34.9,11.9375,26.9375,18.2,26.692307692307693,18.09090909090909,52.7,39.333333333333336,62.391304347826086,68.0,34.13333333333333,62.0,24.95,41.55555555555556,55.75,70.0,47.9375,22.15,43.166666666666664,44.8421052631579,28.23076923076923,32.6,53.0,56.76470588235294,50.625,31.526315789473685,48.92857142857143,10.307692307692308,23.285714285714285,52.0,38.84615384615385,57.92307692307692,61.6875,58.43478260869565,56.17391304347826,30.0,34.1875,81.55,62.0,12.083333333333334,48.06666666666667,74.07692307692308,52.88235294117647,61.1764705882353,39.44444444444444,32.642857142857146,44.583333333333336,53.72222222222222,33.857142857142854,66.84615384615384,63.916666666666664,82.17647058823529,76.625,76.70588235294117,67.375,52.4,43.30769230769231,80.17647058823529,64.82352941176471,49.51851851851852,38.785714285714285,52.23076923076923,16.423076923076923,2.4375,49.588235294117645,6.842105263157895,77.42857142857143,54.0,24.833333333333332,84.5,87.75,79.5,58.25,89.76470588235294,51.30769230769231,79.29411764705883,95.47058823529412,33.266666666666666,66.2,78.3125,67.125,27.347826086956523,42.55555555555556,69.3125,65.89473684210526,37.93333333333333,71.7,64.3076923076923,54.61538461538461,52.46666666666667,39.5,82.9047619047619,88.6923076923077,91.0,75.95,37.083333333333336,45.625,84.15384615384616,96.53333333333333,82.65
Strategic,21.23076923076923,23.61904761904762,27.5625,17.153846153846153,26.416666666666668,47.125,28.11764705882353,11.352941176470589,79.0,84.33333333333333,45.529411764705884,55.5,80.28571428571429,90.6923076923077,94.10526315789474,89.05,84.125,84.13636363636364,51.54545454545455,57.42857142857143,62.214285714285715,65.10526315789474,20.31578947368421,27.235294117647058,63.35,19.235294117647058,9.8,6.666666666666667,14.666666666666666,13.35,21.642857142857142,16.09090909090909,7.3125,21.764705882352942,24.058823529411764,22.357142857142858,14.411764705882353,23.642857142857142,14.2,14.75,16.058823529411764,16.166666666666668,2.8333333333333335,80.625,88.47826086956522,83.9047619047619,78.0909090909091,84.75,58.294117647058826,90.08,72.78571428571429,97.0,81.38095238095238,91.875,86.88235294117646,37.05882352941177,72.53846153846153,47.5,59.5625,73.93333333333334,60.785714285714285,84.72727272727273,71.28571428571429,63.38461538461539,80.92307692307692,87.57894736842105,79.0,85.55555555555556,98.5625,70.52941176470588,67.47368421052632,51.0,58.3125,71.6,70.0,66.38461538461539,78.53333333333333,70.6875,75.08333333333333,61.46666666666667,19.11764705882353,43.11764705882353,27.533333333333335,81.89473684210526,81.83333333333333,78.28571428571429,53.22222222222222,59.1,67.71428571428571,64.33333333333333,92.07142857142857,67.33333333333333,76.2,70.35714285714286,71.5,19.88888888888889,67.94444444444444,55.88235294117647,30.363636363636363,53.666666666666664,96.95,76.86666666666666,72.1,68.54545454545455,51.86666666666667,57.53846153846154,79.6,64.83333333333333,40.61538461538461,49.3125,40.31578947368421,21.5,19.666666666666668,27.26923076923077,41.42857142857143,64.91666666666667,93.8125,85.88235294117646,49.23809523809524,70.35714285714286,63.333333333333336,66.64285714285714,26.0,62.94117647058823,24.77777777777778,20.4,23.272727272727273,60.27777777777778,26.15,21.285714285714285,40.64705882352941,80.16666666666667,22.047619047619047,31.8125,31.529411764705884,13.263157894736842,37.111111111111114,37.94444444444444,34.785714285714285,47.07142857142857,31.0,71.15789473684211,12.125,9.0,53.11764705882353,23.80952380952381,13.764705882352942,2.388888888888889,43.111111111111114,74.2,20.066666666666666,28.88888888888889,34.333333333333336,36.15384615384615,76.9090909090909,25.933333333333334,43.72222222222222,9.64,44.46666666666667
Concreteness,32.57142857142857,32.5,43.81481481481482,35.5,36.266666666666666,50.94117647058823,23.476190476190474,20.785714285714285,89.3529411764706,55.785714285714285,73.3076923076923,76.33333333333333,42.2,96.6923076923077,75.53333333333333,60.0,42.095238095238095,47.9,40.15384615384615,48.25,53.285714285714285,52.57142857142857,28.045454545454547,31.4,28.61904761904762,25.833333333333332,41.23529411764706,27.5,30.8125,44.23076923076923,17.9,26.142857142857142,18.22222222222222,49.13333333333333,51.64705882352941,50.4,22.866666666666667,24.727272727272727,25.31578947368421,25.142857142857142,13.533333333333333,33.85,12.277777777777779,74.29411764705883,85.38888888888889,78.54545454545455,74.18181818181819,58.6,46.5625,55.95,65.52941176470588,96.75,66.0,65.9090909090909,64.91666666666667,56.76923076923077,93.15384615384616,37.9,36.61904761904762,41.166666666666664,40.666666666666664,68.13333333333334,55.5,33.22222222222222,51.888888888888886,68.38095238095238,91.8125,89.88235294117646,94.5,70.55,61.5,66.42857142857143,73.4,41.8125,35.36363636363637,55.31578947368421,27.583333333333332,43.0,29.0,53.86666666666667,63.0,29.833333333333332,10.8,92.0625,65.0909090909091,41.86666666666667,62.857142857142854,47.111111111111114,51.86363636363637,40.45454545454545,86.72727272727273,72.3157894736842,51.75,67.3125,53.4,20.0,46.72222222222222,36.833333333333336,18.5,62.357142857142854,36.69565217391305,64.8,52.421052631578945,52.8,45.89473684210526,43.27777777777778,66.21052631578948,64.4375,31.647058823529413,47.357142857142854,36.94117647058823,19.235294117647058,15.736842105263158,35.04761904761905,12.333333333333334,26.0625,88.0,81.0952380952381,54.86363636363637,40.285714285714285,49.89473684210526,19.533333333333335,14.764705882352942,47.21052631578947,29.571428571428573,41.0625,16.055555555555557,27.22222222222222,13.6,34.6875,69.875,42.09090909090909,30.307692307692307,23.333333333333332,37.53846153846154,30.764705882352942,43.2,21.5,17.176470588235293,26.263157894736842,20.666666666666668,27.076923076923077,26.5,27.0,34.94736842105263,46.916666666666664,21.833333333333332,48.166666666666664,31.952380952380953,41.333333333333336,18.8,29.4375,39.666666666666664,25.25,37.578947368421055,13.55,38.75,34.294117647058826,26.928571428571427
Uniqueness,76.46666666666667,80.4375,97.7,86.76190476190476,89.8,96.0,73.89473684210526,73.73333333333333,58.0,54.333333333333336,32.4,32.8125,45.76190476190476,9.76923076923077,57.65,45.61538461538461,44.23076923076923,59.625,51.38461538461539,28.9375,33.73684210526316,58.833333333333336,68.13333333333334,29.157894736842106,52.416666666666664,70.05555555555556,88.6470588235294,89.77777777777777,81.85,79.0,89.2,92.15,66.16666666666667,91.61538461538461,78.16666666666667,78.61538461538461,83.26315789473684,87.63157894736842,51.5,87.6,87.55,75.5,84.07692307692308,49.388888888888886,49.57142857142857,50.88235294117647,38.84615384615385,65.1875,58.5,43.25,81.07692307692308,45.8,54.05555555555556,50.9375,31.428571428571427,67.29411764705883,33.9375,59.9375,26.294117647058822,42.111111111111114,65.23076923076923,60.3125,27.0,7.857142857142857,53.8,41.1578947368421,9.631578947368421,11.777777777777779,23.125,37.611111111111114,43.5,46.46153846153846,17.533333333333335,43.91304347826087,33.1875,46.142857142857146,16.428571428571427,34.3125,21.705882352941178,35.2,65.0,32.54545454545455,50.42857142857143,41.45454545454545,29.894736842105264,40.53333333333333,52.9375,13.4,51.4,16.625,34.2,71.15789473684211,40.470588235294116,62.125,42.72727272727273,46.57142857142857,30.823529411764707,45.375,64.35,62.92857142857143,52.4,63.27272727272727,55.64705882352941,37.266666666666666,28.1875,45.857142857142854,66.82352941176471,32.57142857142857,25.68421052631579,34.666666666666664,49.4375,38.86666666666667,59.142857142857146,85.4375,66.71428571428571,65.58823529411765,42.857142857142854,44.8235294117647,43.888888888888886,24.666666666666668,35.733333333333334,13.75,15.76923076923077,24.714285714285715,59.666666666666664,54.90909090909091,26.8125,12.428571428571429,63.578947368421055,56.25,50.42857142857143,35.9,75.81818181818181,59.31578947368421,79.46666666666667,93.80952380952381,9.578947368421053,55.05882352941177,16.615384615384617,18.227272727272727,10.785714285714286,49.06666666666667,89.33333333333333,83.8125,61.642857142857146,86.0909090909091,76.15789473684211,87.0,28.142857142857142,67.0,76.41666666666667,89.875,80.58823529411765,30.75,22.11111111111111,64.0,68.42857142857143,86.18181818181819,58.72222222222222
Love Expression,100.0,93.26086956521739,98.78260869565217,100.0,91.42857142857143,28.333333333333332,71.625,79.92857142857143,27.0,11.235294117647058,2.4,37.588235294117645,35.611111111111114,3.3846153846153846,19.954545454545453,13.866666666666667,9.916666666666666,8.65,0.6111111111111112,40.53846153846154,23.333333333333332,13.777777777777779,91.85,26.23076923076923,63.21052631578947,60.92307692307692,98.86666666666666,98.13333333333334,92.23076923076923,85.375,90.58333333333333,91.375,68.42105263157895,97.94736842105263,73.25,32.0,86.93333333333334,68.91666666666667,52.55,88.5,93.42857142857143,93.27777777777777,93.3,16.57894736842105,15.521739130434783,23.94736842105263,14.764705882352942,19.076923076923077,26.285714285714285,11.5625,21.095238095238095,8.142857142857142,17.68421052631579,13.666666666666666,11.9375,0.1,7.888888888888889,17.36842105263158,2.1333333333333333,2.4615384615384617,1.7777777777777777,6.3076923076923075,4.785714285714286,17.2,5.842105263157895,17.65,10.5,18.235294117647058,4.5,25.470588235294116,30.166666666666668,57.81818181818182,14.923076923076923,42.0,46.5,36.92857142857143,33.333333333333336,41.0,15.052631578947368,13.6,64.82608695652173,51.476190476190474,47.94117647058823,6.36,8.384615384615385,17.25,9.142857142857142,35.142857142857146,24.5,50.285714285714285,9.333333333333334,44.42857142857143,28.76923076923077,16.235294117647058,7.0,66.41666666666667,32.8,9.545454545454545,5.076923076923077,22.076923076923077,19.0,12.615384615384615,21.142857142857142,16.523809523809526,27.846153846153847,47.57142857142857,24.23076923076923,8.625,55.473684210526315,57.6,50.875,72.38095238095238,74.8,80.71428571428571,76.0,24.545454545454547,11.904761904761905,10.473684210526315,47.5,10.0,41.1578947368421,43.6,7.285714285714286,13.944444444444445,2.0714285714285716,83.11111111111111,50.77777777777778,34.714285714285715,88.15789473684211,54.857142857142854,47.4,21.2,98.26315789473684,48.07142857142857,94.23529411764706,100.0,6.461538461538462,45.5,62.92857142857143,62.05,13.166666666666666,8.105263157894736,91.0,86.57142857142857,22.68421052631579,77.5,97.8,96.05882352941177,39.5,34.76923076923077,67.33333333333333,99.58333333333333,91.53846153846153,71.53846153846153,8.846153846153847,85.6875,43.63636363636363,96.08,68.82352941176471
Information Exchange,93.89473684210526,87.73333333333333,87.9047619047619,64.71428571428571,78.07142857142857,39.76923076923077,66.4090909090909,55.416666666666664,89.64285714285714,84.13333333333334,46.411764705882355,85.78571428571429,94.26666666666667,74.15,92.61111111111111,69.9,57.36842105263158,37.18181818181818,26.294117647058822,89.875,95.16666666666667,60.90909090909091,85.84615384615384,34.69230769230769,69.95833333333333,50.07692307692308,75.05263157894737,80.875,83.4,80.9375,75.38461538461539,71.72727272727273,37.0625,76.35,54.0625,31.466666666666665,81.3076923076923,77.33333333333333,22.529411764705884,71.0,58.15384615384615,73.8125,13.5,87.9090909090909,83.64285714285714,84.0,72.95238095238095,86.83333333333333,89.0909090909091,87.53846153846153,88.21052631578948,80.76470588235294,77.66666666666667,89.83333333333333,87.07142857142857,33.833333333333336,24.846153846153847,51.08695652173913,46.9375,64.29411764705883,34.3125,53.96153846153846,62.0625,62.05555555555556,80.0,94.47826086956522,40.625,72.4375,80.3125,88.6,87.71428571428571,80.22222222222223,54.3,92.38888888888889,87.18181818181819,68.5909090909091,62.411764705882355,84.6875,54.46153846153846,72.6875,62.81818181818182,74.625,54.388888888888886,26.8125,90.61538461538461,67.11111111111111,14.8,75.0,75.5625,61.857142857142854,65.94444444444444,33.0,91.28571428571429,84.05555555555556,75.26315789473684,46.04761904761905,80.05882352941177,31.0,26.8125,70.66666666666667,81.125,86.21052631578948,85.42857142857143,72.2,73.4375,96.33333333333333,87.65,80.0,74.82352941176471,67.21052631578948,65.11111111111111,63.421052631578945,60.57142857142857,62.473684210526315,70.9047619047619,83.41176470588235,51.458333333333336,70.06666666666666,68.29411764705883,76.0,72.33333333333333,35.666666666666664,19.0,59.3,25.352941176470587,75.3125,52.5,47.625,59.526315789473685,57.714285714285715,52.166666666666664,73.0,90.3157894736842,23.555555555555557,92.06666666666666,83.55555555555556,13.73913043478261,62.42857142857143,59.04,55.0,20.4,85.21739130434783,51.388888888888886,68.13636363636364,38.07692307692308,70.15384615384616,86.58823529411765,74.0,49.733333333333334,76.23529411764706,81.05263157894737,83.04545454545455,84.47058823529412,53.8125,30.647058823529413,52.86666666666667,71.33333333333333,76.53333333333333,74.46666666666667
Money Exchange,34.15384615384615,36.333333333333336,36.294117647058826,21.133333333333333,12.823529411764707,70.0625,24.555555555555557,4.0,97.83333333333333,35.8,18.0,44.333333333333336,81.38888888888889,97.41176470588235,95.93333333333334,71.58333333333333,39.05882352941177,65.41666666666667,11.434782608695652,29.41176470588235,39.357142857142854,52.416666666666664,13.0,10.153846153846153,21.476190476190474,3.1052631578947367,21.61111111111111,19.357142857142858,28.77777777777778,23.176470588235293,16.88888888888889,3.3125,13.428571428571429,27.0,64.25,8.666666666666666,14.076923076923077,11.615384615384615,16.0,20.153846153846153,7.625,25.523809523809526,7.928571428571429,62.904761904761905,79.38095238095238,91.1875,77.53846153846153,72.0625,42.42857142857143,55.94117647058823,86.875,97.46666666666667,44.285714285714285,94.0,33.578947368421055,43.10526315789474,97.61904761904762,20.63157894736842,19.45,34.21052631578947,55.63636363636363,52.75,12.5625,22.8,26.466666666666665,94.0,91.06666666666666,97.46666666666667,98.86666666666666,87.625,43.63157894736842,64.16,46.7,46.93333333333333,23.083333333333332,61.1875,67.61111111111111,48.5625,29.875,25.083333333333332,55.0,46.13333333333333,27.473684210526315,98.88235294117646,88.08333333333333,23.263157894736842,31.210526315789473,68.9,58.9,86.0625,99.6,84.125,58.22222222222222,85.0,35.10526315789474,14.277777777777779,31.5,26.214285714285715,6.095238095238095,68.4,36.88235294117647,57.90909090909091,38.625,60.5,15.285714285714286,18.529411764705884,86.5,57.5,17.38888888888889,12.941176470588236,60.285714285714285,19.76923076923077,11.578947368421053,18.4,9.307692307692308,37.625,97.6,92.11111111111111,47.57142857142857,48.9375,7.3076923076923075,57.5,12.75,53.266666666666666,29.27777777777778,14.133333333333333,9.333333333333334,28.466666666666665,6.466666666666667,8.875,18.5,54.266666666666666,21.8,21.555555555555557,23.266666666666666,21.96,21.384615384615383,2.75,14.625,17.466666666666665,15.384615384615385,57.92307692307692,7.6875,23.476190476190474,13.529411764705882,6.411764705882353,14.789473684210526,2.8,20.0,32.1764705882353,16.5,34.888888888888886,22.53846153846154,8.882352941176471,16.842105263157894,13.166666666666666,48.470588235294116,10.6,13.4
Goods Exchange,44.266666666666666,62.61538461538461,56.388888888888886,39.857142857142854,37.11764705882353,37.666666666666664,30.6,15.944444444444445,47.75,15.4,11.071428571428571,22.11111111111111,37.6551724137931,96.77777777777777,60.46666666666667,37.21052631578947,13.933333333333334,30.25,5.105263157894737,26.77777777777778,54.22222222222222,34.05,41.35,15.764705882352942,34.86666666666667,33.0,39.25,26.133333333333333,37.714285714285715,42.0,22.75,23.09090909090909,13.857142857142858,41.875,45.1875,19.2,20.2,17.63157894736842,10.681818181818182,29.5,29.333333333333332,30.1875,6.0,21.705882352941178,60.13333333333333,39.625,26.25,34.1875,21.705882352941178,36.2,34.94736842105263,61.8,26.714285714285715,54.0,14.3,41.111111111111114,99.42857142857143,13.842105263157896,5.909090909090909,9.25,29.0,30.333333333333332,11.173913043478262,16.8,14.142857142857142,49.95,94.53333333333333,90.45454545454545,88.11764705882354,45.888888888888886,20.866666666666667,33.78947368421053,40.90909090909091,28.90909090909091,16.5,24.933333333333334,25.058823529411764,20.0,25.61111111111111,22.133333333333333,36.421052631578945,24.916666666666668,15.4,49.888888888888886,53.9,19.0,40.55,74.3076923076923,51.111111111111114,44.0625,86.46153846153847,77.05,37.0,39.166666666666664,41.54545454545455,17.1,35.833333333333336,7.285714285714286,1.5555555555555556,60.55555555555556,39.0,34.55555555555556,37.411764705882355,29.42105263157895,25.153846153846153,38.25,47.588235294117645,24.46153846153846,35.578947368421055,24.6,43.8,33.214285714285715,29.157894736842106,28.761904761904763,19.44,29.19047619047619,68.2,80.1875,53.8235294117647,49.0,27.076923076923077,51.333333333333336,17.076923076923077,68.63157894736842,15.95,26.625,15.428571428571429,30.235294117647058,54.0,34.333333333333336,35.833333333333336,25.25,35.642857142857146,9.882352941176471,45.75,40.26315789473684,25.88,36.0,23.666666666666668,18.529411764705884,3.6363636363636362,22.5625,26.263157894736842,41.333333333333336,19.77777777777778,35.166666666666664,53.07142857142857,30.4,29.466666666666665,22.133333333333333,38.11764705882353,55.705882352941174,41.06666666666667,21.466666666666665,10.3125,21.357142857142858,46.05882352941177,37.77272727272727,22.666666666666668
Service Exchange,20.1875,34.888888888888886,42.17391304347826,23.0,23.444444444444443,13.26086956521739,26.333333333333332,6.583333333333333,89.85714285714286,67.72727272727273,64.41176470588235,93.73333333333333,89.70588235294117,87.9090909090909,73.11111111111111,49.35294117647059,42.25,31.0,8.823529411764707,76.94117647058823,68.41666666666667,84.21052631578948,26.19047619047619,17.416666666666668,47.857142857142854,13.142857142857142,36.86666666666667,14.083333333333334,18.0,44.0,32.666666666666664,23.25,13.882352941176471,34.705882352941174,47.578947368421055,24.27777777777778,28.714285714285715,5.066666666666666,24.789473684210527,11.857142857142858,14.578947368421053,25.4,6.4375,78.75,86.11538461538461,82.1875,73.25,78.52941176470588,61.55555555555556,64.64285714285714,91.82352941176471,80.07692307692308,66.72222222222223,91.66666666666667,66.04166666666667,15.058823529411764,77.84210526315789,30.75,51.26315789473684,60.333333333333336,34.1875,40.69230769230769,41.0,83.66666666666667,70.36363636363636,91.77777777777777,94.63636363636364,94.22727272727273,97.375,75.45454545454545,70.875,87.83333333333333,61.6,75.58823529411765,49.714285714285715,55.65,62.13333333333333,54.4375,78.6,76.0,81.05263157894737,59.0,42.69230769230769,93.3076923076923,89.0,34.625,79.88888888888889,62.3125,62.10526315789474,91.0,94.58333333333333,74.88888888888889,79.70588235294117,83.42105263157895,62.13333333333333,45.26315789473684,60.36842105263158,26.25,16.75,40.0,53.0,64.26666666666667,85.84615384615384,75.6842105263158,72.93333333333334,73.2,89.12,64.625,30.166666666666668,24.0,49.77777777777778,24.5,12.307692307692308,34.63636363636363,60.77777777777778,39.0,71.4,88.9,71.36363636363636,42.23809523809524,68.33333333333333,46.55,29.2,41.916666666666664,20.923076923076923,19.125,15.904761904761905,9.8,14.363636363636363,20.8,70.0,42.30769230769231,18.166666666666668,15.285714285714286,21.333333333333332,17.0625,18.9,15.307692307692308,38.9,21.333333333333332,8.842105263157896,73.66666666666667,13.647058823529411,13.882352941176471,13.5,9.0,32.61904761904762,32.0,24.571428571428573,63.2,26.285714285714285,41.92857142857143,31.75,20.0,16.636363636363637,10.26086956521739,26.470588235294116,20.0,47.53333333333333
Attachment,99.27272727272727,88.05,97.6923076923077,99.0,91.45454545454545,38.6875,66.45,76.05,32.857142857142854,13.647058823529411,19.526315789473685,54.69230769230769,54.11764705882353,18.55,57.77777777777778,16.357142857142858,13.75,8.692307692307692,15.692307692307692,61.4375,43.80952380952381,39.21052631578947,93.22222222222223,16.615384615384617,76.47368421052632,72.15384615384616,98.11764705882354,97.125,90.84615384615384,91.94444444444444,68.11111111111111,76.21052631578948,46.94444444444444,93.23809523809524,70.6923076923077,38.111111111111114,87.77777777777777,69.0909090909091,47.78947368421053,82.625,98.0,86.94736842105263,79.0,36.05882352941177,36.13636363636363,43.09090909090909,28.8,37.3125,54.15384615384615,29.0,37.125,29.636363636363637,27.5,45.75,22.130434782608695,33.0625,50.17391304347826,22.41176470588235,9.0,20.615384615384617,15.08695652173913,11.933333333333334,13.961538461538462,23.61111111111111,31.333333333333332,24.235294117647058,20.7,19.5,23.0,41.5,36.53333333333333,74.9090909090909,32.142857142857146,72.15384615384616,51.214285714285715,39.5625,23.0,56.36363636363637,23.833333333333332,31.263157894736842,60.1875,66.83333333333333,63.3125,19.869565217391305,14.380952380952381,10.076923076923077,19.42105263157895,33.92857142857143,24.53846153846154,39.470588235294116,12.8125,62.0,52.05555555555556,46.666666666666664,12.9,72.4375,56.5,16.58823529411765,22.25,44.76923076923077,29.875,44.54545454545455,51.1,34.526315789473685,21.333333333333332,64.6470588235294,39.857142857142854,22.823529411764707,62.44444444444444,44.25,68.29411764705883,85.5,77.81818181818181,75.875,71.33333333333333,40.93333333333333,27.5625,15.857142857142858,48.4375,8.4,37.1578947368421,25.857142857142858,18.12,16.736842105263158,34.27272727272727,88.04545454545455,49.294117647058826,35.73684210526316,79.66666666666667,72.66666666666667,61.23076923076923,50.94444444444444,97.2,34.53333333333333,93.41176470588235,99.26315789473684,5.647058823529412,51.19047619047619,58.92857142857143,42.333333333333336,8.583333333333334,20.736842105263158,87.57894736842105,87.43478260869566,29.736842105263158,78.75,94.625,96.91666666666667,45.5,62.75,83.8125,94.13333333333334,81.9,67.58333333333333,22.166666666666668,65.25,67.23076923076923,91.6842105263158,83.0
Mating,69.63157894736842,51.61538461538461,97.70588235294117,92.76923076923077,10.1,47.44444444444444,16.533333333333335,14.307692307692308,4.636363636363637,5.0,5.888888888888889,8.333333333333334,12.857142857142858,8.153846153846153,1.6956521739130435,1.75,0.8,3.1578947368421053,5.0,4.555555555555555,1.0,34.125,23.142857142857142,15.125,3.857142857142857,35.42857142857143,68.21052631578948,44.9375,39.0,23.72222222222222,10.411764705882353,39.0,44.0,91.57142857142857,77.26666666666667,78.42857142857143,4.8,13.263157894736842,17.928571428571427,25.076923076923077,15.785714285714286,27.444444444444443,51.0,0.6428571428571429,0.8181818181818182,3.5,1.0833333333333333,2.1818181818181817,3.7142857142857144,0.631578947368421,4.363636363636363,1.736842105263158,8.454545454545455,12.947368421052632,2.823529411764706,8.647058823529411,3.7,3.7,5.333333333333333,7.470588235294118,4.7,0.45454545454545453,5.875,4.8,0.875,11.722222222222221,2.857142857142857,3.0714285714285716,2.4375,6.681818181818182,8.666666666666666,9.1,3.9411764705882355,0.25,0.0,5.125,2.619047619047619,8.666666666666666,2.0,1.2142857142857142,5.684210526315789,7.454545454545454,12.416666666666666,51.1875,1.4090909090909092,3.1818181818181817,13.3125,0.375,0.5,2.727272727272727,3.0,77.52631578947368,7.090909090909091,1.6,3.4705882352941178,11.823529411764707,11.272727272727273,3.6875,26.818181818181817,11.0,5.0625,1.6666666666666667,2.8666666666666667,4.533333333333333,2.0,7.6,4.588235294117647,3.4074074074074074,21.636363636363637,5.444444444444445,16.8125,3.3333333333333335,6.111111111111111,11.045454545454545,15.875,10.6,5.333333333333333,1.0,7.0,4.375,4.5,10.5,1.2173913043478262,4.384615384615385,3.357142857142857,7.416666666666667,22.944444444444443,11.68421052631579,5.291666666666667,19.153846153846153,73.15,2.3125,97.0,56.77777777777778,98.27272727272727,99.35714285714286,15.625,6.8,3.7857142857142856,14.4,3.3,1.64,35.84615384615385,23.375,4.75,28.285714285714285,23.8,50.77777777777778,11.444444444444445,2.5384615384615383,26.238095238095237,88.66666666666667,71.5,5.533333333333333,4.3076923076923075,72.07142857142857,56.15384615384615,84.06666666666666,0.7333333333333333
Conflict,57.166666666666664,63.23809523809524,37.06666666666667,26.136363636363637,50.529411764705884,90.83333333333333,37.625,24.545454545454547,38.7,24.59090909090909,91.73333333333333,24.076923076923077,15.222222222222221,24.166666666666668,44.23529411764706,86.0,96.9047619047619,88.5,93.92,36.95,29.705882352941178,71.21428571428571,11.277777777777779,20.533333333333335,24.933333333333334,15.692307692307692,22.8,11.384615384615385,40.733333333333334,35.07142857142857,8.25,12.333333333333334,9.565217391304348,23.0,30.176470588235293,65.46153846153847,35.0,33.5,28.055555555555557,31.22222222222222,33.3125,27.61111111111111,12.117647058823529,49.73913043478261,53.90909090909091,43.05882352941177,29.764705882352942,41.57142857142857,38.333333333333336,41.473684210526315,34.21052631578947,33.25,32.4375,29.555555555555557,54.27777777777778,94.72222222222223,59.19047619047619,41.26086956521739,95.125,92.6,98.58823529411765,96.78947368421052,94.78947368421052,65.9047619047619,60.357142857142854,26.95,22.347826086956523,35.13636363636363,30.764705882352942,20.375,33.130434782608695,27.047619047619047,41.833333333333336,38.875,26.77777777777778,20.823529411764707,34.57142857142857,29.63157894736842,48.93333333333333,45.45454545454545,16.5625,25.923076923076923,24.647058823529413,28.928571428571427,4.352941176470588,71.54545454545455,84.52173913043478,10.923076923076923,37.625,10.533333333333333,52.4375,27.1875,46.76190476190476,26.11111111111111,45.916666666666664,30.470588235294116,25.214285714285715,91.23809523809524,96.21428571428571,43.095238095238095,62.6875,31.923076923076923,20.041666666666668,28.25,36.875,14.058823529411764,27.0,17.416666666666668,36.05,36.666666666666664,30.0,28.46153846153846,15.894736842105264,20.22222222222222,7.65,34.857142857142854,44.55555555555556,42.578947368421055,16.46153846153846,25.285714285714285,17.5,29.047619047619047,94.36842105263158,22.047619047619047,90.2,18.272727272727273,17.136363636363637,18.529411764705884,19.25,9.0625,27.68421052631579,39.77272727272727,16.6,60.266666666666666,29.416666666666668,16.583333333333332,41.1875,35.588235294117645,19.363636363636363,16.047619047619047,85.47368421052632,46.5,17.5,10.615384615384615,77.55,44.857142857142854,25.785714285714285,13.666666666666666,26.928571428571427,31.55,15.818181818181818,35.0625,23.666666666666668,27.1,88.53333333333333,20.363636363636363,35.0,26.0,14.9375
Negotiation,45.125,71.46153846153847,74.125,63.06666666666667,58.714285714285715,69.61111111111111,56.61538461538461,28.1,61.55555555555556,66.58333333333333,0.5238095238095238,42.06666666666667,54.523809523809526,80.41176470588235,83.66666666666667,80.88888888888889,60.85,73.26086956521739,30.545454545454547,41.294117647058826,49.6875,14.75,62.53846153846154,33.333333333333336,62.64705882352941,22.0,36.1875,30.733333333333334,52.166666666666664,44.45454545454545,37.6875,34.23529411764706,24.785714285714285,71.75,65.52631578947368,44.1875,36.8,47.95,36.470588235294116,59.07692307692308,34.8235294117647,69.66666666666667,5.823529411764706,54.208333333333336,37.0,56.57142857142857,66.72727272727273,41.666666666666664,35.23529411764706,53.8421052631579,38.421052631578945,75.93333333333334,58.25,67.3529411764706,77.85714285714286,9.1,66.61111111111111,22.25,8.0,53.40909090909091,77.66666666666667,80.4,15.38888888888889,21.5,25.333333333333332,76.52631578947368,44.6,41.833333333333336,79.42857142857143,40.88235294117647,47.5625,41.0625,64.15384615384616,47.333333333333336,47.8421052631579,49.7,53.857142857142854,51.526315789473685,55.86363636363637,11.80952380952381,36.916666666666664,33.18181818181818,39.91304347826087,67.52631578947368,49.0,41.68181818181818,25.944444444444443,26.833333333333332,35.85,22.125,85.83333333333333,68.85714285714286,42.8421052631579,34.833333333333336,51.0,24.833333333333332,63.833333333333336,37.375,34.15384615384615,63.38461538461539,93.0,60.142857142857146,31.692307692307693,48.6875,37.875,43.588235294117645,45.82608695652174,39.47826086956522,46.31818181818182,39.92307692307692,73.58333333333333,46.666666666666664,53.1764705882353,27.9375,32.4,46.36842105263158,64.1,62.357142857142854,63.8235294117647,51.77777777777778,48.714285714285715,14.85,24.727272727272727,48.94117647058823,20.5625,48.61904761904762,43.166666666666664,18.11111111111111,50.125,59.25,55.470588235294116,78.58823529411765,67.77272727272727,60.08,65.73333333333333,39.23076923076923,26.176470588235293,61.391304347826086,50.26315789473684,38.0,20.58823529411765,43.05882352941177,30.5,42.333333333333336,42.77777777777778,47.40909090909091,40.625,25.6875,27.1875,40.0,63.46153846153846,55.142857142857146,55.94444444444444,44.76923076923077,24.25,29.0,66.07692307692308,73.0,31.529411764705884
Coercion,37.526315789473685,54.63157894736842,22.238095238095237,18.8125,35.86666666666667,44.42857142857143,22.5625,6.285714285714286,31.4,20.6875,87.88235294117646,29.555555555555557,19.75,25.5625,19.066666666666666,56.857142857142854,72.5,57.10526315789474,73.58823529411765,36.75,30.0,89.375,16.77777777777778,8.0,22.58823529411765,14.705882352941176,24.470588235294116,23.6,32.8421052631579,25.666666666666668,9.473684210526315,6.8,17.944444444444443,20.63157894736842,35.6,44.1764705882353,24.2,17.307692307692307,9.631578947368421,31.0,18.6875,17.833333333333332,8.692307692307692,40.6,43.588235294117645,51.5625,30.166666666666668,52.888888888888886,33.2,47.0,35.125,13.3125,27.875,40.6875,37.19230769230769,80.3529411764706,49.583333333333336,30.77777777777778,87.06666666666666,80.2,97.5625,66.92307692307692,78.42857142857143,66.3157894736842,67.83333333333333,15.61111111111111,10.75,24.941176470588236,35.10526315789474,20.26086956521739,24.46153846153846,13.571428571428571,6.636363636363637,33.166666666666664,30.0,29.8,36.0,32.23529411764706,40.25,48.375,18.5,38.8,32.68421052631579,43.07142857142857,19.904761904761905,45.27777777777778,93.15384615384616,20.789473684210527,34.30769230769231,7.444444444444445,48.61538461538461,33.875,30.55,20.0,30.625,41.61538461538461,18.066666666666666,47.13333333333333,62.76470588235294,68.14285714285714,59.23529411764706,27.823529411764707,19.523809523809526,27.0,23.956521739130434,22.0,38.8125,28.0,23.5625,22.0625,17.857142857142858,17.666666666666668,36.3,18.88888888888889,7.7894736842105265,18.238095238095237,28.57894736842105,23.666666666666668,14.875,23.066666666666666,13.647058823529411,16.916666666666668,44.0,20.304347826086957,98.13333333333334,10.533333333333333,13.733333333333333,22.833333333333332,8.857142857142858,11.928571428571429,24.444444444444443,56.608695652173914,10.55,40.2,19.615384615384617,11.304347826086957,30.25,19.90909090909091,10.058823529411764,11.61111111111111,47.421052631578945,61.75,17.88235294117647,2.769230769230769,49.59090909090909,22.88235294117647,34.38095238095238,17.181818181818183,26.0,41.3,15.368421052631579,24.3125,29.083333333333332,20.0,56.92857142857143,13.529411764705882,15.214285714285714,10.6,27.714285714285715
Importance for society,89.38888888888889,83.25,77.0952380952381,39.214285714285715,64.14285714285714,34.125,43.0,42.833333333333336,84.4,66.25,68.64285714285714,92.33333333333333,69.47058823529412,57.733333333333334,80.5,58.391304347826086,65.8,49.4,16.6,86.2,60.25,25.90909090909091,53.26315789473684,42.666666666666664,50.8125,26.11111111111111,84.70588235294117,74.05555555555556,71.57142857142857,86.0,44.76470588235294,45.266666666666666,58.65,61.52173913043478,5.642857142857143,9.818181818181818,64.73333333333333,40.07142857142857,41.42857142857143,48.94444444444444,42.5625,53.93333333333333,28.285714285714285,64.0625,65.5,56.86666666666667,80.6,64.3076923076923,90.84210526315789,74.3,57.35,69.5,59.88235294117647,73.57142857142857,80.04761904761905,56.94117647058823,11.052631578947368,72.92857142857143,82.77777777777777,79.14285714285714,37.25,73.3529411764706,81.71428571428571,89.82608695652173,89.27777777777777,58.10526315789474,58.42857142857143,59.92857142857143,72.75,85.93333333333334,89.66666666666667,85.85714285714286,58.714285714285715,61.4375,40.642857142857146,44.526315789473685,75.33333333333333,67.07692307692308,86.27777777777777,78.125,81.91666666666667,57.46153846153846,43.92857142857143,10.333333333333334,35.05263157894737,34.083333333333336,13.8,62.611111111111114,60.35294117647059,61.69230769230769,43.2,2.2,35.45,73.0909090909091,42.5,50.72222222222222,76.2,28.0,9.8,25.0,83.28571428571429,75.75,72.48,65.10526315789474,31.6,62.0,40.43478260869565,69.55555555555556,51.733333333333334,54.388888888888886,36.666666666666664,29.533333333333335,22.733333333333334,30.956521739130434,47.5,59.733333333333334,56.35294117647059,43.0,41.8,31.68421052631579,61.57142857142857,25.526315789473685,10.3,43.7,29.857142857142858,47.53333333333333,32.7,28.2,59.81818181818182,27.5625,14.066666666666666,80.0952380952381,60.666666666666664,14.0,61.9375,44.7,38.833333333333336,51.642857142857146,46.4,22.0625,22.928571428571427,65.64285714285714,55.84615384615385,62.92307692307692,10.055555555555555,37.10526315789474,79.38888888888889,78.64285714285714,41.94444444444444,72.3,43.666666666666664,57.95238095238095,53.85,38.94117647058823,45.095238095238095,21.176470588235293,46.23076923076923,27.428571428571427,70.3
Importance for individuals,99.15384615384616,94.27272727272727,99.38888888888889,98.83333333333333,94.1,39.15384615384615,80.71428571428571,80.64285714285714,67.21428571428571,40.93333333333333,46.0,68.625,83.625,40.611111111111114,82.47058823529412,38.26315789473684,47.3,36.85,38.0,75.75,58.0,61.8,95.3125,39.46666666666667,70.66666666666667,68.76190476190476,96.35,94.45,85.22222222222223,91.85,74.23809523809524,76.47368421052632,52.388888888888886,98.36363636363636,66.16666666666667,52.81818181818182,91.42857142857143,85.0,37.529411764705884,92.07142857142857,88.12,75.9375,91.78947368421052,69.3076923076923,50.45454545454545,59.111111111111114,59.9,67.15789473684211,78.625,67.33333333333333,66.78260869565217,65.05263157894737,50.56521739130435,66.71428571428571,46.72727272727273,24.952380952380953,54.125,62.95,36.09090909090909,50.27777777777778,41.526315789473685,59.2,25.692307692307693,51.166666666666664,64.06666666666666,55.416666666666664,26.3125,44.18181818181818,44.476190476190474,71.375,66.93333333333334,84.9375,42.92307692307692,71.95238095238095,76.33333333333333,58.05,53.15,56.21052631578947,48.38461538461539,65.6875,75.4,72.11111111111111,57.333333333333336,20.391304347826086,36.0,52.130434782608695,30.555555555555557,52.44444444444444,52.666666666666664,54.4,33.84615384615385,51.0625,63.875,74.52380952380952,21.545454545454547,76.13333333333334,58.25,36.7,47.642857142857146,66.63157894736842,52.40909090909091,65.53333333333333,65.53333333333333,45.55555555555556,50.42857142857143,83.25,59.31818181818182,50.0,67.8,59.75,74.0625,74.58823529411765,66.26315789473684,86.44444444444444,83.11111111111111,58.85,46.63636363636363,43.92857142857143,54.22222222222222,27.916666666666668,67.28571428571429,32.53846153846154,14.571428571428571,24.0625,35.10526315789474,89.73333333333333,56.94736842105263,50.588235294117645,88.17647058823529,74.17647058823529,58.388888888888886,59.3125,95.875,50.44444444444444,93.1875,91.875,5.5,55.625,62.333333333333336,37.875,20.153846153846153,59.833333333333336,80.71428571428571,80.16666666666667,56.45454545454545,79.28571428571429,91.84615384615384,98.45,42.529411764705884,59.0,82.36363636363636,95.55555555555556,89.0,63.388888888888886,44.333333333333336,82.6,71.42105263157895,93.19047619047619,93.875
Affiliation_Coalition,71.0,77.3125,98.0,89.42857142857143,88.17647058823529,14.357142857142858,74.06666666666666,69.13333333333334,82.53846153846153,50.92857142857143,12.076923076923077,71.5,59.68181818181818,22.5625,91.52631578947368,16.263157894736842,9.25,25.8,14.9375,64.81818181818181,69.44444444444444,24.071428571428573,85.8125,52.142857142857146,95.13333333333334,76.19047619047619,89.11764705882354,79.75,61.411764705882355,75.375,77.0,81.33333333333333,71.4090909090909,83.61111111111111,57.166666666666664,40.72222222222222,84.75,71.23529411764706,58.95,87.47368421052632,85.46153846153847,80.38461538461539,72.41176470588235,78.22222222222223,62.0625,75.0,77.47058823529412,78.05882352941177,87.3529411764706,73.0,77.6,55.65,68.4090909090909,52.095238095238095,60.30769230769231,13.133333333333333,54.791666666666664,38.5,11.941176470588236,18.75,6.9,19.9,12.380952380952381,36.77272727272727,54.53846153846154,48.42857142857143,38.5625,35.61904761904762,31.916666666666668,42.6875,80.52380952380952,58.5625,47.666666666666664,79.57142857142857,88.47058823529412,80.5,73.05263157894737,65.8,57.93333333333333,67.14285714285714,60.388888888888886,80.66666666666667,81.9375,30.181818181818183,53.3125,47.21052631578947,11.84,52.916666666666664,47.76470588235294,34.083333333333336,35.142857142857146,50.53846153846154,84.6470588235294,51.411764705882355,30.625,60.333333333333336,90.375,20.473684210526315,24.772727272727273,78.77777777777777,45.63157894736842,89.5,74.77777777777777,81.07142857142857,68.0625,64.0,52.375,50.25,80.78947368421052,81.8,76.73333333333333,93.58333333333333,90.22222222222223,81.55,70.6,72.9375,56.1,41.84615384615385,59.166666666666664,39.36842105263158,86.83333333333333,41.733333333333334,21.38888888888889,35.0625,15.375,88.3529411764706,62.611111111111114,78.25,75.5909090909091,73.53846153846153,67.0,67.88235294117646,83.28571428571429,49.25,91.8125,95.92857142857143,21.52173913043478,63.166666666666664,95.375,92.23809523809524,19.304347826086957,50.266666666666666,82.82352941176471,85.15384615384616,41.94117647058823,79.05882352941177,78.47058823529412,87.0,89.0,76.8695652173913,84.11111111111111,86.625,86.8125,79.78947368421052,17.90909090909091,57.23076923076923,81.33333333333333,94.83333333333333,92.75
Occupational,11.833333333333334,21.9,6.529411764705882,6.0,5.411764705882353,5.947368421052632,9.642857142857142,9.928571428571429,98.16666666666667,95.73333333333333,91.41176470588235,89.2,89.0,91.10526315789474,94.2,84.0,81.47619047619048,79.61111111111111,16.05263157894737,90.3,86.29411764705883,62.77777777777778,7.1,20.294117647058822,65.16666666666667,5.857142857142857,9.92,1.631578947368421,14.470588235294118,21.0,3.357142857142857,2.9523809523809526,16.272727272727273,1.25,13.133333333333333,1.2,2.5,10.526315789473685,10.9,10.3125,1.4,3.3,1.5294117647058822,97.5909090909091,96.52631578947368,93.21428571428571,96.5,95.61111111111111,88.15789473684211,95.46153846153847,98.53333333333333,93.875,90.6,93.7,92.5,13.153846153846153,71.88888888888889,20.904761904761905,80.07142857142857,83.42105263157895,35.85,70.42857142857143,82.6842105263158,87.85714285714286,91.13333333333334,93.05,85.78571428571429,88.26315789473684,79.57142857142857,89.42857142857143,94.21428571428571,80.05555555555556,48.0,95.25,73.92857142857143,66.17647058823529,81.42857142857143,66.46666666666667,80.25,90.21739130434783,86.14285714285714,71.41666666666667,35.333333333333336,91.0,93.0,94.84210526315789,80.35,69.11764705882354,85.5625,77.3529411764706,80.73333333333333,39.53333333333333,95.23809523809524,84.58333333333333,81.05882352941177,19.933333333333334,84.92307692307692,64.89473684210526,0.07142857142857142,60.666666666666664,89.46666666666667,93.47619047619048,96.25,89.6,62.705882352941174,69.75,88.45833333333333,93.20689655172414,40.8,38.76470588235294,13.285714285714286,14.05,13.363636363636363,13.352941176470589,7.823529411764706,72.78947368421052,74.77777777777777,82.73684210526316,63.125,90.78947368421052,88.6923076923077,53.45454545454545,44.95454545454545,41.2,13.882352941176471,11.736842105263158,15.529411764705882,30.0,9.6,10.45,13.454545454545455,75.9090909090909,20.1,3.8947368421052633,2.3636363636363638,8.411764705882353,11.583333333333334,11.5,27.866666666666667,24.363636363636363,16.333333333333332,81.4375,4.052631578947368,3.111111111111111,15.761904761904763,3.6,4.777777777777778,2.111111111111111,30.235294117647058,79.4,10.047619047619047,9.9375,9.625,9.705882352941176,74.8125,9.529411764705882,18.3,12.727272727272727,72.5
Activeness,92.55,85.3529411764706,98.86666666666666,97.78947368421052,79.94736842105263,54.95652173913044,65.82352941176471,71.27272727272727,82.0,71.33333333333333,69.6923076923077,67.6,85.4,51.82608695652174,90.0,58.714285714285715,66.29411764705883,48.53846153846154,52.94444444444444,80.4,73.77777777777777,72.0,88.23809523809524,28.857142857142858,90.0,49.15,80.66666666666667,86.13333333333334,89.5,87.375,74.85714285714286,69.57142857142857,29.9375,94.8,86.33333333333333,44.42857142857143,64.33333333333333,81.70588235294117,26.071428571428573,86.76923076923077,79.26666666666667,80.4,20.933333333333334,76.38461538461539,63.041666666666664,75.33333333333333,61.77777777777778,81.92307692307692,68.5,82.6,73.44444444444444,70.0,72.89473684210526,71.28571428571429,71.0,55.46666666666667,84.43478260869566,51.23076923076923,53.78947368421053,53.36842105263158,61.0,71.2,55.714285714285715,42.666666666666664,63.125,64.70588235294117,43.0,69.51724137931035,73.3076923076923,69.3,75.36842105263158,92.94444444444444,71.4375,84.625,79.47058823529412,69.25,46.36842105263158,70.0,33.666666666666664,61.23529411764706,80.8,54.0,50.17391304347826,73.9,75.25,61.13333333333333,65.1,32.91304347826087,56.10526315789474,45.94444444444444,74.0,70.76470588235294,83.6,79.0,62.13333333333333,67.5625,73.36842105263158,69.23529411764706,56.22222222222222,72.78571428571429,57.8421052631579,80.25,73.42105263157895,59.06666666666667,56.0,86.89473684210526,84.94736842105263,63.73913043478261,73.125,73.66666666666667,85.15384615384616,79.47368421052632,76.125,92.41176470588235,90.75,64.17647058823529,55.93333333333333,66.77777777777777,80.21052631578948,56.5625,67.5625,24.6,13.3,27.058823529411764,70.58823529411765,90.0,46.06666666666667,33.388888888888886,82.52941176470588,62.76470588235294,88.78947368421052,62.0,97.05,39.89473684210526,84.65,87.58823529411765,14.444444444444445,61.666666666666664,73.9047619047619,45.0,47.0,70.45454545454545,82.73684210526316,88.27272727272727,58.11764705882353,83.41666666666667,92.53333333333333,91.5625,50.0,74.6875,86.72222222222223,90.5625,87.21052631578948,83.46153846153847,74.46153846153847,49.76923076923077,76.0,91.21052631578948,88.46666666666667
Endurance,99.6470588235294,89.52941176470588,94.45454545454545,89.71428571428571,99.25,62.714285714285715,90.25,91.77777777777777,43.25,15.238095238095237,45.35294117647059,30.25,54.63636363636363,10.352941176470589,61.666666666666664,22.375,32.6,42.27777777777778,55.666666666666664,46.869565217391305,23.375,48.8,92.5,47.5,55.22222222222222,85.0,89.6470588235294,97.25,93.92307692307692,82.61111111111111,91.63157894736842,83.15789473684211,95.21428571428571,89.125,45.666666666666664,37.0,97.41666666666667,89.92307692307692,68.5,95.83333333333333,99.58823529411765,92.44444444444444,94.85714285714286,38.6,40.55555555555556,50.0625,56.166666666666664,61.5625,68.2,49.05555555555556,72.72727272727273,53.21052631578947,31.72222222222222,34.04347826086956,31.375,21.6875,38.65,19.181818181818183,13.0,11.526315789473685,4.409090909090909,13.333333333333334,9.133333333333333,23.842105263157894,27.3125,34.470588235294116,11.266666666666667,10.625,27.6,44.785714285714285,57.0,44.61538461538461,18.6,56.72222222222222,50.111111111111114,41.45,35.25,39.529411764705884,37.875,48.285714285714285,34.05,69.92857142857143,68.0,4.05,3.0588235294117645,16.88235294117647,65.6,27.153846153846153,24.0625,15.0,12.928571428571429,51.333333333333336,49.90909090909091,59.95238095238095,4.5,85.72222222222223,61.611111111111114,59.5,22.0,43.45,43.57142857142857,60.125,45.733333333333334,27.0,25.869565217391305,59.333333333333336,39.05263157894737,16.214285714285715,56.8125,45.92307692307692,60.10526315789474,73.5,79.3529411764706,58.55555555555556,60.06666666666667,49.125,52.529411764705884,49.294117647058826,20.625,8.368421052631579,32.36363636363637,46.45454545454545,19.7,8.5,35.27777777777778,81.4,51.0625,38.94444444444444,81.26666666666667,68.26666666666667,42.5,45.8421052631579,85.75,41.21052631578947,90.58823529411765,95.33333333333333,1.8333333333333333,76.71428571428571,70.25,46.61904761904762,33.22222222222222,46.857142857142854,95.25,92.0,48.0,90.27777777777777,96.0,99.86666666666666,66.28571428571429,68.15789473684211,70.70588235294117,91.95,87.92307692307692,51.46153846153846,18.227272727272727,49.35,59.642857142857146,65.125,78.53333333333333
Synchronicity,77.83333333333333,62.05555555555556,95.4,79.2,81.5,33.42857142857143,58.38461538461539,57.57142857142857,80.86666666666666,80.9047619047619,62.578947368421055,85.1875,87.33333333333333,82.55555555555556,81.96296296296296,71.44444444444444,71.6875,46.94736842105263,66.63157894736842,78.20833333333333,77.6,63.5,87.3125,54.54545454545455,84.04761904761905,56.416666666666664,61.142857142857146,78.44444444444444,72.26666666666667,76.05263157894737,56.294117647058826,59.36363636363637,16.22222222222222,92.22222222222223,75.65,58.285714285714285,68.86666666666666,70.3157894736842,30.5,67.29411764705883,95.36363636363636,61.76470588235294,22.904761904761905,77.0,68.6842105263158,71.8125,74.46153846153847,75.85714285714286,75.41666666666667,80.18181818181819,85.8,65.15789473684211,68.26315789473684,75.72222222222223,73.16666666666667,64.65217391304348,74.17647058823529,81.35714285714286,60.785714285714285,62.46666666666667,84.61904761904762,73.57142857142857,70.125,65.17647058823529,61.625,64.48,58.705882352941174,61.529411764705884,77.17647058823529,86.72727272727273,81.04545454545455,85.0625,93.5,78.35714285714286,88.4,60.611111111111114,60.22222222222222,65.0,64.3,67.66666666666667,85.2,79.64285714285714,65.17647058823529,80.17647058823529,81.15,80.6842105263158,75.3,16.75,58.48,77.93333333333334,78.1875,63.4,78.875,81.75,82.6,61.63157894736842,78.61538461538461,68.78947368421052,69.93333333333334,83.2,63.588235294117645,88.83333333333333,62.8,54.13333333333333,67.15384615384616,71.23809523809524,90.42857142857143,64.0,68.15384615384616,76.16666666666667,80.11111111111111,84.6923076923077,76.89473684210526,85.8695652173913,89.15789473684211,23.333333333333332,77.84210526315789,58.23809523809524,79.86666666666666,74.8,79.21428571428571,28.125,26.789473684210527,51.86363636363637,82.05555555555556,79.36842105263158,39.0,50.78947368421053,69.85,62.3125,82.5625,67.86666666666666,92.33333333333333,39.15,83.4375,91.6,28.583333333333332,62.73684210526316,77.5,77.78571428571429,60.1,74.08333333333333,79.33333333333333,66.55555555555556,49.625,67.88888888888889,83.75,81.78260869565217,38.0625,67.4090909090909,73.3125,86.5,80.61904761904762,94.91666666666667,77.73333333333333,48.25,90.875,68.29411764705883,78.91666666666667
Spatial Distance,90.5,90.1875,96.42105263157895,95.75,83.85714285714286,20.8,54.705882352941174,38.35294117647059,83.88888888888889,80.66666666666667,82.0,83.77777777777777,79.92857142857143,84.95,71.0625,60.72222222222222,46.0,29.714285714285715,48.92307692307692,89.66666666666667,77.5,75.53846153846153,86.0,55.94736842105263,88.625,29.55,89.6,71.46666666666667,92.3,98.5625,58.333333333333336,63.07692307692308,15.277777777777779,94.43478260869566,79.86666666666666,53.733333333333334,84.58823529411765,71.41666666666667,8.285714285714286,71.61904761904762,78.41176470588235,72.47058823529412,12.041666666666666,74.625,70.34782608695652,66.38461538461539,59.38095238095238,77.9375,76.31818181818181,71.13333333333334,77.88235294117646,45.13333333333333,78.38888888888889,76.47619047619048,74.13636363636364,66.42105263157895,71.31818181818181,70.7,72.9090909090909,46.42857142857143,96.46666666666667,72.05555555555556,75.92857142857143,63.68421052631579,59.46666666666667,51.40909090909091,63.5,87.33333333333333,66.76470588235294,75.1875,77.78947368421052,91.6,97.46153846153847,80.06666666666666,70.73333333333333,67.76190476190476,29.0,68.70588235294117,39.1,75.125,89.41176470588235,67.5,66.61904761904762,84.9,80.93333333333334,77.8125,75.88888888888889,6.928571428571429,37.833333333333336,69.07142857142857,74.3,76.53846153846153,78.4375,71.92307692307692,82.71428571428571,36.3125,84.52631578947368,46.1764705882353,47.666666666666664,84.1,44.27777777777778,77.8695652173913,82.05,65.0,76.7,65.42857142857143,86.73684210526316,68.94444444444444,70.05882352941177,77.5,96.125,83.71428571428571,78.22727272727273,85.47058823529412,82.11764705882354,61.3125,48.294117647058826,45.833333333333336,85.0625,80.57894736842105,74.75,16.666666666666668,5.15,60.5,71.26315789473684,69.0,28.571428571428573,16.714285714285715,78.53846153846153,19.285714285714285,78.8125,47.904761904761905,89.3076923076923,21.5,96.5,92.91666666666667,17.210526315789473,90.15,82.83333333333333,52.06666666666667,36.54545454545455,65.18181818181819,58.4375,64.22222222222223,44.142857142857146,64.19047619047619,95.28571428571429,92.78571428571429,34.473684210526315,58.94444444444444,72.5,92.94444444444444,92.58823529411765,89.89473684210526,75.7,63.90909090909091,96.72727272727273,14.1875,83.11764705882354
