,Animosity,Meaningless,Mentors,Peers,Romance,Service ,Uneven Power,family
0,,,,,,,,A person - Their in-laws
1,,,,,,,,Adoptive parents - Adopted kids
2,,Ancestor - Descendant,,,,,,
3,,,,,,,Athlete - Referee,
4,,,Athletic trainer - Trainee,,,,,
5,,,,,,,,Aunt - Niece/Nephew
6,,,,,,Babysitter - Infant,,
7,,,,Between Alumni,,,,
8,,,,Between Co-workers,,,,
9,,,,Between Cohabitants,,,,
10,,,,,Between Companions,,,
11,,,,Between Confidants,,,,
12,,,,,,,,Between Cousins
13,,,,Between Diplomats,,,,
14,,,,Between Frenemies,,,,
15,,,,,,,,Between Half-siblings
16,,,,Between Peers,,,,
17,,,,Between Playmates,,,,
18,,,,,,,,Between Second-cousins
19,,,,,,,,Between Siblings
20,,,,,,,,Between Step-siblings
21,,,,,,,,Between Twins
22,,,,,,,Boss - Secretary,
23,,,,Bride - Bridesmaid,,,,
24,,,,,Bride - Groom,,,
25,,,,,,,,Brother - Sister
26,,,,,,,,Brothers-in-arms
27,Bully - Victim,,,,,,,
28,,,,,,Business partners,,
29,Business rivals,,,,,,,
30,,Casual acquaintances,,,,,,
31,,,,,,,Celebrity - Fans,
32,Celebrity - Haters,,,,,,,
33,,,,,,Chef - Customer,,
34,,,,,,Chief - Deputy,,
35,,,,Childhood-friends,,,,
36,,,,Church members,,,,
37,,,,Classmates,,,,
38,,,,Close-friends,,,,
39,,,,,,,,Close-relatives
40,,,,,,Club-member - Club-president,,
41,,,Coach - Athlete,,,,,
42,Competitors in sports,,,,,,,
43,,,,,,Consultant - Client,,
44,Criminal - Hostage,,,,,,,
45,Criminal - Police officer,,,,,,,
46,,,,,,Criminal - Prosecutor,,
47,,,,Criminal and their accomplice,,,,
48,,,,,,Customer - Businessman,,
49,,,,,,Customer - Server,,
50,,,,,,Dealer - Buyer,,
51,Defendant - Plaintiff,,,,,,,
52,,Director - Performer,,,,,,
53,,,,,,,,Distant-relatives
54,,,,,Divorced spouses,,,
55,,,,,,Doctor - Nurse,,
56,,,,,,Doctor - Patient,,
57,,,,,,Driver - Passenger,,
58,,,,,,Drug dealer - Addict,,
59,,,,,,Employer - Employee,,
60,Enemies,,,,,,,
61,,,,,,Entrepreneur - Investor,,
62,,,,,Ex-lovers,,,
63,,,,Facebook-friends,,,,
64,Fans of opposing sports teams,,,,,,,
65,,,,Fans of the same sports team,,,,
66,,,,,Fiance - Fiancee,,,
67,,,,,,Foreman - Laborer,,
68,,,,,,,,Foster-parent - Foster-child
69,,,,Fraternity brothers,,,,
70,,,,Friends,,,,
71,,,,Friends-with-benefits,,,,
72,,,,,,,,Godparent - Godchild
73,,,,,,,,Grandparent - Grandchild
74,,,,Groom - Groomsman,,,,
75,Guard - Prisoner,,,,,,,
76,,,,,,Guest - Host,,
77,,,,,,Guide - Tourist,,
78,,,,,,Intern - Employee,,
79,,,,,,,Interviewer - Job applicant,
80,,,,,,Judge - Contestant,,
81,,,,,,Judge - Lawyer,,
82,,,,,,Landlord - Housekeeper,,
83,,,,,,Landlord - Tenant,,
84,,,,,,Lawyer - Client,,
85,,,,,,,Leader - Follower,
86,,,,,,,,Life-partners
87,,,,,Long-distance-lovers,,,
88,,Man - God,,,,,,
89,,,,,Man - His Mistress,,,
90,Man's Wife - Man's Mistress,,,,,,,
91,,,,,,Manager - Assistant,,
92,,,,,,Manager - Staff,,
93,,,,,,Master - Servant,,
94,,,,,,,Mentor - Mentee,
95,,,,,,Monarch - Minister,,
96,,,,,,,,Mother - Infant
97,,Native - Tourist,,,,,,
98,,Neighbors,,,,,,
99,,,,,,Nurse - Patient,,
100,,,,,,Officer - Soldier,,
101,Opposing negotiators,,,,,,,
102,,,,,,Owner - Manager,,
103,,,,,,,,Parent - Child
104,,,,,,,,Parent - Infant
105,,,,,,,,Parent - Teenager
106,Parole officer - Parolee,,,,,,,
107,,,,,,Patient - Caretaker,,
108,,,,Pen-friends,,,,
109,,Performer - Audience,,,,,,
110,,,,,Person - Crush,,,
111,,,,,,,,Person - Deceased spouse
112,,,,,,,,Person - Family friends
113,,,,,Person - their Significant other,,,
114,,,,,,,Person - their Social media follower,
115,,,,,,Police officer - Civilian,,
116,Police officer - Offender,,,,,,,
117,,,,Political allies,,,,
118,Political opponents,,,,,,,
119,,,,,,,Politician - Supporter,
120,,Predecessor - Successor,,,,,,
121,,,,,,Principal - Teacher,,
122,,,Professor - Graduate student,,,,,
123,,,,,,,Professor - Teaching Assistant,
124,,,,,,Prostitute - Customer,,
125,,,,,,Psychologist - Client,,
126,,,,,,Reader - Writer,,
127,,,,Religious followers,,,,
128,,,,,,,Religious leader - Congregant,
129,,,,,,Representative - Citizen,,
130,,,,,,Researcher - Research-subject,,
131,,,,,,,Reviewer - Writer,
132,,,,,Romantic lovers,,,
133,Romantic rivals,,,,,,,
134,,,,Roommates,,,,
135,,,,,,Salesperson - Customer,,
136,,,,,,Slave - Master,,
137,,,,Sorority sisters,,,,
138,,,,,Soul-mates,,,
139,Sports rivals,,,,,,,
140,,,,,,,,Step-grandparent - Step-grandchild
141,,,,,,,,Step-parent - Step-child
142,,Strangers,,,,,,
143,,,,,,Student - Dorm-resident-assistant,,
144,,,,,Sugar-daddy - Sugar-baby,,,
145,,,,,,,Superior - Subordinate,
146,,,,,,,Supervisor - Subordinate,
147,,,Teacher - Student,,,,,
148,,,,,,,Team-captain - Team-members,
149,,,,Teammates in sports,,,,
150,,Television host - Guest,,,,,,
151,,,,,,Therapist - Patient,,
152,,,,,,,,Uncle - Neice/Nephew
153,,,,,,Union-leader - Union-member,,
154,,,,,,University student - Administrator,,
155,Victim - Criminal,,,,,,,
156,,Victim - Witness,,,,,,
157,,,,,,Volunteer - Organizer,,
158,,,,,,,,Wife - Husband
