not together,sports,leader,family,grand parent,friends with benifits,law workers,work relations
,,,,,,A person - Their in-laws,
,,,Adoptive parents - Adopted kids,,,,
,,Alumni,,,,,
,,,,Ancestor - Descendant,,,
,Athlete - Referee,,,,,,
,Athletic trainer - Trainee,,,,,,
,,,Aunt - Niece/Nephew,,,,
,,,Babysitter - Infant,,,,
,,,,,,,Boss - Secretary
,,,Bride - Bridesmaid,,,,
,,,Bride - Groom,,,,
,,,Brother - Sister,,,,
,,,,,,Brothers-in-arms,
Bully - Victim,,,,,,,
,,,,,,,Business partners
,,,,,,,Business rivals
,,,,,Casual acquaintances,,
,Celebrity - Fans,,,,,,
,,,,,Celebrity - Haters,,
,,,,,,,Chef - Customer
,,,,,,Chief - Deputy,
,,,Childhood-friends,,,,
,,Church members,,,,,
,,Classmates,,,,,
,,,,,Close-friends,,
,,,Close-relatives,,,,
,,,,,,,Club-member - Club-president
,,,,,,,Co-workers
,Coach - Athlete,,,,,,
Cohabitants,,,,,,,
,,,Companions,,,,
,Competitors in sports,,,,,,
,,,,,,,Confidants
,,,,,,,Consultant - Client
,,,Cousins,,,,
,,,,,,Criminal - Hostage,
,,,,,,Criminal - Police officer,
,,,,,,Criminal - Prosecutor,
,,,,,,Criminal and their accomplice,
,,,,,,Customer - Businessman,
,,,,,,,Customer - Server
,,,,,,,Dealer - Buyer
,,,,,,Defendant - Plaintiff,
,,Diplomats,,,,,
,,,,,,,Director - Performer
,,,Distant-relatives,,,,
Divorced spouses,,,,,,,
,,,,,,,Doctor - Nurse
,,,,,,,Doctor - Patient
,,,,,,,Driver - Passenger
,,,,,,Drug dealer - Addict,
,,,,,,,Employer - Employee
Enemies,,,,,,,
,,,,,,,Entrepreneur - Investor
Ex-lovers,,,,,,,
,,,,,Facebook-friends,,
,Fans of opposing sports teams,,,,,,
,Fans of the same sports team,,,,,,
,,,Fiance - Fiancee,,,,
,,,,,,,Foreman - Laborer
,,,Foster-parent - Foster-child,,,,
,,Fraternity brothers,,,,,
Frenemies,,,,,,,
,,,Friends,,,,
Friends-with-benefits,,,,,,,
,,,Godparent - Godchild,,,,
,,,,Grandparent - Grandchild,,,
,,,Groom - Groomsman,,,,
,,,,,,Guard - Prisoner,
,,Guest - Host,,,,,
,,Guide - Tourist,,,,,
,,,Half-siblings,,,,
,,,,,,,Intern - Employee
,,,,,,,Interviewer - Job applicant
,Judge - Contestant,,,,,,
,,,,,,Judge - Lawyer,
,,Landlord - Housekeeper,,,,,
,,,,,,,Landlord - Tenant
,,,,,,Lawyer - Client,
,,Leader - Follower,,,,,
Life-partners,,,,,,,
,,,Long-distance-lovers,,,,
,,Man - God,,,,,
,,,,,Man - His Mistress,,
,,,,,Man's Wife - Man's Mistress,,
,,,,,,,Manager - Assistant
,,,,,,,Manager - Staff
,,Master - Servant,,,,,
,,Mentor - Mentee,,,,,
,,Monarch - Minister,,,,,
,,,Mother - Infant,,,,
,,,,,,,Native - Tourist
,,,Neighbors,,,,
,,,,,,,Nurse - Patient
,,,,,,Officer - Soldier,
,,Opposing negotiators,,,,,
,,,,,,,Owner - Manager
,,,Parent - Child,,,,
,,,Parent - Infant,,,,
,,,Parent - Teenager,,,,
,,,,,,Parole officer - Parolee,
,,,,,,,Patient - Caretaker
,,Peers,,,,,
,,,Pen-friends,,,,
,Performer - Audience,,,,,,
,,,,,Person - Crush,,
,,,Person - Deceased spouse,,,,
,,,Person - Family friends,,,,
,,,Person - Significant other,,,,
,,,,,Person - Social media follower,,
,Playmates,,,,,,
,,,,,,Police officer - Civilian,
,,,,,,Police officer - Offender,
,,Political allies,,,,,
,,Political opponents,,,,,
,,,,,,,Politician - Supporter
,Predecessor - Successor,,,,,,
,,Principal - Teacher,,,,,
,,,,,,,Professor - Graduate student
,,,,,,,Professor - Teaching Assistant
Prostitute - Customer,,,,,,,
,,,,,,,Psychologist - Client
,Reader - Writer,,,,,,
Religious followers,,,,,,,
Religious leader - Congregant,,,,,,,
,,,,,,Representative - Citizen,
,,,,,,,Researcher - Research-subject
,,,,,,,Reviewer - Writer
Romantic lovers,,,,,,,
Romantic rivals,,,,,,,
,,Roommates,,,,,
,,,,,,,Salesperson - Customer
,,,Second-cousins,,,,
,,,Siblings,,,,
Slave - Master,,,,,,,
,,Sorority sisters,,,,,
,,,Soul-mates,,,,
,Sports rivals,,,,,,
,,,Step-grandparent - Step-grandchild,,,,
,,,Step-parent - Step-child,,,,
,,,Step-siblings,,,,
Strangers,,,,,,,
,,,,,,,Student - Dorm-resident-assistant
Sugar-daddy - Sugar-baby,,,,,,,
,,,,,,,Superior - Subordinate
,,,,,,,Supervisor - Subordinate
,,,,,,,Teacher - Student
,Team-captain - Team-members,,,,,,
,Teammates in sports,,,,,,
,,Television host - Guest,,,,,
,,,,,,,Therapist - Patient
,,,Twins,,,,
,,,Uncle - Neice/Nephew,,,,
,,,,,,,Union-leader - Union-member
,,,,,,,University student - Administrator
,,,,,,Victim - Criminal,
,,,,,,Victim - Witness,
,,Volunteer - Organizer,,,,,
,,,Wife - Husband,,,,
