Business Partners,Family,Adversaries,Romantic Partners,Friends,Caregiver/Patient,Leader/Follower,Acquaintances
,A person - Their in-laws,,,,,,
,Adoptive parents - Adopted kids,,,,Adoptive parents - Adopted kids,,
,Ancestor - Descendant,,,,,,
Athlete - Referee,,,,,,,
,,,,,,Athletic trainer - Trainee,
,Aunt - Niece/Nephew,,,,,,
,,,,,Babysitter - Infant,,
,,,,Between Alumni,,,
,,,,,,,Between Co-workers
,,,,Between Cohabitants,,,
,,,,Between Companions,,,
,,,,Between Confidants,,,
,Between Cousins,,,,,,
Between Diplomats,,,,,,,
,,Between Frenemies,,Between Frenemies,,,
,Between Half-siblings,,,,,,
,,,,,,,Between Peers
,,,,Between Playmates,,,
,Between Second-cousins,,,,,,Between Second-cousins
,Between Siblings,,,,,,
,Between Step-siblings,,,,,,
,Between Twins,,,Between Twins,,,
Boss - Secretary,,,,,,Boss - Secretary,
,,,,Bride - Bridesmaid,,,
,,,Bride - Groom,,,,
,Brother - Sister,,,,,,
,,,,Brothers-in-arms,,,
,,Bully - Victim,,,,,
Business partners,,,,,,,
,,Business rivals,,,,,
,,,,,,,Casual acquaintances
,,,,,,Celebrity - Fans,
,,Celebrity - Haters,,,,,
Chef - Customer,,,,,Chef - Customer,,
Chief - Deputy,,,,,,Chief - Deputy,
,,,,Childhood-friends,,,
,,,,,,,Church members
,,,,,,,Classmates
,,,,Close-friends,,,
,Close-relatives,,,,,,
,,,,,,Club-member - Club-president,
Coach - Athlete,,,,,,Coach - Athlete,
,,Competitors in sports,,,,,
Consultant - Client,,,,,Consultant - Client,,
,,Criminal - Hostage,,,,,
,,Criminal - Police officer,,,,,
,,Criminal - Prosecutor,,,,,
Criminal and their accomplice,,,,,,,
Customer - Businessman,,,,,,,
Customer - Server,,,,,,,
Dealer - Buyer,,,,,,,
,,Defendant - Plaintiff,,,,,
,,,,,,Director - Performer,
,Distant-relatives,,,,,,
,,Divorced spouses,,,,,
Doctor - Nurse,,,,,,Doctor - Nurse,
,,,,,Doctor - Patient,,
Driver - Passenger,,,,,,,
Drug dealer - Addict,,,,,,,
Employer - Employee,,,,,,Employer - Employee,
,,Enemies,,,,,
Entrepreneur - Investor,,,,,,,
,,Ex-lovers,Ex-lovers,,,,
,,,,,,,Facebook-friends
,,Fans of opposing sports teams,,,,,
,,,,Fans of the same sports team,,,
,,,Fiance - Fiancee,,,,
Foreman - Laborer,,,,,,,
,Foster-parent - Foster-child,,,,Foster-parent - Foster-child,,
,,,,Fraternity brothers,,,
,,,,Friends,,,
,,,Friends-with-benefits,,,,
,Godparent - Godchild,,,,,,
,Grandparent - Grandchild,,,,,,
,,,,Groom - Groomsman,,,
,,Guard - Prisoner,,,,,
Guest - Host,,,,,,,
Guide - Tourist,,,,,,Guide - Tourist,
,,,,,,Intern - Employee,
Interviewer - Job applicant,,,,,,,
Judge - Contestant,,,,,,,
Judge - Lawyer,,,,,,,
Landlord - Housekeeper,,,,,,,
Landlord - Tenant,,,,,,,
,,,,,Lawyer - Client,,
,,,,,,Leader - Follower,
,,,Life-partners,Life-partners,,,
,,,Long-distance-lovers,,,,
,,,,,Man - God,Man - God,
,,,Man - His Mistress,,,,
,,Man's Wife - Man's Mistress,,,,,
,,,,,,Manager - Assistant,
Manager - Staff,,,,,,Manager - Staff,
Master - Servant,,Master - Servant,,,,,
,,,,,,Mentor - Mentee,
,,,,,,Monarch - Minister,
,Mother - Infant,,,,Mother - Infant,,
Native - Tourist,,,,,,,
,,,,,,,Neighbors
,,,,,Nurse - Patient,,
,,,,,,Officer - Soldier,
,,Opposing negotiators,,,,,
Owner - Manager,,,,,,,
,Parent - Child,,,,Parent - Child,Parent - Child,
,Parent - Infant,,,,Parent - Infant,,
,Parent - Teenager,,,,Parent - Teenager,Parent - Teenager,
,,Parole officer - Parolee,,,,Parole officer - Parolee,
,,,,,Patient - Caretaker,,
,,,,Pen-friends,,,
,,,,,,Performer - Audience,
,,,,Person - Crush,,,
,,,Person - Deceased spouse,,,,
,,,,Person - Family friends,,,
,,,Person - their Significant other,,,,
,,,,,,Person - their Social media follower,
Police officer - Civilian,,,,,,,
,,Police officer - Offender,,,,,
Political allies,,,,,,,
,,Political opponents,,,,,
Politician - Supporter,,,,,,,
Predecessor - Successor,,,,,,Predecessor - Successor,
Principal - Teacher,,,,,,,
,,,,,Professor - Graduate student,Professor - Graduate student,
,,,,,,Professor - Teaching Assistant,
Prostitute - Customer,,,,,,,
,,,,,Psychologist - Client,,
,,,,,,Reader - Writer,
,,,,Religious followers,,,Religious followers
,,,,,,Religious leader - Congregant,
Representative - Citizen,,,,,,,
Researcher - Research-subject,,,,,,,
Reviewer - Writer,,,,,,,
,,,Romantic lovers,,,,
,,Romantic rivals,,,,,
,,,,Roommates,,,
Salesperson - Customer,,,,,,,
,,Slave - Master,,,,Slave - Master,
,,,,Sorority sisters,,,
,,,Soul-mates,Soul-mates,,,
,,Sports rivals,,,,,
,Step-grandparent - Step-grandchild,,,,,,
,Step-parent - Step-child,,,,,,
,,,,,,,Strangers
Student - Dorm-resident-assistant,,,,,,,
,,,Sugar-daddy - Sugar-baby,,,,
,,,,,,Superior - Subordinate,
,,,,,,Supervisor - Subordinate,
,,,,,Teacher - Student,Teacher - Student,
,,,,,,Team-captain - Team-members,
Teammates in sports,,,,Teammates in sports,,,
Television host - Guest,,,,,,,
,,,,,Therapist - Patient,,
,Uncle - Neice/Nephew,,,,,,
Union-leader - Union-member,,,,,,Union-leader - Union-member,
University student - Administrator,,,,,,,
,,Victim - Criminal,,,,,
Victim - Witness,,,,,,,
Volunteer - Organizer,,,,,,Volunteer - Organizer,
,,,Wife - Husband,,,,
