,Valence Evaluation,Equality,Activity Intensity,Socioemotional,Formality and Regulation,Intimacy,Visibility,Communal Sharing,Expected Reciprocity,Strategic,Concreteness,Uniqueness,Love Expression,Information Exchange,Money Exchange,Goods Exchange,Service Exchange,Attachment,Mating,Conflict,Negotiation,Coercion,Importance for society,Importance for individuals,Affiliation Coalition,Occupational,Activeness,Endurance,Synchronicity,Spatial Distance
Parent and Child,1.1427804909286752,-1.739818640039378,1.4006383541672014,0.8952854948660774,-2.8660966918940045,1.1585726506062726,-1.5244420074184253,0.4751103006868782,-1.993502562655501,-2.6770294967744164,-1.4272221450209683,0.5706087995268272,2.6279731482924773,1.7215689277581405,0.6248580686357689,0.0696773064890468,-0.40775460403102626,2.4013311518250386,1.5178199994241668,-0.8949981244378293,-1.0665218240777097,-0.4881972612019465,-0.17694293613903983,0.20053242772642008,0.3344482984518931,0.23317625640285133,-0.02204361865023403,0.3915095095443029,0.2932599502285245,0.489753844121009
Parent and Teenager,0.5397927840176218,-1.4712375035121297,0.7440368797295858,0.4126911800181832,-2.4258353938280957,0.7468701224764808,-1.6209256455220442,0.29186599412378683,-1.768527892264358,-2.6462240501561047,-1.3644326049269029,0.5706087995268272,1.0940927338820314,-0.7553429895326575,0.6983527815948106,0.30998542435394943,0.1981543445713074,1.309559976016931,0.6354282299936137,-0.5831595606051941,-1.4118716648377623,-1.0009752675174817,-0.5381413003369416,-0.6212612417665461,0.3206146734449614,-0.7061653016345057,-0.40194444554812847,-0.5941229714642374,-0.1732722495186374,-0.37084038730143887
Wife and Husband,-0.09190862322252956,-0.3236635565320671,1.3580018947881363,0.6836213216871768,-2.588895133852506,2.1676474744538012,-2.0470617138130294,0.4910445882141035,-1.8153976152625129,-2.184142350881434,-1.075600720494203,1.3755292136566961,1.6419071676000478,1.605915453020827,1.194442094068343,1.3385041688157326,0.1468061285880588,1.60487513012896,2.523556854904152,-0.25053175918371673,-1.1010568081537149,-0.3106971820927228,0.46367303055157827,0.4792276721631651,1.1713826113712613,1.1663783271327746,0.23825879977980416,0.2583159310296352,0.8530985899251184,0.6084564967310013
Fiance and Fiancee,0.4440804495872956,-0.12833182087588588,0.3347268696905513,0.7598204240315812,-1.6757605897158063,1.0213384745630087,-2.071182623338934,0.22016170025127288,-1.993502562655501,-2.1148300959902335,-1.9044226497358645,0.7888923016637408,1.6327769270380807,-0.03250877242444802,-1.2125097553402768,0.7137030623669858,-0.28451888567122957,0.5488997305768559,2.40021176885472,-1.0717066439429892,-0.8247769355456728,-1.346114310229861,-0.2382785074179289,-0.3139818696952632,-0.5578205144952018,0.3252685660143569,-0.6059652599932942,0.2716352888811019,-0.22770100615580569,-0.482124124123307
Between Siblings,-0.5704702953741594,0.19722107188441548,0.9486918847491019,-0.07836970175686729,-2.507365263840301,0.39167578448215074,-0.9294595724461072,0.1564245501423718,-1.6935363354673105,-2.1610382659177008,-1.5528012252090992,0.3113971407392424,1.1032229744439983,0.805978919421075,1.0842000246297803,1.2616055710989638,1.3586240257927262,1.1037342625449107,-0.9395936380222121,0.27959379933176304,-0.6866369992416518,-0.8826418814446658,-0.5449563638123734,-0.32827393351253215,0.6042039860870614,-0.1474719566580387,-0.9647604853968609,-0.7539552656818386,-0.48429371601674465,-0.7640429240720396
Between divorced spouses,-3.1834170253220573,-2.0409550658426574,-2.8544802918635863,-2.1696117327644107,0.6804526536369279,-2.223846158930645,-0.9214192692708054,-1.4768399213982244,-0.7186460971056912,-0.08167061918168302,-0.3597999634218582,-1.6531543784929796,-2.06497050055853,-2.788916586997087,-2.1311936673282994,-1.477906972560926,-2.4719528865576206,-1.6256936769753583,-0.9206174709376841,1.3814233915404073,-0.9168702264150201,0.3105530947895601,-1.4104694251922512,-1.5573914217976643,-0.8206593896269045,-0.46672529664459134,-1.9567237556302521,-0.9337665966766395,-0.7486619625401366,-1.327880523969505
Between a person and their in-laws,-1.393596371474962,-2.073510355118687,-1.1746037923283854,-0.30696700879008054,-0.6321782535595782,-1.5457478773051052,-0.16563077079245528,-0.2578669255654868,-2.0778680640521796,-1.360096653841605,-1.791401477566547,0.9662476471499831,-1.2706395716674062,-1.4299882588336532,-0.7991019949456665,0.088901955918239,-0.39748496083437657,-0.05067952171120313,-1.0819148911561722,1.0176117337356663,-0.3182638357642623,-0.16278044950170306,-0.8857095375839787,-0.6855755289442566,-0.5232364519778729,-0.2150063170398095,-1.3376261117966466,-1.0603004962655735,-0.6320289126033456,-0.9643536503514026
Between cousins,-0.1780497242098229,0.5390516092827319,0.30061770218729866,-0.25616760722714443,-2.3116935758110078,-0.34293068727885073,-0.31035622794788403,0.14049026261514652,-1.6185447786702627,-1.9916083095169883,-1.8793068336982384,0.12039907636944303,0.8019250358990894,0.025317964944208748,0.23901082560079925,0.37727169735612215,0.43435613809425105,0.4862571221288498,-0.37979670902863544,-1.3211774950090973,-0.5715203856549675,-1.326392079217725,-0.21101825351620054,-0.8356421990255812,0.2721969859207003,-0.19658785511750815,-1.4079781167777379,-0.3810132458407688,-0.49206925267919766,-0.6305024398857981
Employer and Employee,-0.455615494057768,-1.2096325004011732,-0.8737122075675477,-1.3386786643420963,0.4533337300314982,-1.0752307022996288,-0.13002371387326236,-0.1099056842412516,0.6298627902983621,1.0647320728283336,-0.4333534246749063,-0.6799737647992403,-0.893256295106106,-0.838870499065162,0.09814595909596927,-0.36287730566777787,-0.2810956712723465,-0.06857740983920489,0.07879399551412489,-0.2332073945263479,-0.22617054489491495,0.3565716338178776,1.6727788754844908,1.4707395994862,1.151208574902819,1.8432568027773402,2.231565607577399,0.9614670309383176,1.2049416239011022,0.7500341396877112
Interviewer and Job applicant,-0.6155918244627411,-1.3665955022677467,-1.4876772226260984,-1.5346192132277074,1.0613136178368012,-1.3658442515677174,0.26280252697718726,-0.8269486229663914,-0.8164029479304139,0.767679551866045,-0.8370004681367544,-1.3893951467442094,-0.6923910027428334,-0.9480987807615134,-0.636801170494449,-1.208761880552235,-0.9520456934534616,-1.0947229958446396,0.2053017760776454,-0.44109977041477133,0.45685469571941106,-0.27453975857047336,0.823735550836907,1.439773461215451,1.7057063772639987,1.3444234590483517,0.6158145598449966,-0.1063014901542672,0.12673387337432937,-0.254610706620821
Guard and Prisoner,-1.8707907245633015,-1.4398449031388147,-1.8714053570376925,-1.4039921806372997,0.2332030809985438,-1.7187321328218248,-0.409137095530161,-0.7962182113067423,-1.2141260259433273,0.06465525225529625,-0.5140828333672761,-1.2256825201415242,-0.9419509114365963,-1.3785867145059585,-0.7654169181727721,-0.1514061619466636,-0.8835814054757966,-0.5398884638765848,0.11042094065500528,0.4666969376313441,-0.6252414719954205,0.6063865599715996,0.5505650898633372,0.2785432760623467,0.1770908139980449,0.5263367753328104,-0.3521117753531885,-0.26502383788424627,-1.0357088576623479,-0.23049923030941624
Nurse and Patient,0.7011364334858855,0.223962916646869,-0.16107424366030162,0.39212951748080405,0.14934378612884722,-0.5770360464114774,0.6556287678276365,-0.5811053296892004,-0.28610551057986294,-0.45023578407933695,0.27706537181794677,-1.2256825201415242,-0.21153166647924102,-0.13852445760031876,-0.22033113039321214,-0.747370294251622,-0.2947885288678793,-0.43250113510857424,-0.21849928881014727,-0.49653773731835127,-0.00361175862732572,-0.3337064516068812,1.4291403562377931,1.215268958752517,1.3235524864475103,1.8831634702756592,2.246808541989969,1.019184248294674,0.6658377486377162,0.9188144738675447
Therapist and Patient,0.9103362501693124,0.0879283150291713,-0.9943124783826206,0.2288457267427949,0.31706237586824093,-0.4524873824394395,0.5729285065959632,-0.5094010358166865,0.0031476370658924105,-0.8364040613303115,0.5031077161565819,-1.6713446703377222,-0.2176184935205525,-0.305579476665327,-0.7225450022799981,-0.5615320164360975,-0.14416709531701652,0.026877993510138014,-0.29440395714825934,-0.43417002455182424,-0.26454274942380945,0.0278677836156111,1.7096938026430806,1.4242903920800758,1.6457606689006274,1.6171190202868657,1.5456335590117558,0.3337922921879472,1.0280481648303035,1.4653412702593867
Salesperson and Customer,-0.3817802646400883,-0.33063968994835924,-0.8408212246179829,-0.7617426037344625,0.4114040825966499,-0.7431009317075279,0.583266039249922,-0.3659924480716585,-0.10532229330126569,1.0152233193346183,0.8421712326645345,-1.1165407690730673,-0.6193490782470978,-1.2115316954409496,0.07364772144295516,-0.2795704914746115,-0.42487067602544265,-0.6651736807725972,0.3001826115002855,0.05784193171744491,-0.2491938676122518,0.2711086327652882,0.6022459878853635,0.6346538661759649,0.6641496944504326,1.1847967890550752,1.5532550262180416,-0.03415496845882204,0.5647557720258312,1.0956319668178474
Between Business Partners,-0.7509564117284883,0.3913901186378811,-0.9833488173994319,-0.9032552223740709,1.019383970401953,-0.16187383317135107,0.3971904514786566,-0.5094010358166865,1.4494133752946678,1.3617845937906214,0.777587705710639,-0.12516986353458473,-0.21153166647924102,-0.31200466970628904,0.22063714736103882,-0.6256141812000713,-0.12362780892371707,-0.4981267249112472,0.3191587785848135,-0.482678245592456,0.39545916847317975,-0.37315091363115316,0.8754164488589347,0.8127091612327747,1.2486203509932972,1.1448901215567562,1.3703398132672036,1.1779065960246524,0.8258842116065336,1.3930068413251724
Between opposing negotiators,-1.390861733348381,-0.15274828783290864,-1.7617687472058088,-1.0121110828660773,0.4533337300314982,-1.4177395282227332,0.583266039249922,-1.1649831512225286,-1.2261782404285668,1.3023740895981644,-0.38491577945948424,-1.0346844557717247,-0.5950017700818525,-1.757673103922708,-0.4653135069233517,-0.510266284624918,-0.904120691869096,-0.6293779045165937,-0.34500706937366726,1.0210766066671404,0.6333668365523273,0.5998124829675541,-0.5273507831675072,-0.6194747337893877,-0.4898051915444543,0.519685664083091,-0.4207049802097528,-1.2895044459595641,-0.39552300578707683,-0.13405332506379714
Between political opponents,0.1378009794102525,0.20535989420342274,0.5137999990826293,-0.3746995442073292,0.8190534326576766,0.036481446487820174,0.3569889356021485,-0.5526512448191551,0.4999667008463327,1.5972262215162876,0.20530589742472952,0.30300162142628384,-0.5514575458632409,-1.042993939520335,0.4934156012282516,-0.3495679329860297,-0.7450728844132904,-1.3241831000497903,-0.9600295102670883,1.8387866184949386,0.2165856612077165,1.782134947233552,0.9432056787319828,0.10893329144301431,-0.43394669056949553,0.9163337531572927,0.5382141664719128,0.7850359915194572,0.22398698723576405,0.5929442182649228
Between business rivals,0.9130708882958926,0.16466578260838546,0.5820183340891347,0.14176103834918966,1.3489975877370106,-0.06846233519232274,0.3409083292515454,-0.5048483822374792,1.2405083242171788,1.3584840102243745,0.9211066544970743,0.60524031669278,-1.135792941829125,-0.7820322529335761,0.43688120664437347,0.19463752777879614,-0.8841080538448555,-0.817535189964817,-0.6797661194802133,1.7812164220950675,0.8116500022096531,1.6304254779094283,-0.39378586490278855,0.6325425385665963,-0.25410956547938335,1.6128864949461341,0.23889836346145107,0.7378128136824387,0.25155479903900546,0.6280154565360567
Between enemies,0.12822974596722023,0.5716068985587619,0.41147249657287016,-0.6117634181676982,0.5744638226210604,-0.9080125886334671,0.6866413657895142,-0.4092426570741271,0.4343490886489166,1.5895248598617095,0.05461100119897252,0.042740522724579726,-0.9559974353780839,-1.6598124714526739,-0.5411638196567214,-0.8701122867610801,-1.1242597101357417,-1.412295780064568,-0.6038614511421012,1.8707700609393116,-0.9806271200937993,1.8488871137361655,-0.3535150352752353,0.6409878490040722,-0.425772275792672,-0.9193729517653855,-0.8669072421049794,-0.009887502070354118,-0.5571010138560744,0.18962497814687942
Teacher and Student,1.8031955984979244,1.4994326429256215,0.2153447834291669,0.5142899831440554,0.25649732957345955,1.2715890308771958,0.9117698546979591,-0.09852405029323355,1.681083720399833,0.8039859710947697,1.0969173667604573,-0.3938264815492474,0.7464412663302131,0.902356815035503,-0.7051135639499688,0.6796902210691841,0.07649857131868738,1.071380387851984,0.16102405288041316,-1.046119889987491,-1.0798045102607883,-0.3235924869852734,2.0305180786759225,1.1983783378775623,0.7349946225162338,0.7784743563449171,0.34698462565967403,0.5331790430553588,0.7110183290930275,1.355743650662092
Professor and Graduate student,0.6450763518909797,1.7680137794528705,0.5308545828342551,1.0815499672635103,1.1614788867089394,1.2070082421509543,0.8233265197696411,0.46714315692326586,0.9217942078297257,1.2275608620965504,0.1927479894059169,-0.2930802497937492,0.9262367727812548,0.7184974449402864,-0.8407961109512768,0.6441985605845217,0.30401066675215854,1.1209437703602967,-0.14843344111342868,-1.4363178878088396,-0.5414129636399884,-0.35393438085009754,1.5875389527728359,0.15960515406787718,0.8494364293917605,0.6551264749864762,0.42181357641228917,0.6354959283688981,0.9223715529178782,0.6543188852394081
Master and Servant,1.2672065256880987,1.515710287563636,0.9572191766249153,0.946084896429014,0.6804526536369279,1.1424274534247125,0.12382014351840225,-0.21006406298381095,-0.06246997513152434,0.7500764395127242,0.016937277142533867,-0.5365503098695369,-0.6469739086653565,0.24995259856860574,0.06940764184916436,0.519977748888203,-0.7261135431271677,-0.7514506799537338,0.015053536845582477,-0.9757563166098707,-0.49890836785413584,-0.8636781977791507,0.2022224135850003,0.12582391231796772,-1.1859928500372372,-0.288122029519247,-0.14356071816302837,0.3757684502652969,-0.20790873101501728,0.6104798374004904
Between Close Friends,1.563914762422109,1.881957291918975,0.43705437220030996,1.6318768175286538,-0.721861110573004,1.7640175449147906,0.5981980308611962,1.8295247405010309,0.9499160416286193,-0.5822591267292428,1.385749251193158,0.21904642829670276,1.65665601773861,0.9675972366821922,1.0248389103167082,1.2653026190661159,0.7084766141894403,1.3852818104046305,1.3754987462902066,-0.7006987115882645,0.7266408106379482,-0.2750454568015537,0.870718185402386,1.0041361978155896,1.650529077520442,-0.7524905240451419,1.2283033789682565,1.721629018620324,1.8045415306216024,1.250529935848689
Between casual acquaintances,0.6642188187770454,1.1494632832082967,0.2835631184356723,0.201027006839282,-0.06146916347414087,0.35938539011902937,0.5821174245105935,-0.17022834416574753,0.23749625205666633,-0.02005972594505998,-0.6988634799298109,-0.25110265322895786,0.12277560332816409,0.31519302021529605,0.2672780228927386,0.4489944279188776,-0.24581023054539597,-0.33842249238446204,0.7974555027922762,-1.1804503482538569,0.046567278064305925,-0.22043004784486994,-0.16021505306297942,-0.4231212661180443,-0.5320396678913745,-0.28086627179228024,-0.6424203898471328,-0.009887502070354118,-0.7868327788830858,-0.23999769067451468
Between teammates in sports,1.9276216332573481,1.9959008043850808,2.6882594274149954,0.582022518561304,1.6180461587772885,0.5208373619346345,1.3459462261642454,1.9251304656643835,3.0496796319459527,0.7500764395127242,0.443906149782178,-0.08548195405514555,-0.08204825487316438,1.042542845020125,-1.5916756608335152,0.8587617807872541,0.37180467498738484,0.34795525932156357,-0.5911222061063337,-0.21745797211055837,0.5398781927910201,-1.5433366203512207,0.6866229642478573,1.6134050222335818,2.762249487168408,1.526853939040668,1.2995690463517,-0.0784735460717386,2.2482520253594864,0.3837693328620866
Between second cousins,1.9563353335864455,0.9378539029141011,1.2045106410234987,2.1060045654493917,-0.8115439675864298,0.884104298519745,0.8072459134190385,2.172111922336376,1.2686301580160713,-0.2665032988915511,1.8880655719456803,-0.15493579564416393,-0.0023661554232708923,-0.2541779323376323,-1.057168657495029,0.6490383324687936,-0.4871109378233198,0.1787388624750012,-0.44621329382448355,-0.9885496935876199,-0.31407777708838275,-2.1887914534756705,0.5474009532497431,1.4143369904930487,0.4115213520619409,-1.4832489808325433,0.8945425033891298,1.2696357450374325,0.42877644634555667,-0.6082456925214242
Parent and Infant,2.1860449362192282,0.3762751629025812,2.355695044258281,2.173737100866641,-0.9582977336083994,3.217085291255233,0.5017143927575772,2.4907976728808823,2.1310330611821193,-1.105951719240536,0.8583171144030088,1.769927814108619,2.1291300048613744,1.1687102720062856,-1.4780929226240873,0.3554255048229494,0.36433584357163934,2.124727426210466,1.0718800729377582,-1.3589761088069925,-0.5401249455858717,-2.0094984442744344,1.8889948774133785,2.8210844147928102,1.426316557927574,-1.5402585058301421,1.7307263340215333,2.4322254089297455,1.5551184714494175,1.9269038167919932
Grandparent and Grandchild,1.9946202673585756,0.400691629859604,1.7417300291997304,2.1314042662308608,-0.6484842275620192,2.7569471715807587,1.1529789499570067,2.4270605227719813,1.3998653824109046,-0.8672095079486228,0.9838961945911397,0.8571058960815263,1.3721500600873886,0.2925475846023955,-1.564950310666591,-0.4345328171765851,0.2672410351669512,1.3697619633565734,0.8717677655009175,-1.721842801266786,-1.0089635172843676,-2.525862310773994,1.6485204947802734,2.396405947079674,1.0923333256173662,-1.1867994508450301,1.129719205754494,2.0240822290526577,0.963066894151235,-0.1397941527569888
Step-parent and Step-child,-0.07276615633646444,-0.0632212423238258,-0.17691064285824062,0.15022760527634593,0.3461801865868859,0.48854696757151317,0.18010226574551347,0.3715374317599137,0.37810542105113043,0.8578955026768141,-0.5104948596476152,-1.2661972610684509,-0.36093560294779103,-1.1163220167430603,-1.9190612003783378,-1.0007861276364285,-1.2414629108135902,-0.14667728530684915,-0.397910323063867,-1.06414692118341,-1.1178010428572325,-1.5935386629275667,0.24364383834477046,0.020860768309323707,0.00046506614168462544,-1.4832489808325433,0.11062016217125245,0.3667735592487219,0.38545559922617717,-0.029570261047709524
Foster-parent and Foster-child,-0.3216182258553116,-0.2666918002990143,0.036271654037089485,0.6582216209057085,0.37879213459176786,-0.2379869055987078,0.08361862764189414,0.30780028165101264,0.07813919386293977,0.611451929730323,0.1927479894059169,-1.0776796910411166,-0.1550901793688999,-1.333610363219225,-2.0393252761294973,-1.0287492540788896,-0.9875226426782514,0.06158904927353534,-0.7291306939938104,-2.0317914344095267,-1.0173356346361266,-1.5720235018234183,-0.6296578670070296,0.11375918312157204,-0.29498163936349964,-1.0271727808517537,-0.5295830831566801,0.4038774846920938,-0.3943196489226492,-0.3189079767845669
Godparent and Godchild,0.9417845886249911,-0.03066595304779577,0.7866733391086508,1.1831487703893835,-0.35497669551808003,1.0374836717445697,0.5499562118093873,0.8973689201583491,0.5562103684441189,0.24948793196516436,-0.7867688360615024,-3.091841097122637,-0.39413647771857985,-1.4737963932038478,-1.7921157870854476,-1.2874081736716578,-1.3012135621395522,-0.19223554599630793,-0.18399716683827824,-2.2963817309947925,-1.0591962213949206,-1.8445488758092972,0.2183307454360221,-0.19147846554724385,0.12892015549176494,-1.8139042258186153,0.07142404511035905,0.34203760895314084,-0.19215569569887922,-0.415353882030186
Step-grandparent and Step-grandchild,-0.225905891424986,-0.1039153539188636,-0.24512897786474602,0.46349058158111933,-0.44465955253150585,-0.22991430700792734,-0.06914713268883593,0.41934029434158954,0.3593575318518686,0.5498410364937005,-0.4979369516288018,-1.7821400843011557,-0.2812535034978976,-1.0111824942545937,-2.025962601046035,-1.3013897368928884,-0.9053654971050537,0.3089053215877414,-0.7222302695994364,-2.341740067552267,-1.5112905583898986,-2.1529328516354234,-0.6802840528245258,0.06067437465743033,-0.33351816616852387,-1.312220405839747,-0.4381254766812611,0.3667735592487219,0.32769446973367167,-1.6553726637595743
Ancestor and Descendant,-0.1799639708984291,-0.4677207115785001,0.1667392197370317,0.5913357421811756,-0.23431248790001608,-0.9039762893380768,-0.8619210257735735,-0.3168237894162205,0.6780716482393211,-1.1413779828515942,0.7452959422336912,1.5847175698712386,0.7826500836016038,0.33693982743085943,0.965791875973546,1.5360908435046523,0.5153722122011547,0.9098404744915586,0.05981782842959687,-0.41569070225063115,0.8431348879769519,1.4281461854772652,0.8473611042184048,-0.0017002752879363607,1.4674221865195995,0.5702341095809612,0.2713242421209182,1.655516569648498,0.04755299169501895,0.35621335993476694
Bride and Groom,0.4919366168024587,0.5797457208777697,0.1667392197370317,0.24081987139691516,-0.9900943829131598,1.471789475928546,-1.3756963986753457,0.1492541207551203,1.6229652638821215,-1.2730712671448752,0.4288366601596024,1.6938593209396955,2.3408778061772946,1.1507976126193622,1.0801169850209444,2.2794439547667515,1.2547865223599348,2.103033016358342,2.5309364754370245,-0.01838527277497741,1.0477866454643898,1.1125904892830891,0.5904332111946152,1.4196454713394637,0.6401714111050844,-0.9542005888548272,1.396252801768572,1.4650497523725243,1.088697350797434,1.407473727112016
Man and His Mistress,-0.7226529071183775,-0.2259976887039765,0.2741830973722779,-0.3230534859516774,-0.60119690295494,1.7260763315381233,-1.8749992258615749,0.5507981664411986,0.9733509031276961,-1.7305321494267993,0.30451337077335294,0.23863597336027068,1.8539316428723907,1.0565614480185876,2.076378649576845,2.57849405699863,2.614943710182876,1.4825728945876149,2.480333363211616,0.7947049084775232,2.5212792993739477,0.7181458690403699,-0.7030658364423984,-0.30826504416835565,0.7031144048866226,-0.15606723888844556,0.033534465284827945,-1.1235674460600409,0.5529628747544438,1.0988468303260344
Man Wife and Man Mistress,-0.08520875981240691,-0.23332262879108337,-0.13256872510401213,-0.30019375524835573,-1.0928220191285383,0.687132892904707,-2.171686413030204,-0.3526759363524775,0.15500553957991361,-0.767091806439111,-0.09106073181925847,-0.11304300230475585,-0.03704262462831751,-0.09997329935454757,1.1862760148506715,0.9721677935816813,0.5884007860439969,0.36097190523283745,0.10198708861743704,1.7094313623865862,1.1603451120824815,1.577158597568959,-0.06517589514195371,-1.255828875253289,-1.1671916960505442,-1.2415285948427246,-1.073102573067742,-1.4525555849912697,-1.8932209592531721,-1.717373602846044
Brother and Sister,0.6986752591719632,1.0485418864526042,0.7500059840426543,0.4541773579612478,-1.254251161752705,0.6217448443193871,0.006431717158999069,0.49343473134318766,0.9733509031276961,-1.2106902377427948,0.7226917077998274,2.009157712915237,2.3084147286236343,1.6648130558963103,1.2434385693743712,2.2794439547667515,1.190886520247447,2.38939922640637,0.0345162723168932,-0.01838527277497741,1.2115080514543413,0.9022200251536391,0.76762486155585,1.1781095928276173,1.8450801492088353,0.46647677408533184,1.1584630249324819,1.8719561347348328,1.0988055484586232,1.3978291365874531
Between step-siblings,-0.5073001546501441,-0.6361943335819564,-0.4855986087626783,-0.7573883693147822,0.16926036866040028,-0.39540257811892215,-1.0355915743600879,-0.5032549534847569,-0.13183716516879346,-0.2611123457333468,-1.3795020945494785,-0.14942358599424171,-0.19124224300820333,-0.8110279958876603,0.524823598219295,0.20318181641399294,0.1684864864476524,-0.2515335995921119,0.9032030321863981,0.6653496523691707,0.38266843363021513,0.7444421770565514,-0.7828020791049538,-0.7541774352671481,-0.42086762692657803,-0.4194512443773518,-0.3414417212643896,-0.9157854635771596,-0.7408864258776836,-0.3478417483582523
Between distant relatives,-1.1447443019561148,-0.5189952921882478,-0.3474564803745046,-0.5745105236882116,0.33802719958566513,-0.31548385207019775,-0.7389043871914593,-0.7829016995875614,-0.8658170273198968,0.08544892872265625,-1.7863783143590217,-0.8891621210137822,-0.19124224300820333,-1.196539578345372,0.45132888526025317,0.20318181641399294,0.2780293472119163,0.010968759618580947,0.41403961400745365,0.39739947900186945,0.12685373677091683,0.7795039210781263,-0.9688533119842504,-1.4323358633965606,0.3614238672154097,-0.2678059078837394,-1.6035566906251726,0.7378128136824387,-0.9329421814402649,-1.69808442179692
Between close relatives,0.34549674512405976,-0.0868238270489477,0.35092872425459676,-0.163035371028428,-0.7919767987835006,0.07684443944172145,-0.847448480058031,0.32851485543640524,0.6780716482393211,-1.3839708749707962,-0.3284051933748255,0.7237104225534118,1.0991650897497907,0.2855382831031642,1.4884209459045104,1.3908379367063115,1.2365293788992235,0.8700673897626656,0.2453625732560935,0.4897960905078357,0.6282505426151412,1.0950596172723017,0.8385015217003436,1.1130807024590443,1.656251167864218,0.8096741145708757,1.3047951952931531,1.9412167955624609,1.1291301414421886,1.0602684682277863
Between twins,2.1778410218394852,2.68304994588986,2.0974399188765096,2.0576241830085,-1.2972290503734245,2.3602366122624163,-2.6110315508234696,1.713432074231246,1.666353236028984,-1.6186423665310041,0.8098794691875868,2.3123292436609497,1.3832170183443175,1.107962992346283,0.19001435029477154,0.9123577731353049,-0.6987278279361016,1.363253640400936,-0.11729306435933098,-0.3787320576482443,-0.48710153569139936,-0.49148429970396895,-0.7894467659935004,-0.0040227356582424375,-1.8011175619931894,-1.9578532764375522,-0.14252142718035343,1.0300062265489907,0.25729809316468055,0.6455510756716243
Between a person and their family friends,1.3779593698146193,-1.1363830995301054,0.7050549740115816,1.763713359680084,0.044519667541725934,1.6752189604162075,-1.8667291997384075,1.3856410165283253,1.1963168711046321,-1.331491596267459,1.5202982656804407,0.3841583081182141,1.602342791831524,1.6219784356232312,1.2924350446803985,0.732927711796178,-0.20578495449691486,1.3155259387262646,-0.3956101815990757,-0.24013714038929554,0.0654582095246848,-0.6229658397848757,0.12973492025540473,-0.03885964121283557,-1.2728460070409848,-1.7583199389459567,-0.14252142718035343,0.18589192271228483,0.5731792700768211,0.5008822178031956
Between a person and their deceased spouse,0.12276046971405875,-0.03764208646408792,0.09108995895303158,1.4044890200564626,-0.8360029285900916,1.3846054111481192,-2.7867696059407763,1.6007538981458673,1.1360557986784336,-1.0641443274013993,0.9390465230953786,-1.8350572969404073,1.3588697101790725,1.5448761191316889,2.4193539767190404,0.4765990527402817,-0.6165706823629038,1.4587090437502785,2.5899734397,-0.6836408756179324,-0.24151942670647264,0.40259017284619447,-1.6975539740948284,-0.6310870356409187,-1.7111989994481334,-2.187316614552887,-1.4343601186456474,0.33739961827271925,-0.5008167314244568,-0.5117997872758051
Manager and Staff,-0.27102742051356776,-1.5026301038854446,-0.6654026488869685,-2.2639534785241495,0.7782884976515738,-1.2724327535886888,1.9788329475344142,-1.800078325521938,-0.27405329609462287,1.3914898458868503,-1.4666898559372377,-0.16155044722407058,-0.5402203267100508,0.7738529542162654,-0.5694310169486608,-0.13858972899386898,0.09545791260481018,-0.8560844874712825,0.11042094065500528,0.39739947900186945,0.2803425548864955,0.34999755681383204,0.24047970173117644,-0.17820726343120807,-0.025225951728331312,1.194773455929655,0.040393785770484636,-0.32274105524060204,-0.21020604866528747,-0.2827407623174597
Foreman and Laborer,-0.4433096224881544,-1.3770597023921853,-1.2574403419791418,-2.242182306425748,1.197584972000058,-2.0404828480829225,1.8030948924171075,-2.0766520304587774,-1.0574472376352098,1.2429635854057064,-1.9995039533068777,-1.1438262068401817,-0.2480526287271088,-0.17707561584608994,-0.961402819396884,-0.599981315294482,0.5884007860439969,-0.5219905757485831,-0.34500706937366726,0.39739947900186945,0.8636000637256951,-0.28111383557451886,0.19618178914086776,-0.5614132245317325,-0.48605858477174385,1.1648434553059157,0.5662750230041441,0.08849411842343416,1.710351506960527,-1.6088719594447225
Owner and Manager,-0.6278976960323547,-1.8584129081163452,-0.7969665806852289,-2.5034363716065635,0.9774543229671036,-1.7810064648078436,1.77208229445523,-2.168843265437724,-0.46688872785845953,1.8172651259327977,-0.6755416507520149,-0.9619232883927531,-0.6376095593710317,-0.8195949199422764,-0.10396450154139575,-0.189855460805048,1.6290579633045026,-0.09244126067654075,-0.24380084492285148,-0.18469917348571616,0.31104031850961156,0.19221970871674435,0.6945333057818405,-0.7704346578592912,-0.4410993034992158,0.7458234465735654,0.772054637573837,-0.1820553379344844,0.3331095756235943,-1.4762588397319962
Union leader and union member,-0.197192191095888,-1.16777569990342,-0.040473972845229335,-1.3931065945880994,0.17030860984627136,-1.3866023622297237,2.009845545496292,-0.03820139036873763,-0.7561418755042149,1.0944373249245627,0.7291500604952169,1.002628230839468,0.04411506925583329,-0.5368864261399541,0.23901082560079925,-0.42055125395535453,0.478857925279733,0.07460569518480921,0.00921471620418899,0.4805564293572388,0.7715067728563484,0.4288864808623759,-0.5236592904516483,-1.1536406189598156,0.37940757972442113,0.027503431603821973,0.10898699062704892,-0.3443850117492355,0.6616259996122205,-1.403924410797782
Manager and Assistant,-0.3079450352224079,-2.5490501163292705,-0.9066031905171131,-2.6449489902461716,0.5371930249011954,-1.9159341841108846,1.503306445452291,-1.6054523850108289,-0.20174000918318433,2.084612394798856,-0.4656451881518541,0.7843447287025546,0.2632408427430398,1.5191753469678417,-0.0059715509293403295,0.7072948458905882,0.5884007860439969,0.3848357560701728,0.18632560899311737,1.5893157674288305,0.679413481987001,0.48147909689473833,0.7831291309624577,0.21661099952084736,0.8177605721315696,0.8455901153193631,0.6348682278607084,0.19671390096660157,1.0154129177538178,-0.6685243832999361
Chief and Deputy,-0.16027457638704784,0.06699991478029485,-0.7860029197020408,0.02201959180798287,0.830700556945134,-0.23452722048837318,0.7796791596751473,-0.8269486229663914,-0.1294267222717452,0.767679551866045,-0.7078334142289626,1.1436029926362254,-0.5676110483959517,0.8348922881054034,1.5435419806237916,0.3195977490685455,-0.20236174009803182,-0.5339225011672507,0.00921471620418899,-0.40645104110003427,0.13069095722380605,-0.1430582184895671,0.7794376382465983,0.348217087171533,0.6141949374809568,1.7080175406997034,1.0832645484971373,1.199550552533286,1.4492230673798248,-0.11529995459937066
Supervisor and Subordinate,0.836501020751632,0.20303451639799203,-0.45709309020638883,0.6533835826616193,0.6944292027818773,-0.8261333743555533,0.6452912351736775,-0.017714449262305143,-0.2137922236684238,0.737974299769816,-1.43439809246029,-0.3434533656714983,-0.29370383153694346,0.8927190254740602,0.5238028383170863,0.18502520306420006,-0.40775460403102626,-0.37284150801523486,-0.12361845338750717,-0.11540171485624148,0.34941252303850606,-0.12333598747743112,0.35614647349476036,0.8436752995035237,0.3344482984518931,1.3178190140494725,0.8698634667211599,0.6897151325521419,1.179671129748131,-0.05100268443562481
Boss and Secretary,0.2212074422709651,-0.19460508833066154,-1.0491307832985626,-0.03240833843802036,0.7887709095102857,-0.8884077063415721,0.6763038331355552,-0.6528096235617143,-0.29815772506510235,0.2626902662301549,-0.9338757585675977,1.9485234067660941,0.20845939937123822,1.3746085035462,1.7272787630213962,0.5310688927896599,0.6910972180104942,-0.08647529796720665,-0.07617803567618711,0.15485837379870898,0.19976092537581658,0.35985867231990004,-0.10652061355957469,0.2759627645397835,0.7540682569954886,1.9740619906884969,1.1442362861474171,1.2284091612114647,1.415529075175862,0.31334851315893636
Entrepreneur and Investor,0.4550190020936185,0.45417531938451045,-1.0272034613321854,0.0764475220539861,0.39043925887922576,-0.5874151017424808,-0.036985919987629665,-0.8679225051792563,-0.057113435360306664,0.25278851553141224,-1.305231038552499,0.06582820083521464,0.37280372948664314,1.278230607931772,1.5067946241442707,0.0696773064890468,0.29058113334115493,-0.34599467582323223,-0.40826095965542747,-0.4688187538665613,-0.08803060859089391,-0.3698638751291307,0.2183307454360221,-0.1575631712507085,0.12463831918009531,1.087247157392517,-0.9389647502371278,0.15102110389281972,-0.2354765428182587,-0.20102964815103247
Intern and Employee,0.13506634128367173,-0.33063968994835924,-1.0162398003489972,0.4465574477268073,0.8411829688038468,-0.3694549397914145,0.934742149484535,-0.529887976923119,-0.29815772506510235,0.619153291384901,-1.7088780820143472,-0.4253096789728409,0.4275851728584448,1.654104400828041,0.34006605591948175,0.454170295072891,-0.01750816255833678,-0.6234119418072596,-0.3228682077750514,-0.0010609081176085945,0.4760407979838587,0.4486087118745119,0.3167705511922639,-1.1175134576439416,0.6141949374809568,0.6881804824093263,-0.6341060619857307,0.13178203144070114,-0.2579392042875664,-0.5117997872758051
Lawyer and Client,0.9103362501693124,0.6529951217488374,-0.35842014135769323,0.46832861982520846,0.4742985537489223,-0.5562779357494712,0.07672693920592136,-0.7245139174342283,-0.29815772506510235,0.1933780113389543,-1.1437722211677595,0.5023952051090418,-0.28457359097497653,0.9216323941583886,1.277123646147265,-0.4109389292407584,0.7219061476004434,-0.5518203892952526,-0.7023915494656119,-0.07382323967855679,0.4990641207011955,0.04430297612572459,0.7400617159441019,1.6900830789040089,0.1646021247556763,0.8034664107378046,0.5650047784697636,-0.4646292145749768,-0.2804018657568741,-0.24389449492686305
Judge and Lawyer,-0.3817802646400883,-0.1318198875840322,-1.3451496298446493,-0.18480654312682918,0.7992533213689985,-1.0440935363066197,0.5729285065959632,-1.3800960328400707,-0.6958808030780158,0.25278851553141224,-1.5151275011526597,0.18861267078722851,-0.5950017700818525,0.7963411298596322,-0.32138636071189464,-0.7185333201078338,-0.7774617591104164,-1.0082165365592974,-0.7403438836346679,0.45630231883692296,0.9249955909719271,-0.5276417232262184,1.3405445310571757,-0.013054525987210953,-0.29498163936349964,0.4930812190842109,0.26014609021836593,-0.7339762289046382,-0.3702525116341056,-0.6939753860730854
Victim and Criminal,-0.7263446685892616,-0.9898842977879697,-1.0491307832985626,-0.4025182641108421,-0.9827566946120612,-0.9921982596516038,-0.9156761955741617,-1.6054523850108289,-2.057781039910113,0.7577778011673023,-0.029706381213057336,-0.6299504622261973,-1.73628184032772,-1.7673108934841508,-0.8082888340655467,-1.1030263086916778,-2.1844028770514283,-1.867315166703382,-1.5942714024384288,1.1943202532408261,1.0401122045586113,1.0994423352749987,-0.7266913898238962,-1.4787850708026848,-2.692809973898329,-1.1031854808485517,-2.7376310109203685,-1.8979401122578166,-1.6506242153846484,-0.5010835755818471
Drug dealer and Addict,-1.9372424310392136,-0.8998921767178008,-1.7212032015680114,-1.1079042400990426,-1.2982772915592955,-0.1120543675825361,-1.4046414901064315,-0.9908441518178518,-0.28369506768281466,-0.6007423947002296,0.21409643303789844,0.6933932694788412,-1.2341186094195382,0.2701178198048555,1.194442094068343,1.5941920062239892,-0.18387638234406217,-0.08289572034160651,-0.825736635515044,-0.680868977272753,-0.29063584850345836,0.17644192390703534,-1.8320297801725514,-1.5650478845569156,0.1546111733617809,0.26124248409397677,-0.7712924716988593,-0.9627837691387638,-0.9141698143552008,-0.8769164285627916
Victim and Witness,-1.8338731098544614,-1.6177363052542653,-1.698179513503316,-1.6870174179165163,-0.23431248790001608,-1.0202217090453123,-1.2888611243820882,-1.1270823101756282,-1.6757258407280113,-1.1898965612754346,-0.9048131714383452,0.955333472043138,-0.9273425265374489,-0.5625871983038017,-1.4146202159776418,-1.2202966702097502,-1.5066064260725467,-0.8632436427224833,-0.9168222375207787,0.9490072496924862,0.2619238967126258,0.618219898578881,-0.9017736157760691,-0.5630721247962372,-0.4619732555186035,-0.833340395859918,0.26087194423801324,-0.5237206513921985,-0.0621931543407415,-0.07090422043868934
Criminal and Police officer,-2.2731927248896575,-1.5811116048187313,-1.3221259417799538,-1.648917866744314,-0.366390877319789,-1.259977887191485,-0.767849478622545,-0.8330947052983209,-1.8950761443593758,-0.5799487182328692,-1.3455957428986836,0.03854276306810044,-2.001058816624761,-0.6396895147953441,-0.10641432530669752,-0.935771858657706,-0.5289363937514932,-1.2212014052825186,-0.9320031711884008,2.0051005192056777,0.19745859310408304,1.7463315124730587,-0.07909809624176449,0.020860768309323707,-0.46839600998610803,-0.3943670533784082,-1.143655583777351,0.08231013084953906,-0.3293383782435807,0.2391004749936579
Criminal and Prosecutor,-1.6874332381760626,-1.5957614849929451,-0.9076995566154318,-1.7174970588542777,-0.6305476561593344,-0.4171985943140286,-0.3119642885829441,-0.9119694285580863,-1.1526597320686045,-0.3581495025810275,-0.7804898820520957,-1.260244074646535,-1.2341186094195382,-0.8709964642699711,-0.7458183280503611,-1.3279547070132265,0.34192934932440355,-1.736660583368969,0.0927098513761124,0.9490072496924862,0.501366452972929,1.0363311960361639,-1.0473239000013688,-0.6095213322023614,-0.5518918180636596,-0.4741803883750464,-1.437626461734055,-0.10939348394121474,0.24827291668147644,-0.33957495648005676
Criminal and Hostage,-1.4031676049179946,-1.9107339087385367,-1.291427691027026,-1.5346192132277074,0.3747156410911575,-0.7223428210455216,-0.8981023900624306,-0.16624477228394108,-0.7898880760628862,-0.44132420845046794,-0.7917919992690277,0.35505384116662575,-0.861604794491287,-1.2565080467276828,-0.5988289021322775,-0.3821019550969701,-1.2765664184675931,-1.13529154226811,-0.3171753576496928,0.5914323631643982,-0.2630078612426538,0.4998865125060653,-0.9903694409566864,-1.379251054932419,-1.187744510346557,-0.006702283394737398,-0.00043550283461296467,-0.1403134218106915,-0.18493555451231622,-0.022681267815879782
Defendant and Plaintiff,-2.1267528532112587,-1.229514480637606,-1.5984101985563013,-1.3060219061944942,-0.4397677603307738,-0.9475683217282902,-0.3119642885829441,-0.5606183885827679,-0.941745978576908,-0.5175676888307887,-0.5205411860626656,-0.9328188214411648,-0.9638634887853167,-1.5032354595006185,-0.8487109261930196,-1.0126704563744748,-1.2108407020090346,-1.407339441813737,-0.7194700998416872,0.06754357592557138,-0.4195664557205446,0.1685530315021814,-0.351213845010804,0.0805811778314843,0.25737524484184526,-0.07511371339185557,-0.14415459872455763,0.06994215570174823,0.27715348142772916,-0.11223817982966847
Police officer and Offender,-1.5582215866951226,-0.6581691538432766,-0.585367923709693,-1.008845407051317,0.4187417708977485,-0.30095317460679366,-0.6086514757515732,0.17793583830412577,-1.2454617836049504,0.10624260519001671,-0.45272848276107497,0.4096247167008541,-1.4459401904571711,-0.5548769666546474,-0.378344763255152,-0.2821337780651708,-0.63574068299665,-1.0780183002585044,-0.8560985028502887,2.0549946894188986,-0.18933322854717616,1.170442366918688,-0.09808291592332545,-0.012317236980764704,-1.0849804388664925,0.37526153408917373,-0.5491811416871272,0.32966963380535,-0.322118237057017,0.6386620824397945
Police officer and Civilian,-0.972462099981528,-0.4384209512300731,-0.9000249939272004,-0.7192888181425799,0.8443276923614605,0.01145639085640167,0.3971904514786566,0.1564245501423718,-0.7730149757835508,0.2656607914397779,-0.10236284903619039,-0.6053935682357944,-0.0800562023869173,-0.1693653841969356,-0.3048500502961101,-0.8742529804842906,1.1717165196137007,-1.042222524002501,-1.0079078395265129,-0.07382323967855679,-0.2630078612426538,0.1369974618827634,1.1992130956499998,0.8171328952714522,0.5014399146069977,-0.06941276089209587,-0.18988340196226716,0.49045331072662707,0.4071160227858676,0.3975473193257468
Parole officer and Parolee,-0.5991839957032568,-2.289189146572387,-1.7032958886288037,-2.398209039797624,1.1329434322046668,-1.7152724477114905,-0.3264368342984872,-2.329324304104779,-2.6965484076278226,-0.21259376730950616,-3.775550944539011,-1.3158071479177493,-1.5495269197420327,-1.1023034137445982,-0.9302232442021386,-1.5950025645387331,-1.3983083705442403,-2.0861575260866765,-1.7572939287555105,-0.3232940907446649,-2.4908282885456843,0.6727249733760572,-0.7451488534031917,0.15854949026319215,-0.3062214596816316,1.2247034565533943,-0.005335017467224885,-0.7989080984305387,-1.2083905677076516,0.4164920507132789
Consultant and Client,0.6785756689415947,0.2134987165224305,-0.43699304507054304,-0.925026394472472,1.353074081237621,-1.2672432259231874,-1.0983059391274403,-2.1381128537780754,0.5937061468426426,0.4458726541568996,0.12367949530244471,-0.08548195405514555,-0.679664000747364,0.05423133362853713,0.6131657279377396,0.5232042634777175,0.8348722227635903,-0.5762266003788915,-0.9982472453743897,-0.17209963555308408,0.3891800804593604,-0.19505319115792533,0.31800104876421664,0.0888756791540059,0.9526384159491538,0.9852634515634798,0.9206732480963928,-0.9287718374823396,-0.7661569200306548,-1.3074785055521627
Chef and Customer,-0.2546195917540834,-0.7143270278444285,-1.741668702069963,-0.8996266936910038,0.42363356309848055,-0.7586695147040327,0.08361862764189414,-1.5405770715071256,-2.021624396454394,0.23793588948329777,-0.38491577945948424,0.14272352545162723,0.3761238169637221,-0.6466988162945754,0.5663963651456219,0.9146880336721768,1.1186878165619099,-0.8560844874712825,-0.5014166889794741,-0.33085381350424414,-0.4396595373647658,-1.199094042684847,0.11866044210782757,-0.8284961671169465,-0.9693708584514205,0.9453567840651608,0.36049540843445127,-1.2750751416204753,-1.2462963089371084,-0.849360455635472
Customer and Server,-0.32640384257682803,-0.5189952921882478,-0.07884678628638875,-1.4838198116647712,0.2646503165746803,-0.9403029829965879,0.5419159086340853,-1.7556899531246675,0.6077670637420888,0.7693298436491693,0.12367949530244471,-0.6311907093974295,-0.2613329786354242,-0.5345499923068769,1.194442094068343,0.13871127489387342,0.6854955944486856,-0.9016427481607413,-1.6813892604173986,-0.2476968631488748,0.34731949370056625,-0.6325281336089414,-0.4682868997137625,-0.8052715634138844,0.45808632195134524,0.5762201097057094,-0.26827563608405464,-1.4049388806722762,-1.4737307563138498,-1.030196527971008
Customer and Businessman,0.6067914181188494,-1.4956539704691523,-2.0998149608541175,-1.4330204101018347,0.3013387580801727,-1.4730944899880831,-0.8570968438683928,-1.5764292184433826,-1.613857806370447,0.27259201692889806,-0.30956833134660616,-0.40298522989065666,-0.22149192891047745,0.11030574562238661,1.8425318356162568,1.9633052752644793,1.5294735444278986,-0.33541865102032203,-0.7705332403600534,0.5385143038473452,0.3724358457558429,-0.611012972504793,1.3368530383413162,-0.7355977523046981,0.10965189208925284,0.12727010034961966,0.4633852157192977,-0.46342677254671966,-0.6018987080363417,-1.9584883659600918
Doctor and Patient,1.353347626675392,-0.31145532305355544,-0.2067561644235866,-1.0012254968168766,-0.32236474751319805,0.47643806968534297,-0.15759046761715345,-0.7518298389094716,-1.206091216286501,-2.1879930317087233,-0.3284051933748255,0.37092900495840075,1.617836533391226,1.6453427739540023,1.7289490974068285,-0.5463853229464305,0.5211813033022901,0.9076710335063461,-0.7291306939938104,-0.9961094163471991,-1.3689645634099978,-1.270811246365342,1.0710655627994643,0.5882046587698407,0.9526384159491538,0.8356134484447834,0.8863766456681107,-0.7989080984305387,0.510003034694393,0.669662551983029
Doctor and Nurse,-0.4986860445514147,-2.057232710480672,-0.4753658585117025,-0.7218287882207272,0.5459283681167889,-1.4488766942157425,-1.5445427653566794,-2.090309991196399,-1.0373602134931437,-1.2753816756412488,-2.7771972570433725,0.6289004165747527,-0.2746133285437401,1.245812588497828,0.4394509518527315,-0.6931917367693532,0.05811375552608401,0.0030141426728021595,-0.9775459721912682,-1.7672011378242602,-1.4610578542793453,-1.1704071612126496,0.6391609150439546,0.042426471747881736,-0.05894541268272735,1.6636767990349042,1.1035884610472309,0.4564413790702034,0.3457448227000799,0.8504986243185649
Patient and Caretaker,0.8508578709161814,0.34778928478605503,-0.027683035031509713,0.4465574477268073,-1.056133577623046,1.663110062530037,0.011255899064179753,0.13252311885153362,-0.5452281220125184,-1.899191969662054,0.12367949530244471,1.3928926740539502,1.8037614321076438,1.4701102364732237,1.1343100561927637,0.05482189556648903,2.2987631802496593,1.2461038271994698,-0.6118234792894552,-1.2304608218941486,-0.7075672926210488,-0.897881787226771,0.8385015217003436,0.390795527293813,0.43560668131508123,0.675986778451507,1.526579890996044,-0.09547951189995045,0.6868964937651917,0.6576068138273267
Driver and Passenger,0.5206503171315561,0.14024931565136267,-1.0125852466879341,-0.6456296858763227,1.0045338869354432,-0.6436349847854141,1.1147875098743245,-0.2797765709154217,-0.47492353751528604,0.6538094188305014,1.0466857346852045,-1.1074456231506957,-0.9602113925605301,-1.160130151113255,2.113126006056366,0.9636235049464845,2.375318702261049,-1.2229911940953186,-1.3001408126282445,-0.16737480882834732,1.5926719497746955,-0.3402805286109267,1.3011686087546792,0.1933863958177853,0.6841315972382221,0.3334545490909351,0.35160369669378494,0.21835785747523506,1.3144470985639771,0.29191608977102107
Coach and athlete,0.4057955158151654,-0.3297676732713224,0.9124508942768964,-0.19478499700526297,-0.19395520224397464,-0.49227376120828514,0.9941829622448003,-0.2140476348656169,0.06642176311340135,0.723121673721702,1.0090120106287659,1.3482437758895818,0.8932274415187587,1.5770020843364985,0.3216923776797213,0.5214565680750637,1.8618365424285626,1.1842747591209186,-0.7023915494656119,-0.20895328400603203,1.1322054954279586,1.2966646453963584,0.46443025982662534,-0.12659703297995886,0.10465641639230513,0.15609158243173926,0.6666243412202294,0.0355866691801076,0.16885136362928121,0.24905124299518983
Team Captain and Team Members,0.319654414827872,0.41493456891786706,0.4903499464241423,-0.2709840993496674,0.27687979707651095,-0.03213564153381169,0.9399109158115145,0.41934029434158954,0.2703050581553744,0.46320071787969974,1.2067990619250708,1.1572457115197825,0.5188875784781142,1.509537557406399,-0.4408152692703376,0.7521523612253702,1.851566899231913,1.3274578641449326,-0.5221179621625957,0.9240601645858756,1.304880415807985,0.9219422561657751,0.2183307454360221,0.2140304879982855,0.91392347929781,0.289113807426136,0.2804700027684596,1.4207998857326505,0.07900071775205043,-0.04028647274166751
Club Member and Club President,-0.032088414203575985,0.14024931565136267,-0.5457160164871617,-0.0741364182932897,-0.4018563707750984,-0.8313229020210547,1.054485236059562,-0.14831869881581258,-0.6998982079064293,0.6595854400714349,1.385749251193158,1.0344612415677685,-0.29370383153694346,0.2566249144188358,0.12876875616223651,-0.20908011023424022,0.3213900629311041,-0.3191478436312296,-0.29440395714825934,0.6953785511086099,1.7768585315133902,1.1881923748296106,-1.0613867293951174,-0.33303795478495507,0.23453878451294158,-0.24297509255145153,-0.46135280530993955,-0.6281613304179857,-0.12316323547171952,0.08830806758582488
Politician and Supporter,0.24787016400512737,0.20129048304391936,-0.16838335098242718,-0.061436567902555264,0.08120810904721833,-0.30458584397264454,0.783125003893133,-0.5486676729373491,0.6007366052923659,0.5267369515299668,-0.4602632275723624,-0.13881258241814182,-0.23892238816514186,-0.14816224716176155,-0.35813371719141557,-0.6896963459640455,1.769409753658715,0.3341250730408348,-0.11413036984524315,1.31905567877388,0.015574343637121865,1.1290256817932027,-0.7168474092482724,0.28628481063003364,-0.2250449796062337,-0.33165657588104974,-0.054874554308076647,1.305365451019939,0.8876565306471302,0.4205106300985128
Leader and Follower,0.21915646367603,-0.12833182087588588,-0.1491969442618475,0.6243553531970845,0.13624077130545692,-0.1471701714524302,0.8132761408005144,0.34166064264636636,0.7835285249851693,0.8039859710947697,-0.8275820371226444,1.2936729003553533,0.5280178190400812,0.7096010238066471,-1.552422802775845,-0.07450756422989477,0.9683775843200366,1.381151528528938,-0.08566611921845112,-0.11540171485624148,1.6272069338507007,0.10346966916213249,0.6219339490366125,0.028233658373788825,0.3444392498457885,-0.04787582922633616,-0.4308669364847996,0.9975402917860405,1.1909024604827851,0.024010797422079025
Representative and Citizen,-0.3766528181527493,0.13414519891210686,-0.29629272911962556,-0.6773793118531577,-0.29790578650953625,-0.31669474185881474,0.7409134122227999,-0.5367169572919298,-0.29916207627220603,0.46897673912063326,-0.4225895035159237,-1.7622961295614366,-0.33935503434677816,-0.7553429895326575,-0.5051231431094992,-0.3917142798115662,1.6153651057089693,-0.23860734705522166,-0.37979670902863544,1.9947059004112562,0.9825538977652691,0.5077754049109198,1.3110125893303024,1.0501162213085207,0.6641496944504326,0.5019493674171709,0.3617656529688318,1.1225942627248116,1.3144470985639771,0.6991321341414128
Officer and Soldier,-0.2115490412604367,-0.11612358739737473,0.13220368763998802,-0.4424320796245773,0.7599442768988277,-0.8131595551917993,0.6082484098303239,0.26398099095114275,-0.9529947120964651,0.7982099498538356,0.2743743915282017,0.6661078317117269,-0.17501070423137327,1.4902619782835134,-1.3411255030186,0.8386632836567351,0.7116365044037936,0.8889596050088895,0.14204788579588515,0.19643684897639366,1.2588337703733112,1.2473590678660185,0.8188135605490948,1.411387834467264,1.4734167573559376,0.9453567840651608,1.4897427994990007,1.8055813347750234,2.1792595651323268,1.6421587632096881
Babysitter and Infant,0.21628509364311976,0.3892972786129932,0.30232316056246156,1.0510703263257493,0.9299340558742755,1.2344550773596072,-0.17688719523787721,1.0742395117105503,1.0549042211444857,0.6422573763486348,0.88845609364816,-0.6864702976009343,1.849294060364725,-2.049560444926404,-0.978901560577608,-1.6399433034641175,0.8466089578454753,1.3427989111117908,-1.0426071164810782,-2.0220717908614962,-3.061328285229823,-2.0730193961057295,0.23801870658727095,0.05919979664453783,0.8339958681466494,0.04967380243622153,0.6869482537703219,-0.8686497360694689,0.7978058847698994,1.5349966462701123
Religious leader and Congregant,-0.6164122159007156,0.5846290142691739,0.04138802916257766,0.13668109819289576,0.3771615371915235,-0.07814945350125899,0.06432190002117037,0.027356821171846846,0.37435584321127807,0.8732982259859703,0.4514408945934654,-0.45259511673995506,-0.6028276905635382,0.7701814153357166,-1.5038637959993355,-1.9585232082907311,-1.7706829654149683,0.4939276456122794,-1.3245387417369234,0.543914105818473,-2.614018015292993,-1.024923690889361,-0.5790316811895342,-0.31239386260445556,-0.7745473062704658,0.14722343409877922,0.21949826511817982,-0.5319659681573922,0.32608999391443577,-0.3939214586422707
Between religious followers,0.03251741153689402,0.46254667948406103,0.3637196620683164,0.01984247459814248,0.8565571728632907,0.18340274084002067,0.6287511829273429,0.7683011911878243,-0.06434476405145022,0.7161904482325823,0.0445646747839221,-0.7332453337731294,-0.5506548873522991,-0.8159233810617265,-2.049824520837932,-1.738812929099963,-0.902164569355449,-0.6924466531581236,-1.8884019922486133,0.9834579862682824,-2.1930201141759764,-2.129368627568975,-1.1598265351513593,-0.4569025078679531,-0.2350359310001291,0.20930047242949784,-0.0650365105831235,-0.493487823253155,-1.4484602621608784,-0.7046915977670434
Prostitute and Customer,-1.0298895006397235,-0.006249486090772987,-0.772115615790002,-0.32051351587353066,-0.5669543575498142,0.10106223521406232,-0.6158877486093447,-0.3120435031580527,0.16625427309947075,-0.16176478038929232,0.7302264526111156,0.18666371094672002,-1.8028021644220504,-3.1730513423745923,1.2259398281936467,-2.3759727387531906,1.1048171296469549,-1.664046294392505,1.3212811260486979,-2.3665791566194554,1.2933687544493164,-1.3066698482055892,-3.256594397759303,-2.077463744037174,-2.2831809667486294,-0.8814817725245568,-1.5181962579147812,-2.7252202276989186,-1.8415568378737641,-0.254610706620821
Guide and Tourist,0.19331413337984163,0.3355810513075434,0.34837053669185297,-0.11731590962178524,0.8467735884618266,0.5321389999617265,0.020904262874541637,0.7539603324133217,0.22249794069725687,0.3834916247548191,0.9713382865723263,-2.2456381700074597,-2.1367081049739842,1.3539560973431086,1.2154405834852124,-1.7168419011808864,0.8818191630911317,-0.7640382056701307,-1.8124973239105011,-1.024188386597064,1.3986182297285703,-1.93778124059394,0.22817472601164654,0.8436752995035237,-0.9943482369361583,0.6172352957456481,0.45322325944425085,-0.9071278809737061,0.157620032894627,0.7634294043051594
Athlete and Referee,-0.20293493116170785,0.013283687474845032,0.02603890378611368,0.009682594285555261,0.08854579734831691,-0.16048995912721734,-0.1286453761860678,0.3428557142109082,0.537462479244857,0.46666633062425955,-0.06092175257410724,-2.775755246625678,-1.562807269650348,-0.2101194657710368,-1.1783872100378645,-1.574030219706887,-2.416203394918665,-1.2038148853867452,-2.1594900934561565,-0.9410314362416947,-3.0350159164100097,-1.7123843147409574,-0.13605255528644736,-0.43625841568745355,-0.18508117403065336,0.04967380243622153,0.4024134780690179,0.23759692992735365,1.0336638301976306,0.14188912605561343
Slave and Master,-0.4728437142552269,0.15489919582557646,0.4404652889506352,-0.04619674743367471,1.0228781076881894,0.3723015478642782,0.2910584495646754,0.548408023312115,0.2956147085743783,0.161692409102977,0.5870663011966468,-1.5751959848726533,-2.6688706977286287,-2.50115972723401,-0.20195745215345168,-1.00278349381089,0.4592967001432577,-1.193587520742173,-1.2811646455437165,1.5061588170734612,-0.6011218005772576,0.37253724939913024,-3.2959703200618002,-1.6955480386979311,-1.6737329317210268,0.7059167790752463,-0.8068593186615219,-0.9263669534258246,-1.0216696942440309,0.013294585728121042
Reader and Writer,0.21054235357730053,0.06699991478029485,-0.2041979768608428,0.5583161311652672,0.7636131210493767,0.26089968731151064,0.797597549608676,0.16598512265870696,0.9142950521500209,0.8779190429787167,1.1973806309109614,-1.2321790529432182,-1.1975976471716705,0.34061136631140826,-1.5773585089583773,-1.2664358288398117,0.31845587916063284,-0.446989901688385,-1.3245387417369234,-1.2142614159807654,-2.771892228211874,-1.7236541610336065,0.6416219101878601,0.6372343776985268,0.7940320625710691,0.8655434490685227,-0.35973324255947364,0.8436277121690918,0.31485866317978156,-1.0797590070555618
Reviewer and Writer,-0.989690320178987,1.9568344572538448,-1.6521321373739246,0.4617972681956884,1.453355821352634,-1.3762233068987204,0.9471471886692855,-1.1199118807883768,-1.2960810844429578,0.5359785855154602,1.5590483818527778,1.599269803347032,0.3460216905048739,0.5733869313382557,0.1606164651111544,-0.17960231444281222,0.6596036455407678,0.3323352842280347,0.6063314404640041,0.718939687042631,0.7039716928854935,0.6287384217853536,0.48411822097787416,-0.11185125285103059,0.6812770396971098,0.7059167790752463,0.9598693651572869,-0.22688924784522543,-0.9141698143552008,-0.9802513270402405
Performer and Audience,-0.5589848152425203,1.2682900890658078,-1.3298005044681853,0.8885122413243526,1.1158221595021034,-0.9257723055331832,1.2655431944112292,-1.5071150676999523,-1.4479389869569796,-0.032381904592384485,-1.8089825487928857,0.8061730789162462,1.1981774762884543,1.1439440733756696,1.0523523156808618,0.16900466187320637,0.993709370871773,1.363253640400936,1.233810032059064,0.7854652473269269,0.8267627473779562,0.660293991404771,0.38286584934288326,0.35264082121021045,-0.4619732555186035,0.13582152909925924,0.6332350563165048,-0.7463442040524291,-0.9286100967283268,0.24598946822548765
Dealer and Buyer,-2.1267528532112587,0.2867481173934983,-0.9153741193036637,-1.092664419630162,1.6001095873746036,-1.2454472097280809,1.7141921115930585,-0.9478215754943433,-0.3343143685208219,1.7004244676876301,1.4008187408157327,0.7625163784888644,-0.35031132302113843,-0.03315129172854417,1.3022343397416045,1.9581787020833616,0.6815122176936216,0.17960663886908637,0.6518742414668715,1.3232135262916485,0.8329023001025797,0.4604420504817934,1.0663193578790737,-0.045495242270853116,-0.06376247853335554,0.8883472590675626,-0.20294877431589806,0.15651798173628217,-1.3618185679221202,-0.8562494488673017
Sugar-daddy and Sugar-baby,1.2672065256880987,-1.354038462118421,1.555835066307002,-0.11731590962178524,-1.3496411096669851,2.0966086068549354,-0.34090938001403026,2.221508213670774,0.8805488515913502,-1.1691028848080742,0.1801900813871035,1.1481505655974116,0.5261917709276873,-0.20277638800993755,0.7093769885386674,0.06647319825084828,0.19952363033086062,0.48983669975444993,1.6942983533102776,0.05368408419967608,0.3662962930312194,0.5340717129271013,-1.8953125124444203,-1.8371075279356426,-0.8088019967638204,-0.5710965808709643,0.45031984336566677,0.14415000658849195,-1.8383478862352916,0.20465550883450853
Director and Performer,0.8709574611465498,0.44789679930984777,-0.5009477341391423,0.24843978163135572,1.0277698998889226,-1.4488766942157425,0.8313668229449429,-0.5749592473572709,1.2011377568987287,0.9241272129061842,0.8809213488368727,1.07538939821844,0.27784922764218717,0.557966468039947,0.5574879150899806,0.21001724732215013,0.7198522189611128,0.8477944623144852,1.031397583157432,0.6967645002811993,0.5995992965668999,0.6392569449918261,0.6486533248847354,0.27301360851399853,0.385830334191925,0.45507486908581185,0.2151431410003037,0.4038774846920938,-0.3509988018032704,-0.415353882030186
Psychologist and Client,0.8192728005541732,0.22814859669664428,0.1283664062958723,0.0046026541292619235,1.0130945232867254,-0.8531189182161611,0.7155864572206003,-0.5893001061317734,0.492467545166628,1.1459264285580253,0.8583171144030088,0.6388223939446127,0.7599259293140411,0.9588985137959675,1.1993417415989456,0.41508017456686686,1.1580236620181685,1.1341606723625135,0.8036835781430957,1.1291806421291202,1.0232284345658973,0.4919976201012108,-0.06011327656020417,-0.6161569332603789,-0.1793720589484276,0.14722343409877922,0.8945425033891298,0.20598988232744425,-0.14883484857950047,1.5824541552004951
Judge and Contestant,-0.2661050718857224,-0.8412926560209462,-1.6214338866209972,0.385598165851284,0.881016133866953,-1.187324499874463,1.0774001001091722,-1.0768893044648686,-0.9923652794149147,0.12010505616825655,0.6322747700643737,0.32594937421503734,0.11715699375156881,0.4089019894896315,0.4937924971921444,0.47147247955916405,0.36931506451546964,0.4659728489171146,0.29765245588901473,0.9351477579665916,0.5689015329437839,-0.028669278619178257,0.04113909507478737,1.1489129481723401,0.026156084011700564,0.8199358290704438,-0.47732159374215516,-0.22688924784522543,-1.2607365913102353,0.9900007372631209
Man and God,1.1638372045033465,0.9020430847104686,0.5274436660839303,0.8885122413243526,-1.2028873436450156,1.776933702660039,-1.7592188601372318,2.637393118131355,-2.5278174048344653,-0.33735582611366705,1.0165467554400531,0.07128528838863717,0.19019891824730434,-0.3621211754257915,-0.15786062437802648,-0.23086804625399124,-0.34819067349045774,0.24642542121362604,0.7986232669205546,0.9684105381087391,0.9065769327980573,0.8443681475180402,-0.16136564819519508,-0.6957841459565915,-1.3611588809691646,-0.05801085589257589,-0.2944063807913171,0.3667735592487219,-0.5964836021464192,-1.0353632728948805
Between Co-workers,0.290940714498774,0.9948256591471544,0.5351182287721619,-0.1122359694654919,0.20350291406552615,0.7912694147257723,0.49367408958227543,-0.30965336002896904,1.7326404156978035,1.3238278827787742,1.4610966993060353,-0.4283413942802981,-1.2949868798326514,0.7138844858339551,0.002194528288331217,-1.2749801174750084,-2.022370728837622,-0.8560844874712825,-0.7835673753272038,-1.3581361396114835,-0.3029149539527046,-2.0692627806748467,0.9448165119170847,0.3420238595173821,0.45433971517863414,1.216722123053731,0.1768180487629841,-0.49156391600794347,1.5570438424325017,1.1920778720634664
Between sports rivals,-2.135366963309988,0.4942880865281907,0.5734910422133213,-1.7632165202609207,0.9861896661826971,-0.6617983316146697,1.2052409205964676,-0.27380121309271205,1.1280209890216064,1.3815880951881077,-0.5732843997416799,-1.6531543784929796,-2.3256895921613636,-1.4449803759292308,-2.9865904653793693,-3.0009264217847087,-2.615727891310717,-2.80496563918703,-1.2980323496188524,1.9219435688503081,-1.131754571776831,-1.9553121126047275,0.8444079100457178,-0.5498009226802014,0.028725185798702476,0.4451932180862284,-0.12804063948841227,-0.32418398567451084,0.12167977454373469,-0.2481809796044461
Between romantic rivals,-1.130387451791566,1.3610726635024935,0.4199997884486836,1.3609466758596602,-1.1172809801322001,0.6338537422055573,-0.2058322866689634,0.5149460195049417,0.8889854017310176,0.029999124809695958,-1.6658223973784168,0.8207253123920413,-0.14254762667771315,-0.8024610718330448,-2.0964878306531967,-2.0866875378186793,-2.944356473603508,-1.723137734561146,-0.9691121201537,0.39739947900186945,-0.7224510568019532,-2.340991296842053,0.21242435709064794,0.5835597380292286,-0.3908947727448931,-0.5391712468723091,-0.15242933454852392,0.8013017527744303,0.3171049293267127,0.09259455226340793
Between criminal and their accomplice,-0.6422545461969034,-0.17716475478993143,-0.8590939929232966,-0.8361274417373338,-0.21229942299672083,-0.8676495956795658,-0.47116229145391597,0.2759317065965616,0.4390360609487316,0.2610399744470315,0.48157987383861667,-0.24643847583287037,-2.0659849717320817,-2.1560350724623434,-0.8225794726964715,-0.9844743038783261,-1.5568135705895012,-1.8901846904224955,-1.1799584210929004,-1.0809463050935861,-1.950361601726585,-0.1408668594882186,0.1533604736369026,-0.010990116769161326,-0.6246830353620385,-0.8637454758586373,-0.8657986650567921,-0.8609541070886215,-0.531983674213121,0.11188373331253203
Between diplomats,-1.360097054424348,0.18908224956540773,-0.3090836669333452,-1.2298228038500898,1.2063203152156514,-0.11689792673700397,-0.0008045556987724715,-0.2618504974472932,0.8186808172337853,1.058130905695838,1.4045861132213764,-0.21005789214338452,-1.221944955336916,-1.3164765151099935,-2.0393252761294973,-2.3601047741449683,-1.912827868073358,-2.542463279976338,-2.571544007291622,-1.3304171561596942,1.610578978554846,-1.2891389761948016,0.5254629393954958,-0.3206514994766554,-0.3489327768905334,0.12593987809967577,-0.2987615049091945,-0.4223032551803159,-0.2826481319038052,-0.3574863388828144
Principal and Teacher,0.14737221285328533,-1.8374845078674686,0.7141913581642387,-0.3281334261079707,1.7444174572962072,0.6338537422055573,0.28864635861208504,-1.0266962987541088,-0.08121786433078618,0.46897673912063326,0.8206433903465693,1.2572923166658683,-0.7268830226435973,0.9194906631447352,0.010360607506002241,-2.2063075787114306,-1.346856420791329,-0.394716704616126,-1.576349466858597,-1.2103015612019379,-1.213615274771806,-1.5258057483404333,0.8916590168087135,0.9056075760450231,0.6821334069594428,1.2592892350519378,0.4755795632493542,-0.03559789889273086,-0.6195880539434213,-0.11958643927695371
Professor and Teaching Assistant,-0.5991839957032568,-1.251489300898926,0.8165188606739978,-0.0741364182932897,1.4875983667577606,0.48854696757151317,-0.47116229145391597,-0.596470535519025,0.776498066535446,0.5613930789755671,1.1408700448263027,0.9419939246903253,-0.5483360960984661,0.7481521820524183,-0.5286006208603041,-1.9841560741963207,-1.273827846948486,-0.8481298705255037,-1.702857247422117,-1.4782517345692392,-1.2852433898924096,-2.121855396707209,0.6494970946483594,0.41014936371303096,0.4243668609969492,1.2326847900530578,0.04268022593236998,-0.439618420387223,0.26993334024116616,0.4076511760657636
University student and Administrator,0.1760859131823833,-1.9961915430881159,0.07464446747824889,-0.30273372532650294,0.6437642121314354,0.1858245204172546,0.33688817766389445,-0.907189142299919,0.36873147645149984,-0.027761087599638044,0.8583171144030088,-0.04028183492578492,-1.092092645122275,0.2170028906662379,-0.33261471963619277,-1.505675910625315,0.07720076914409962,-1.0629045280615248,-1.761894211685093,-1.4505327511174497,-1.4796625595054766,-2.016670164642484,0.08839020183778314,-0.04195625503991034,0.016736044126028374,0.7272003350743498,-0.5426484555103117,0.03366276193489605,-0.40394650383806674,-0.042429715080458695
Student and Dorm Resident assistant,-0.10322008092793142,0.25345293517937667,0.31534666088188495,0.3080136252824355,-0.15559910430641435,-0.06846233519232274,-0.9777013914979166,0.7430960454629405,-0.6487676009993512,-0.5969617262516187,0.293211253556421,0.4084120305778703,-0.6619568675362766,-0.3998156412661009,0.3860002515188829,-0.3607412335089787,0.3967007797065352,-0.5538090435316972,-0.699228854951524,-0.4526493468530174,-0.1391935479627537,0.10456534866280646,-0.0854263694689519,0.8967601079676654,0.39867584312693327,1.2190025040536348,0.2804700027684596,-0.17741734725406275,2.204931178240107,1.8442358980100335
Mentor and Mentee,0.9852901951842302,0.3466794453789176,0.15487853194612777,0.023998789271473638,1.0251016495976133,0.1032638530115479,-0.8592896538252933,-0.3259497904545403,0.9158289703572331,0.05205302409325992,-0.867824424182932,1.2694191778956956,0.09280968558632346,0.9366245112539662,0.5656539943076517,-0.46327269713133734,1.1269865181349603,0.15415186464259506,-0.22693314084771551,-1.2934585115573074,0.12685373677091683,-0.16716316750440005,1.0030366256072047,0.6313360656469554,0.18030219123179683,-0.09221657089113526,1.4563535145952762,-0.2763611484363875,0.13997079888302846,0.08065363066156976
Athletic trainer and Trainee,-0.20502320027655127,0.06034087833747031,0.15487853194612777,0.03785317151591066,0.5581578486186195,-0.2930273505358458,-0.8198190746010854,-0.9647698631369374,-0.18859213883564988,-0.08657148568914129,-0.569859515736549,1.0511356757587822,-0.6863041757015219,0.6624829415062599,1.2189403317213565,0.006663177804472459,1.327815096202777,0.3291534374497233,-0.1678961765847394,-0.8407151151780743,0.1473189125196606,0.7356767410511573,0.3448962099797614,0.3659120233262469,0.5913584771520538,0.47787867908485127,0.6332350563165048,-0.4247768502098743,1.0208280236437406,2.5193572347293673
Researcher and Research Subject,0.45278157089914367,0.5730866844349451,0.43395353879092324,-0.017564357461837956,-0.015515964012716309,-0.14772057590180157,-0.12250550830674652,0.013015962397343848,0.5093406454459639,-0.187389310985433,0.46788033781809374,-0.7072592025663544,0.05223083864424858,1.2964353215478308,0.4594949644779247,0.4167890322939059,0.4332150666279569,0.3689265221786162,-0.42934558974934756,-0.5912442641119662,0.20871443976589196,-0.3600027596230627,-0.17402219464956925,-0.31091928459156304,-1.5024594792542532,-0.2404413358848916,0.1367509068785156,-0.6721363531656853,-0.19215569569887922,-0.18112811214796795
Between peers,0.17869624957593774,0.546450538663648,0.4688379146465226,0.19717856732693825,-0.10890472420851519,0.2683851878229613,-0.7145641966698646,0.07820168409962909,-0.625758827891166,-0.8427051754113299,0.11854216929474831,-0.6223711739575547,0.011651991702173178,-0.06570560313608442,-0.23462176902413684,0.11773893006202732,-0.1510135241147832,-0.04471355900186904,0.9285045882991023,-0.027624933925573678,0.6589483062382572,0.5165408409163138,-1.6421815833569424,-0.8550385713490173,-2.3631085778997902,-1.6998851758234184,-1.927577924995229,-1.2039592845206797,-1.2751768736833613,-0.7046915977670434
Between classmates,0.8678250574742838,0.6996083768486082,1.013034177993875,0.39806710987127747,-0.15559910430641435,0.22875606746822238,0.18668069561621498,0.9842832157613969,0.24857455021986627,-1.2711809329205699,0.22128868944867386,0.008225609993529026,0.5959873876680574,0.42260906797701675,0.13285179577107228,0.7671048663369641,-0.27881352833975764,0.6791565830639797,1.012843108674782,0.3881598178512732,0.8329023001025797,0.42012104485698193,0.6613098713391089,1.8522866603222203,-0.6675013984787324,-0.13782419088921405,2.0312298981550523,0.713076863386857,1.7717227070463148,1.692678046909775
Between roommates,1.0401072594488705,0.4998372835638773,0.3920922877642038,0.6335916080267089,-0.06888096983888702,1.014733621170552,-0.05672120959973363,0.293314565717171,-0.08121786433078618,-0.5654561558465275,0.2623872975102434,1.7908742107783233,0.5229454631723218,0.2684044349939321,0.3533359346481978,1.3481164935303287,-0.1510135241147832,1.0927966642444655,1.1983878535012782,-0.24013714038929554,0.8840652394744395,0.4288864808623759,0.30692657061663947,1.6266762243496171,-1.3097768452291327,0.6375053490781276,-0.163752657255004,0.7749167391258105,0.11109023413677571,2.23001951899251
Between sorority sisters,0.4919366168024587,0.6529951217488374,0.20371665814396678,0.37728553650462165,-0.28234099314356986,0.5854181506608761,0.3379845826423447,0.35198171524922806,0.13353068467894125,-0.5150472431983817,-0.37464112744409145,-0.36770708813115527,-0.012695316463072169,-0.16850869179147387,0.08385532046504407,0.3569790118475306,-0.5800563954414827,0.6155196474977516,0.09355323657986933,-0.6559218921661424,0.6384831304895128,0.1834542727113503,-0.6929405992788993,0.10048798100553695,-2.337417560029774,-1.0613784958503132,-1.5617474990935527,-0.832920030086963,-1.881668733354671,-1.2006991104587992
Between fraternity brothers,0.901106846492102,1.7242676094882046,1.7630482588892629,2.170562138268957,-1.3588132200433582,1.3664420643188637,1.2203164890501577,1.4919170235179444,1.701003352674049,-0.7237716471321106,2.4829964643369484,1.2172736746074333,0.7087965821670261,0.49371453763032874,0.0038277441318652124,-0.1437163021749866,-0.30711210070385886,0.7690437545512778,-0.48416562799353957,0.10912205110325605,-1.0181728463713025,-0.5020028229104414,-0.4631756021071885,-0.41402631641614634,0.07852623582365645,-0.5465386316412295,-0.7185284679630404,0.1517610682179015,-0.2743542261305224,-0.0889215873527057
Bride and Bridesmaid,1.0410861355964538,1.3397082549150985,1.4464725479996978,1.4561955537901656,-0.028857215469258856,0.24031456090502118,0.9399109158115145,1.1154694806872463,0.5620690838188881,-0.056641193804304796,1.861380017405702,0.5733373433035392,0.8694888160576445,0.5708168541218711,-0.42979106232648145,0.2253969668655036,-0.8082706887003654,0.4325634577448445,0.29765245588901473,-0.6226591120239947,-1.128684795414519,-0.34422497481335373,-0.6199220620421266,-0.3139818696952632,0.03702536080286147,-0.48514375856689207,-1.035112490377953,-0.8205520549391722,-0.36766066607995435,-0.10375941892895474
Groom and Groomsman,1.0841566860901004,1.6327058583993697,1.6479298185657847,1.7609919631677833,0.10872444017633763,0.4491930494414597,1.2112711479779434,1.1333955541553746,0.6675259605647363,-0.16927360800250577,1.960273543053855,0.5515089930898476,1.2493068234354694,0.31637920969978156,-0.5473826030609484,-0.21292504012007846,-1.0218792671906798,0.7404071335464746,1.0111563382672688,-0.06550754464301974,-0.7971489482848688,-0.05233595583374175,-0.504065982959781,-0.7427437842133329,-0.4748187644536118,-0.22114580434724287,-1.3868725152834107,0.14510138929216784,0.1533002903043759,0.17815938101977774
Predecessor and Successor,0.351957327698107,1.0558668265397106,1.5232181748820166,1.1037747054472953,1.5028852173850487,0.2130695406611379,1.8625357051773728,0.5866503133774557,1.1420819059210534,1.3729240633267077,0.6887853561490325,-0.10334151332089306,0.19019891824730434,-0.16165515254778123,-0.5032857752855233,-0.4282411137270315,-1.2108407020090346,0.045969074180006494,-1.0230887731941356,-0.36487256592234957,-0.43798511389441364,-0.7228918102463646,-0.17012787266360807,-0.4068802845075115,0.5557862985628009,-0.036961185124231834,-0.6341060619857307,0.018567489703233773,-0.43764049604202865,-1.320461608181381
Landlord and Tenant,1.0518537732198654,1.367176780241749,1.1586764471910023,0.7799285204835765,1.356131451363079,0.28572292797816,1.7087649069497297,0.5507981664411986,0.5620690838188881,1.0350268207321047,0.7876788817971854,-0.4853376420604918,-0.8177796397938456,-0.24646770068847793,0.8784148283444634,0.07928963120364291,-0.2742492424745799,-1.128132387016909,-0.6815177656726311,0.4666969376313441,0.3355985294081041,0.08177521504878305,-1.1855723305029915,-1.1643596668227671,-1.2840858273591167,-1.534996088138056,-1.5135061242493753,-1.113577927671441,-0.9119482324516429,-1.0237049766563988
Landlord and Housekeeper,1.3318123514285687,1.541144107310535,1.4560657513599877,0.3798832331754534,1.0993123608246322,-0.05029898836306722,0.9127748925948715,0.34464832155772096,0.16133295218466476,0.8964023109497035,-0.017596969909202228,-0.5180801673810292,-0.7228251379493896,-0.46235418686479685,0.5256402061410622,-0.635867327562307,0.15296791450604885,-1.350066199804131,-0.8560985028502887,0.07585927096110784,-0.08803060859089391,-0.09966931026286818,-1.1242367592241025,-1.4573469750767811,-1.0834982647586067,-1.0622555654656605,-1.3587317132909735,-1.206813432631708,-1.2462963089371084,-1.2759481134526331
Guest and Host,2.4193437513931473,2.117983139170194,2.348233663866944,1.4371457782040646,0.8791817117916779,0.630826517734015,1.1841351247613006,0.6045763868455841,0.4355208317238702,0.19461573017629738,0.23670066747176227,0.3332254909529341,-0.1530981268826528,0.11591318682177079,-0.326898464183823,-0.2821337780651708,-0.35640638804777763,-1.113814076514508,-1.2280313777070382,-0.4397138212421819,-0.3182638357642623,0.09755299985849147,-1.369579044339658,-0.9642707733810016,-1.0904150772620729,-0.8964894081649508,-1.569787728234249,-1.0203424227111735,-0.9974791357386226,-0.5637321977926771
Television host and Guest,1.030318497973042,1.2664588540440305,1.7726414622495528,1.0085258275167899,1.9156301843218382,0.2130695406611379,2.233394689138159,1.581547390858587,1.5428180375552767,1.5721967961389094,0.7594235887548559,-0.1142556884277389,-0.715520945499816,-0.7013713679885777,-0.6723236150913192,-0.4590005528137389,0.005085052474292494,-1.0350633687513002,-0.643565431503575,-0.805604402805807,-0.7418929737632604,-0.3047805127890818,-1.0969765053223741,-1.0643152201018846,-1.131915952282868,-1.117510951232564,-1.2883797083098822,-1.1601956801515743,-1.3162761388991828,-0.2372999031151968
Volunteer and Organizer,-0.08233738977949669,-0.0428741865263069,-0.4753658585117025,0.0020626840511147127,-0.09000461797841303,-0.09268013096466361,-0.4229204724021065,-0.2498997818018739,0.07345222156312477,0.6538094188305014,0.14251635733066403,0.16814859246189287,-0.29370383153694346,-0.07105993067021919,0.3768134123990027,0.8146324718702449,0.922164189935113,-0.023832689519200485,0.5737556869688977,-0.03224476450087211,-0.04773979383555445,0.42395592310934194,-0.24236754550318843,0.7972260920973995,-0.4118757706720723,0.011540764604494116,0.6280089073750517,0.010575874992353747,0.3305825262082973,-0.16459452839157615
Celebrity and Fans,-0.225905891424986,-1.0317410982857227,-0.3090836669333452,-0.2265346229820985,0.06897862854538771,-0.3590758844604111,-0.29025547000963,0.3237345691782379,0.25624414125592815,-0.25880193723697303,0.2555375294999816,-0.12516986353458473,0.5691039015689323,-0.3939258809785528,-0.3719139758712359,-0.20427394787694217,-0.4436983552193003,0.4996805382248511,0.15628001110928116,-0.7598680801103541,-0.7441953060349938,0.17742803545764235,-2.0585819617058445,-1.7110311078333058,-0.6276803207802074,-0.20395523988642858,-1.1919974614857871,-1.3832949241636427,-0.6701290422493639,-0.1163715757687666
Celebrity and Haters,-1.7477320088671682,-0.6899105608874062,-1.2939858785897702,-1.0012254968168766,-1.1539694216376926,0.04051774578321041,-1.1827291224681076,-0.30965336002896904,-0.19370519952635784,0.27259201692889806,-0.19654715917728863,-0.17974073906881313,-0.20696654619825755,-0.5625871983038017,-0.0733417044751285,-0.3821019550969701,-0.42315906882600085,-0.5607693333592534,0.6401722717647457,1.1475444686659309,-0.44489211070961493,0.8972894674006051,-1.996564884079412,-2.85368161002396,-1.5448496587397793,-1.6964646043235623,-1.6950142971005917,-2.145162193267541,-2.3784144469902206,-2.6721880647776732
Native and Tourist,-1.0586032009688213,-0.7753681952369852,-1.3963133810995283,-0.4043325284523751,-0.554724877047983,-0.7586695147040327,-1.0138827557867738,0.048868109333600834,-0.9670556289959114,0.08775933721902995,-1.3455957428986836,-0.3161679279043841,-0.15218510282645592,-0.027689877643726622,0.7718474945538525,0.6223859775783228,0.6448838236255704,-0.2788775953432256,0.5784997287400296,-0.7182896049326694,0.5738899195325402,0.364789230072934,-0.5435933511172873,-0.5962501300863257,0.18158674212529746,-0.40348857737802396,-1.4846618022071276,-1.2620887677152954,-0.9026175884566997,-0.2899742052108814
Bully and Victim,-0.9437483996524301,-0.2992470895750443,-1.6009683861190456,-0.21383477259136408,-1.0194451361175536,-0.20166021194019676,-0.4591018366909637,0.26398099095114275,-1.3326394683815188,0.5844971639393007,-0.21538402120550795,-0.3366320062297197,-1.0925998807090507,-1.184224625016862,-0.7669480580260857,-0.6224100729618727,-1.1266296277965069,-1.1335017534553098,0.6306841882224817,1.157939087460352,-0.6348345231276439,1.4593730512464802,-2.2180544470309553,-1.9618568278263766,-2.3631085778997902,-1.5607819348292773,-2.234614175305564,-2.2577107671124357,-2.2571160750559582,-2.0163559091074634
Between friends,-0.41254494356412136,-0.5556199926237817,-0.897466806364456,-0.09953611907475747,-0.4202005915278446,0.3311312950512988,-1.1706686677051548,-0.48891409471025393,0.9030463186304644,-0.43208257446497456,-0.6863055719109975,0.37278937571524934,0.7334482316843373,-0.2734535114605179,0.4870554818375654,0.5839366787199384,0.10059273420313504,0.5444252585448555,0.5405473945709736,-0.7806573176991964,-0.2894846823675913,0.17742803545764235,-0.339822953201867,0.3234441765549335,0.9369026675037693,-0.1480859053887822,0.10670055046516291,0.8763341353376924,0.7349104326558366,1.658233080750625
Between Facebook Friends,-0.9581052498169793,-0.6288693934948495,-0.9102577441781762,0.8021532586673615,-0.32236474751319805,-0.03213564153381169,0.011255899064179753,-0.596470535519025,-0.9108119613981258,-0.050865172563371246,0.6887853561490325,0.3591466568316922,0.49149685679221333,-0.36983140707494583,-0.18358377391369124,0.30998542435394943,-0.5823385383740716,-0.23413287502322122,0.6733805641626698,-0.536383776030299,0.03859766635445871,0.389442018838104,-1.1814832924177319,-0.8842352160042957,-0.37590834565405,-0.9542005888548272,-0.8718958388218204,-0.8551823853529856,0.3609071191918625,-0.4828660157021196
Between a person and their social media follower,-0.4986860445514147,-0.2259976887039765,-0.38582929381566405,0.37035834538240286,-0.2000699424948902,0.1252800309864027,-0.3384972890614394,-0.08258976276600828,-0.4327407868169468,-0.027761087599638044,-0.027015400923312293,-0.22066889571948442,0.49149685679221333,0.06386912318997992,-0.0733417044751285,0.2907607749247572,0.17248023657968312,-0.17149026657521504,0.858398193236818,-0.10500709606182031,-0.08227477791155971,0.3204142102956281,-0.3309633706838058,-0.7263079108234731,-0.35792463314503914,-0.9382379218554998,-0.9542076846496974,-1.0283340374220535,-0.6600208445881759,-1.370168343961815
Between childhood friends,0.8051769840289803,1.5186698593160024,1.6060685675390654,0.9453152085265453,-2.1567868227878177,0.3212240149626142,0.6405923566946047,-0.052169759304941395,-0.4263494609535624,-1.9075934551034117,-0.16914808713624196,0.6933932694788412,1.4197379805921853,0.8959316219945415,-0.018220669755847126,1.4890972560110711,-0.6918813991383355,1.4467771183316114,0.1800002199649412,1.305196187047985,0.5489479865887584,1.3558313384327663,-0.6787019845177287,0.3443463198876888,0.39064740004255316,-1.2195799277186492,0.7034614327172727,0.9434304005144568,0.775343223300591,-0.041625999203411916
Between pen-friends,-0.7062077878389847,0.7129264497342562,-0.43815585759906306,0.23874171406024985,-1.209557969373287,-0.18074484286408427,-0.8263975044717864,0.3259074265683141,0.018486819138015625,-1.460214355351117,-0.17942273915163395,0.4387291836524425,0.7988816223784333,0.7674277611753039,0.1716406720550111,0.5150483515986661,-0.08254923613711816,0.14619724769681627,0.4519919481765097,0.5775728714385034,1.086158849993285,0.7510162540605969,-1.1659790230111242,-1.5949080893179952,-0.7670540927250442,-0.5710965808709643,-1.091394094362826,-0.5500025985812536,-0.3239232723536581,-0.5841342162100195
Between friends with benefits,-0.26767127372185545,0.8261300692622703,0.3781385374219641,0.0170715981492554,-0.9027091858728048,0.6514666845854415,-1.6158090889559436,-1.3102541881590504,0.11052191157075612,-0.08027037160812336,1.146007370833999,-0.07059898800035634,0.25106718866041744,1.0629866410595492,0.6799791033550502,1.5980369361098274,0.6500186452238953,0.31324420355816623,0.920070736261534,0.2726640534688154,1.301043195355095,0.9153681791617295,-1.0552342415353524,-1.3974989578419676,0.45808632195134524,-0.26181990775899133,0.0060971833422024954,-1.1884993155859414,-1.4990012504668209,-0.8011375030126624
Between political allies,-1.9121832016610916,-1.3047615924415208,-1.5893402608338454,-1.8532700048497623,1.2052085442609395,-0.8742544490720225,-0.6750936174456567,-1.4275884872231643,-0.9785600155500036,0.7199711166811927,-1.494578197121875,0.12949422229181468,0.31193545907353004,0.6774750586018374,1.3414315199864266,0.5022319186458715,1.3141222386072435,-0.24755629111922253,0.18632560899311737,1.1527417780631415,1.8459284996654006,1.5793499565703069,0.340150005059371,-0.6891485448985739,0.7390818299046455,0.33678010471579484,0.49768181814757984,-0.6474004028701043,-0.15966506035934497,-1.0060850516596032
Between romantic lovers,0.22568230465991543,0.7795168141625006,0.4130229132775635,-0.1214722242951164,-2.3235524659946014,1.6355898400614681,-1.4250346227056054,0.21509169967442882,-0.17325295676352667,-2.0336157367237764,-1.4226556330141271,1.748430196473924,1.6753847163272595,0.9537583593631983,0.3125055385598411,1.2904425452427521,0.07491862621151073,0.8501808473982186,2.412862546911072,1.062655081844825,0.1345281776766953,1.664812957622897,-1.4317664985529763,0.5069185458091234,0.21081027495244095,-1.538833267705202,-0.7941568733177141,0.8568545744799229,0.16885136362928121,0.13921007313212394
Between ex-lovers,-1.7712250364091573,-0.5989037295021402,-0.898629618892976,-0.9804439234502207,0.44475721123800654,-0.16093028268671455,-2.1420834786120477,-0.8148427032216812,-1.4233962956415818,-0.7733929205201294,0.25211264549485063,0.9480573553052397,0.68931873563483,0.05423133362853713,-0.012096110342593466,0.7393359282725755,-0.301634957665646,0.17602706124348572,1.1604355193322222,1.8041378891802011,0.7945300955736851,1.0468497192426365,-2.31772475035915,-2.640015255955789,-0.8682124755882323,-1.6685299370747388,-2.0402667615452983,-0.7772641419219052,-0.9051446378719967,-0.7167473359227458
Between life-partners,1.0479382686295338,1.4321023855592865,1.4107160627477082,0.6058828435378348,-2.7771550155170526,1.9724373630767527,-0.0764564992118376,0.8995417775484255,0.25624414125592815,-1.5925377510525,0.3856831216949538,1.5847175698712386,1.6997320244925054,1.666954786909965,0.7718474945538525,1.5019136889638665,-0.16470638171031596,1.4050153793662734,2.52671954941824,1.7001917012359893,0.45685469571941106,1.1586090283114068,1.2704061694558533,2.1326408050234695,2.065380627444223,-0.012403235894497103,0.9206732480963928,2.7831667037483028,1.3691998358954154,1.1398363400554223
Between soul-mates,-0.08755806256660552,1.4653975677734081,0.2874391601974057,0.7859898127155177,-2.096751191233376,1.5299121857821634,0.8379452528156444,0.56709459686677,0.03382600121013944,-1.5484299524853724,-0.487662299613409,1.775715634241038,1.602342791831524,1.242892046206482,1.1760684158285826,1.373749359435918,-0.15785995291254987,1.1484789828649151,2.393886379826544,0.5983621090273458,0.9556933545950425,1.6582388806188508,-1.343170673372359,-0.5498009226802014,-0.3624205612722917,-1.3293232633390266,-1.4000635162173651,0.045206205406167196,0.26993334024116616,-0.5600227398986146
Between strangers,-0.30486856733000467,0.2592795920668479,-0.3090836669333452,-0.1820851466145291,0.9433864844262896,-0.7405061678747772,0.9941829622448003,0.4790938725686847,0.6675259605647363,1.0090347251479044,1.5081888543765847,0.44479261426735694,-0.7674618695856728,-1.6934211735130893,-0.9859010570498976,-0.1983997494402448,0.15022934298694185,-1.3413161211637747,0.33813494566934155,-0.7945168094250912,-0.7122184689275817,0.2535777607545007,-1.2287343991807285,-1.6955480386979311,-2.9925385157151827,-3.018705520767868,-2.6461734044449496,-2.0326136194226474,-2.3245040594638815,-3.147987863989394
Between neighbors,0.11506929998305034,0.6072142462044201,0.4199997884486836,0.6465800913808688,0.4939530759840078,-0.1774424161678559,0.7409134122227999,0.5866503133774557,1.5955464759282008,0.7317857055831021,1.1973806309109614,-1.5197589049648659,-0.1182003185124678,-0.6653902869591917,0.21451258794778513,1.160142143556005,0.4149579231672458,0.2893803527208304,0.6080182108715174,0.7023082969715575,-0.057332844967777914,1.3755535694449024,0.5431821044316195,-0.33303795478495507,-1.7936243484477679,-1.7416921608216571,-0.32924737373433377,-1.0225623156864183,-2.627749989299536,-0.09386753121145537
Between church members,0.4273307910619887,0.27759194228461487,-0.35704968373479445,0.40845789655460507,-0.11140620885661674,0.24031456090502118,0.5690519318507283,0.6493915705159053,0.5304320207951336,0.7837698967515025,0.30733890007758574,0.22650911213044336,-0.4265995552722399,-0.44265026153918013,-0.07946626388838215,0.305713280036351,0.8166150793028791,-0.14812357929699074,0.5742828027212455,0.2772838840441138,-0.6815207053044656,0.41135560885158845,1.4586722979646651,-1.2929882411781881,1.023823944630657,-1.262812150841828,1.6218482310746059,0.18949924879705687,1.381835082971901,-0.6403943276032975
Between fans of the same sports team,0.10430166235963867,0.5980580710955367,-0.05966037956580904,0.06556193600478523,-0.5149790654170331,0.01327272553932712,0.27055567646765644,0.45220476236649193,0.4987949577713791,0.7057936099989018,0.6887853561490325,-1.0225575945418959,-0.020811085851486937,-0.5026187299214909,0.0430249243766879,0.0579289096156515,0.15022934298694185,0.16210648158837335,0.34656879770690924,0.2310855782911307,-0.937335402163764,0.4551827888785574,0.04113909507478737,1.3081673735647654,0.03471975663503921,-1.262812150841828,0.9206732480963928,-0.9648450983300618,0.5394852778728599,1.1920778720634664
Between fans of opposing sports teams,-0.8324828108771763,0.02121903923587745,-0.1076263963672583,0.04651216041868413,0.5856741797477388,-0.09570735543620602,0.23437431217879925,0.3356852848236567,0.39333808102553086,0.46320071787969974,1.3527847426437731,-0.40408767182064115,-0.8405037940814082,-1.0166341731984396,-0.5122684624249616,-0.4034626766849615,-0.10537066546300651,-0.8879029552543967,0.49837813438313344,1.21048966025437,-0.7531488204250693,0.008145552603475133,-1.3763941078150905,-0.20917340170195775,-1.2241401189957462,-2.4068032857936417,0.43289934689415843,-2.0326136194226474,-0.03331258959448875,-2.762204243006918
Superior and Subordinate,-0.21872746634271134,0.1768740160868966,0.525525025411872,0.45608233551985783,0.8333211599098125,0.47643806968534297,1.0303643265336575,1.0258391133466036,1.6060921636027856,1.1216671393461055,1.4234229752495966,-0.3191996432118413,-0.30486301444601427,0.2855382831031642,0.30433945934216955,0.36552330048272685,0.9444150835278536,0.14619724769681627,0.18632560899311737,0.5082754128090288,-1.295475977766782,1.436911621482658,1.7835236569602626,1.0294721291280204,1.8630638617178468,2.2755790340091306,1.6523340998997451,-1.6285930979281558,0.6068732622807823,-0.12601616629332865
Aunt and Niece/Nephew,1.030318497973042,0.625526596422187,0.6790162791765096,1.3037973491013568,0.6407068420059774,1.1848085960263084,0.6775960247172998,1.617399537794844,-0.23940317944955852,0.17728766645349725,0.5616365374585502,0.25076283459009957,0.7177239284942836,-0.031437906917621286,0.9821240344088891,1.5788122866806351,0.7435865054600369,0.7587027525217657,0.11042094065500528,-0.26785612384108554,-0.1391935479627537,-0.01815075541270578,1.2519487058765584,2.0513546920627523,-0.3249544935451852,-0.5710965808709643,1.5608764934243262,2.4404707256949396,-1.0778263479173005,1.4814155878003237
Uncle and Niece/Nephew,1.224135975194452,0.4790277946800514,0.8612871430220168,1.2847475735152558,0.2646503165746803,1.2120536162701918,0.08060351395115621,1.9938470806255424,0.5726147714934728,0.05599122039389618,-0.05997990947269631,-0.7921472311751543,0.8638077774857545,0.23413673877546892,1.1209473811093011,0.9550792163112877,0.6705579316171947,0.782566603359101,0.18632560899311737,-0.9146324043828473,-0.08803060859089391,-0.3775336316338502,2.0197791907752416,2.0513546920627523,-0.145117368455073,0.8655434490685227,0.7072721663204156,2.0075915955222703,-1.3473782855489935,1.1920778720634664
Between frenemies,-0.6192835859336252,0.9459927252331088,0.7269822959779588,0.11128139741142799,-0.35171550071759183,-0.6060974013382862,0.4116629971941997,-0.08737004902417561,1.3023763585747432,-0.44132420845046794,0.835712879969145,-0.8042740924049824,-0.4265995552722399,-0.6139887426314964,0.16551611264175745,0.5449533618218543,1.0265722291010513,-0.5299451926943614,0.118854792692573,2.0420591638080636,0.5873201911176537,0.8671582811320642,-1.0318547876682453,-0.7975300288461968,-1.4439410496614389,-0.198634350886653,-0.8881549688618948,-0.8397911273912907,-0.6959611029390682,0.10974049097374015
Between half-siblings,0.13014399265582643,1.180390808020526,0.450698039201611,0.8504126901521504,-0.4691185135351676,0.05504842324661503,-0.02251337427208658,0.8734674888675115,1.066152954664042,-0.6215360711675896,0.7905044111014181,-0.46472197796978393,0.4661350774534158,-0.2713117804468638,0.5656539943076517,1.2455850299079705,1.035700800831407,0.8302943050337727,0.5321135425334054,0.7115479581221538,-0.09826319646526614,0.6655532530080075,-0.3230881862233065,-0.807852074936447,0.44434876378474003,-0.482415097541366,-0.3495712862844268,0.08368435031040436,-0.6622671107351064,-0.7475564445428738
Between adoptive parents and adopted kids,0.8709574611465498,-0.35784661027189835,0.8344261736132057,1.5514444317206713,-0.7993144870845992,0.4110500211000232,0.10050326431002755,1.4184201222986172,-0.4861722710348432,-1.3978333259490365,-0.10236284903619039,-0.40408767182064115,0.8232289305436792,0.7909868023254975,0.9494597175382039,0.8952691958649125,0.8622579379546558,0.9814320270035656,0.5995843588339498,0.3234821897970969,1.2217406393287136,0.1834542727113503,-0.35262012795017855,0.12113207318603716,-0.15510831984896775,-0.3671291692128888,-0.28859954863414766,-0.4357706058967992,-0.16808855841033563,-0.404637670336228
Mother and Infant,1.758210801315671,-0.1820480481813357,2.054681641042074,2.0467385969592997,-0.6965868508692206,1.6824842991479094,-0.49287111002723005,2.3649168014158017,-0.5874108727108577,-1.9454001395895213,-0.6674687098827782,0.33565086319890014,0.8800393162625841,0.92805758719935,0.32067161777751263,0.8098263095129469,-0.1418849523844276,1.2916620878889291,0.7260921393974697,-0.19393883463631242,-0.24151942670647264,-0.01815075541270578,0.35614647349476036,-0.36400409305570475,-0.08517166009170184,-0.18089805422073346,-0.5020006304101257,-0.32033617118408714,0.12392604069066582,-0.5117997872758051
Between alumni,-0.2747191819844519,0.2574483570450713,0.32023047350166933,0.43893753749236675,0.9177045753724454,-0.8095268858259483,1.0267461901047719,-0.10888133718593011,0.7540005994963317,0.5637034874719408,0.7339938250167594,-0.14942358599424171,-0.0776214715703924,-0.37411486910225383,0.11651963733572973,0.5962190936330334,0.2689007754815613,-0.506081341857026,0.11042094065500528,0.526754735110222,1.272903578700572,0.24481232474910672,-0.18527245816456825,-0.36400409305570475,-0.45483686166582166,-0.7928002891949592,-0.969450619062267,-0.7051176202264601,-0.8307370717549144,-1.1762049123011808
Between a monarch and their minister,-0.10243698000986522,-1.6030864250800514,-0.10954503703931616,-1.0850445093957215,1.1084844712010054,-1.2381818709963786,0.06432190002117037,-1.1270823101756282,0.1971882902782529,1.3192070657860269,-0.2605924900732348,-0.8042740924049824,0.1577358406936442,0.31980597932162735,0.32883769699518367,0.4424218981994957,0.8805150814153669,0.20187956631726625,0.6248859149466539,0.7854652473269269,-0.804311759796929,0.9635780771913955,-1.0023228459413727,-1.045259135012193,-0.41487305609024133,-0.08334842255817522,0.4024134780690179,0.4396071906745997,-0.8756623946935305,0.15260533774957072
Between confidants,0.2335133138405787,0.9313428450588951,0.7500059840426543,1.2237882916397325,0.08854579734831691,0.2802739239293831,0.15115717431442782,0.6798658954117236,-0.20776611642580406,-0.08783170850534526,0.34972183964107983,-0.48897570042944094,-0.4103680164954099,0.028530561464689495,1.0474526681502594,0.43387760956429944,0.7527150771903924,-0.19585128097166193,0.9116368842239658,-0.17545951233511928,0.39290102150458667,0.30617037678686315,-0.23449236104268914,0.2449966262690345,0.8439868195405448,-0.09221657089113526,-0.3495712862844268,-0.4550096783489178,-0.21301388134895102,-0.15816480137520192
Between a person and their significant other,0.9743267823313009,0.9386677851460025,1.333272748348278,1.0942498176542448,-0.8580159934933868,0.8106436513436448,-1.2020258500888312,1.5761695688181483,0.47559444488729263,-0.5244989143199089,-0.712677178750505,-0.98617701085241,0.07657814680949342,-0.2370440842284007,0.8188024500554623,0.6902062686201952,1.2913008092813558,-0.3310797690498973,0.3718703538196135,0.44359778475485256,0.3212729063839831,0.4288864808623759,-0.08683265240832645,-0.27110567824345644,-0.5447554242108777,-0.6420417675346424,-0.5528104117853586,0.08368435031040436,-0.49379714971529826,-0.1903134364570745
Between companions,0.12387918531129619,0.013727623237700106,0.6013985428978005,-0.5093949271393572,-1.1161692091774882,0.050425025871895006,-0.8066622148596824,0.26724027703625713,0.24857455021986627,-0.4457349883071811,-0.15887343512084917,-0.7332453337731294,0.30497908531203144,0.5498890825027382,-1.7978426478355027,-0.7830732146201219,-0.5265890467351158,1.0359779717746185,-0.3594651014380695,-1.2499001089902095,1.1354945415304358,-0.10079629489213296,1.0378421283567327,0.8901245069096478,1.5146294318557545,1.025170119061799,1.2636392723792143,1.2897337046525925,1.6092695303486422,1.3809511031694701
Between playmates,-1.230885402943408,-0.49901818285977473,0.552560416699962,-0.661793131828166,0.25797969084640876,-0.5968506065888471,-0.5764171693851368,-0.6453598267957389,-0.1042266374389713,-0.48354167279329013,0.31376055758720583,0.046338602430132846,-0.37326735643408404,0.4727867660111958,-0.7059211981583097,-1.1236241473658126,-0.8200074237822511,0.9337043253288939,0.7574178755370079,-1.0123088222605825,1.5170238894177317,0.06825139949760414,0.9603207813236925,1.4242903920800758,1.3685117677200382,1.4441901277941493,0.9092410472869655,1.235623813381009,1.3312940946659584,1.3206724123909581
Between competitors in sports,-1.5519567793505922,-0.23265672514680102,0.3362772863952447,-0.8973176299835975,0.678229111727504,-1.237521385657133,0.1603669761334095,-0.7366198371789385,-0.3189751864486987,0.5750454928177736,0.5192535978950561,-2.775755246625678,-1.3854197387321332,-1.3996980630691185,-1.0838940076619537,-0.969826951932275,-1.7824197004968534,-1.8890483165730987,-0.5329614862108976,1.910064004513827,-1.4036490495815703,-0.19095506523332562,0.9824697376188468,0.36757092359075094,0.5367650641782693,1.9230701377739783,0.772054637573837,0.8568545744799229,0.510003034694393,0.5973281230488148
Between a person and their crush,0.6642188187770454,-0.006249486090772987,0.8944273000848367,0.43270306548237025,-1.8766205422004214,0.8430074329666819,-2.339436374733087,0.6583546072499696,0.2025570040034966,-0.09917371385117811,-0.3951904314748771,1.3248562578034846,0.701492389717453,0.49481599929449294,-0.9894008052860427,0.37040575113141055,-0.7378502782090534,1.1689337121540604,1.2995940779520945,-1.238020544653728,1.0828698038908078,-0.11206614118478175,0.738831218372149,1.238493562455579,1.4247108693106985,0.1172934334750399,0.5091140189570073,1.441241400213027,1.3312940946659584,1.9837380109545895
Between cohabitants,-0.7062077878389847,-0.23265672514680102,0.3920922877642038,-0.03141873970627497,-1.2162285951015581,0.3740628421022666,-1.1487405681361509,0.43020458129197076,-0.510714962350241,-0.6032628403326366,-0.7856272080597921,-0.7176536550490646,-0.3315291138650925,-1.223464196802736,0.050024420848977576,-0.24478303060274012,-1.1486360060750422,0.04392360125109176,0.9959754045996462,-0.6559218921661424,0.7802775624629528,0.8571406399830428,1.2704061694558533,0.9946352235734273,0.8964393143584938,0.935380117190581,0.8063512400021191,1.560283161010511,2.038867930949153,1.718511771529137
Between long-distance lovers,0.9461351492809139,-0.5056772193025992,0.28046228502628556,0.34957677201574705,-0.936062314514162,0.5061599099513973,-0.773770065506176,1.0299132209529969,0.7087500123835682,0.39231318446824454,-0.569859515736549,1.2001228280109615,1.0353983302693865,0.3846698328780048,-0.9369045817438699,0.42533332092910264,-0.6087461923083135,1.1791610767986325,1.874300852512086,-0.5846445061472546,1.964334159354562,-0.6868283021098875,0.42874583023998836,1.0991459402372066,1.4134710489925664,0.416593439712433,1.0578596578095214,1.484529313230294,1.482917059583786,0.8263871480071602
Between brothers-in-arms,0.16303423121461125,0.26677100806502524,0.21767040848620695,0.37035834538240286,-1.0094391975251467,0.22215121407576566,0.19983755535761744,1.0429503652934533,0.4633230992295937,0.29779647325297126,-0.45683834356723146,0.3269888194633072,0.6806232684329566,-0.12200253263784532,-0.9684023158691737,0.029854818385719847,-0.8317441588641362,0.6882475738591552,-0.20765576476184533,0.6033119275008798,1.056557435070995,0.011902168034358443,0.8717249561430751,1.4010657883770137,1.4584303302650945,0.43654677346159254,1.7780883088034463,1.473707334975977,1.4197408242013578,2.0801839162002085
