"","Formality","Activeness","Valence","Exchange","Equality"
"Formality.and.Regulation",-0.821045031700903,0.118294339671197,0.103451059972348,0.405425554203482,-0.226435176101202
"Visibility",-0.809221520246405,-0.163326280172616,-0.209492637793324,-0.112319131529081,0.0616521759261134
"Intimacy",0.763826804322823,-0.520495434049184,-0.216171357734233,-0.17185934813503,0.11106637654545
"Occupational",-0.75573782251197,-0.124073451770186,0.0327475576626092,0.529373003631641,-0.196401888987605
"Mating",0.74335561332648,-0.298059566875744,-0.0381627255856512,-0.019615181787466,0.105370763510283
"Socioemotional",0.69602903154215,-0.415724728368249,-0.297034842864728,-0.430189618255936,0.172261559559947
"Love.Expression",0.64450843782604,-0.52633079871274,-0.360212874247341,-0.353451835220614,0.0597623050717951
"Strategic",-0.642809184959611,0.240961316421912,0.351689632181412,0.552369847408007,0.0572056323140181
"Uniqueness",0.640249757002843,-0.602480543163501,0.018020865210786,-0.291491769576555,0.0141772354215111
"Activeness",0.150108010681295,-0.870528710593651,-0.277010530372715,0.171328970601924,0.127445989458974
"Importance.for.individuals",0.215386885023432,-0.864138898874065,-0.281743945349321,-0.174671771729351,-0.00274597379100332
"Synchronicity",0.00381276945872136,-0.863709118088803,-0.0911099774412888,0.171985107529031,0.167043311103228
"Activity.Intensity",0.435487312651219,-0.834773305643486,-0.168323496651065,-0.161754980260303,0.0950978947755447
"Spatial.Distance",0.189637889033347,-0.819387947420519,-0.0451331299454625,0.149056867237378,-0.0915243630834296
"Information.Exchange",-0.108617127229473,-0.796492609061885,-0.423847642975513,0.156602750146454,0.0182695307467059
"Trust",0.125380357518673,-0.755202776457295,-0.608022958160326,0.00828713207899141,-0.0488782010844379
"Affiliation.Coalition",0.0758622346637898,-0.752740254925114,-0.549347977895658,0.0457176463966175,0.102007824062806
"Endurance",0.387167436150815,-0.670725580373641,-0.230906091952212,-0.323147732863059,-0.022117838669037
"Attachment",0.587534861423656,-0.649572264106065,-0.362531878445825,-0.247962383155512,0.022234495602914
"Morality",-0.203011464556326,-0.646338333630537,-0.639909998160219,-0.182190498327231,-9.36238262610398e-05
"Communal.Sharing",0.49149332770985,-0.592239138375677,-0.38985259328495,-0.436631112529491,0.144708856576231
"Importance.for.society",-0.510335856695663,-0.579846553132271,-0.0747711264745509,0.000158106333279508,-0.246180512586362
"Coercion",-0.0659356033593454,0.247182052646041,0.897290172437704,0.0160543512276978,-0.200678128677609
"Conflict",-0.11945062139176,0.266286432836899,0.896462889392077,-0.118206934746146,0.122208207971055
"Valence.Evaluation",0.161919249130861,-0.571749065434965,-0.759157839279702,0.150761227417052,-0.0104368114705405
"Money.Exchange",-0.152063639472348,0.0241520912603285,0.0275572043415793,0.919895347160813,-0.100623254627004
"Concreteness",-0.300781647323414,-0.00795029904359975,0.0705097743981401,0.884981395250419,-0.0532528994996315
"Goods.Exchange",0.0667144725416765,0.093627641489718,-0.154326479722585,0.863649805545729,0.0859115686572357
"Service.Exchange",-0.338163277882991,-0.105367285235093,-0.245647066746416,0.788500844434881,-0.310225539820423
"Negotiation",-0.163625480466483,-0.255346903065474,0.0199060675533989,0.717703108515868,0.36437194167766
"Equality",0.232803301353335,-0.149071365959599,-0.248305784569795,-0.165625426069091,0.862121097312619
"Generation.Gap",-0.123290785950574,-0.128140534258696,-0.195116960891482,-0.00110947610080324,-0.844202657784367
"Expected.Reciprocity",0.0184769604760246,-0.455621335452158,-0.396588849924222,0.407721530203997,0.583186554339835
