"","V1","V2","V3","V4","V5"
"Valence.Evaluation",-0.571749065434965,0.150761227417052,0.161919249130861,-0.0104368114705405,-0.759157839279702
"Equality",-0.149071365959599,-0.165625426069091,0.232803301353335,0.862121097312619,-0.248305784569795
"Activity.Intensity",-0.834773305643486,-0.161754980260303,0.435487312651219,0.0950978947755447,-0.168323496651065
"Socioemotional",-0.415724728368249,-0.430189618255936,0.69602903154215,0.172261559559947,-0.297034842864728
"Formality.and.Regulation",0.118294339671197,0.405425554203482,-0.821045031700903,-0.226435176101202,0.103451059972348
"Intimacy",-0.520495434049184,-0.17185934813503,0.763826804322823,0.11106637654545,-0.216171357734233
"Visibility",-0.163326280172616,-0.112319131529081,-0.809221520246405,0.0616521759261134,-0.209492637793324
"Communal.Sharing",-0.592239138375677,-0.436631112529491,0.49149332770985,0.144708856576231,-0.38985259328495
"Expected.Reciprocity",-0.455621335452158,0.407721530203997,0.0184769604760246,0.583186554339835,-0.396588849924222
"Strategic",0.240961316421912,0.552369847408007,-0.642809184959611,0.0572056323140181,0.351689632181412
"Concreteness",-0.00795029904359975,0.884981395250419,-0.300781647323414,-0.0532528994996315,0.0705097743981401
"Uniqueness",-0.602480543163501,-0.291491769576555,0.640249757002843,0.0141772354215111,0.018020865210786
"Love.Expression",-0.52633079871274,-0.353451835220614,0.64450843782604,0.0597623050717951,-0.360212874247341
"Information.Exchange",-0.796492609061885,0.156602750146454,-0.108617127229473,0.0182695307467059,-0.423847642975513
"Money.Exchange",0.0241520912603285,0.919895347160813,-0.152063639472348,-0.100623254627004,0.0275572043415793
"Goods.Exchange",0.093627641489718,0.863649805545729,0.0667144725416765,0.0859115686572357,-0.154326479722585
"Service.Exchange",-0.105367285235093,0.788500844434881,-0.338163277882991,-0.310225539820423,-0.245647066746416
"Attachment",-0.649572264106065,-0.247962383155512,0.587534861423656,0.022234495602914,-0.362531878445825
"Mating",-0.298059566875744,-0.019615181787466,0.74335561332648,0.105370763510283,-0.0381627255856512
"Conflict",0.266286432836899,-0.118206934746146,-0.11945062139176,0.122208207971055,0.896462889392077
"Negotiation",-0.255346903065474,0.717703108515868,-0.163625480466483,0.36437194167766,0.0199060675533989
"Coercion",0.247182052646041,0.0160543512276978,-0.0659356033593454,-0.200678128677609,0.897290172437704
"Importance.for.society",-0.579846553132271,0.000158106333279508,-0.510335856695663,-0.246180512586362,-0.0747711264745509
"Importance.for.individuals",-0.864138898874065,-0.174671771729351,0.215386885023432,-0.00274597379100332,-0.281743945349321
"Affiliation.Coalition",-0.752740254925114,0.0457176463966175,0.0758622346637898,0.102007824062806,-0.549347977895658
"Occupational",-0.124073451770186,0.529373003631641,-0.75573782251197,-0.196401888987605,0.0327475576626092
"Activeness",-0.870528710593651,0.171328970601924,0.150108010681295,0.127445989458974,-0.277010530372715
"Endurance",-0.670725580373641,-0.323147732863059,0.387167436150815,-0.022117838669037,-0.230906091952212
"Synchronicity",-0.863709118088803,0.171985107529031,0.00381276945872136,0.167043311103228,-0.0911099774412888
"Spatial.Distance",-0.819387947420519,0.149056867237378,0.189637889033347,-0.0915243630834296,-0.0451331299454625
"Morality",-0.646338333630537,-0.182190498327231,-0.203011464556326,-9.36238262610398e-05,-0.639909998160219
"Trust",-0.755202776457295,0.00828713207899141,0.125380357518673,-0.0488782010844379,-0.608022958160326
"Generation.Gap",-0.128140534258696,-0.00110947610080324,-0.123290785950574,-0.844202657784367,-0.195116960891482
