,Valence.Evaluation,Equality,Activity.Intensity,Socioemotional,Formality.and.Regulation,Intimacy,Visibility,Communal.Sharing,Expected.Reciprocity,Strategic,Concreteness,Uniqueness,Love.Expression,Information.Exchange,Money.Exchange,Goods.Exchange,Service.Exchange,Attachment,Mating,Conflict,Negotiation,Coercion,Importance.for.society,Importance.for.individuals,Affiliation.Coalition,Occupational,Activeness,Endurance,Synchronicity,Spatial.Distance,Morality,Trust,Generation.Gap,cl_k3
Parent and Child,89.018198005698,30.8741053699387,91.1835944919278,86.3153802987136,27.4903856945524,79.6584844168177,60.7841448674782,90.8213772338772,41.7547094880428,25.5197466114133,47.7198351031684,82.8266451141451,98.4090511340511,88.1304131054131,37.6807373182373,36.839744977245,46.7923046089713,97.0751406001406,54.5562328103995,30.3838622796956,43.9207158582159,31.1378109544776,84.0758346319621,93.5661110675816,83.8030570645767,29.7595164095164,81.8430186643422,92.2563943590904,74.8463813782441,91.3747461960697,91.9718765983472,95.1220247254561,81.8869978605273,0
Parent and Teenager,71.1363032029699,31.8425677717344,81.1221412846413,81.2871320037987,26.6527097902098,65.6959412501079,59.2771184062851,85.8565257273591,42.322741301908,28.4718455926789,48.7174997841664,77.5400024358358,87.0840167548501,75.7051857093524,41.2621091871092,38.2493511118511,42.757068702902,83.4715281631948,53.3040336207003,48.1456568123235,52.6183998100665,36.1624868958202,80.028435190445,89.7518470998863,78.8502272418939,30.8923960571019,77.7930071743797,86.4416165443126,67.2308115994391,84.660347686083,89.2542897008583,84.1526812784166,77.0270384571855,0
Wife and Husband,87.1785396702063,86.5326437451438,91.2170551670552,86.6876284209618,28.3940408357075,92.1408529741863,55.951367305534,90.9458171458171,69.6012259345593,30.3102747561081,49.7667605542606,87.7419919586586,95.1336715753382,84.7620575412242,48.3355135605136,41.1889821598155,43.9958037333037,90.5808324391658,90.394077373244,40.5836186961187,57.2582099998767,23.3612657404324,78.3364822722666,92.5607035847232,85.6932833143618,36.6732487465331,83.5593926679711,85.644200924348,81.740520554246,88.5433732570987,90.2310772107341,92.4504155702685,28.6183088697795,0
Fiance and Fiancee,85.9805836139169,85.3447196322196,86.5625248208582,84.0145428645429,29.4989974531641,85.4433782267116,54.6546544504878,84.6980618147285,66.3639676681343,32.190484977985,46.3690483898817,81.5235218485219,92.0668354793355,78.3396424563091,40.6993188909856,39.1012448970782,38.4611979070312,84.5281144781145,82.3492112825446,30.2487702112702,54.7128380878381,17.9053821178821,60.5342210077504,83.8803980061333,77.5988921935,32.6106505876114,77.7782493378082,71.5120209855504,74.5212102621416,78.6005885091669,87.1780912533363,86.5523776695345,28.5576070806463,0
Between Siblings,74.415149356816,74.5417012000345,77.4594826469826,82.5947174738841,25.5906187947855,62.4499762583096,60.8554282137616,76.8748985582319,56.8555167055167,36.0999050332384,48.1163882413882,81.6638512721846,84.4831053206053,72.4546166796167,29.6957221790555,36.2324289907623,28.7380408172075,79.8331393914727,17.958021299688,47.7153613361947,49.3365167240167,28.3675244508578,71.5539751098575,86.0341547069488,78.2492684784351,27.6431110737483,72.3233574250731,90.8031371497058,70.96926449549,73.6487858455996,88.1231966925594,83.4600258311043,34.6554096865371,0
Between divorced spouses,30.4214549339549,62.1808005266339,33.1039745748079,34.2364305447639,65.6655335405335,23.0349283432617,48.4094923594924,28.3290490373824,50.363468013468,66.6816768108435,57.9850492100492,55.7714792923126,29.8301699843367,36.2897816689483,47.450203037703,35.8400132275132,23.898392656726,27.0475174516841,28.1806099764433,74.3288922497256,61.5161255411255,39.8695182903516,50.3790195189705,51.0262908569281,34.7809711802359,25.4629141464926,36.2269364531619,36.0695471376844,39.5534273370058,24.8930056417802,52.8562867415809,29.0007329090662,27.6992298551122,2
Between a person and their in-laws,61.446573642407,48.4775673400673,50.8843024259691,53.7144014935682,53.7700984200984,36.8183026849694,57.1663137788138,56.7635014676681,49.6595085470085,44.6830085038418,47.9977790727791,66.0092480050813,52.0674097507431,49.3925583675584,27.8631286922954,30.5351370851371,29.819764957265,44.2977730602731,17.3753282211616,45.5175333925334,40.590038356705,24.4285703494037,51.8855733591028,60.9889290448114,46.7326156505078,29.9550709457572,48.9562883648668,58.2443956007682,46.2887963706591,38.5691191705898,73.1096572454416,53.6352371303352,74.6063204859773,2
Between cousins,73.0191314857981,72.551498963999,60.3819466027799,69.6765000431667,36.7907817491151,45.33990330657,62.1165652248986,62.9787198912199,53.661408961409,34.1031252697919,43.7374622291289,66.1473554223554,65.4794158002491,58.9331548081548,23.8278787570454,29.7559045892379,23.7962048753715,52.3645334603668,15.9842796092796,27.6107586857587,36.9809170767504,18.4297640630974,52.0401929497518,61.7790847043298,56.7250994920113,26.7735810576497,54.8116026765537,71.3786233283782,56.0533174160625,43.3155991883933,77.0443032004306,66.4787999219372,36.5660370765763,0
Employer and Employee,77.0004618837952,31.292217967218,62.5115813199147,28.6969595219595,85.417665359332,23.3600186850187,77.7308330558331,38.2653688903689,68.1707101540435,76.0172944339611,76.3884048050715,46.2440616482283,25.4975749559083,77.0935425685426,83.5526535193202,47.3780303030303,73.7589045214045,39.8087522045855,16.543740981241,43.5555816097483,59.4711199294533,37.1118406285073,81.1831642213995,73.6905241454261,69.977814723403,91.7465559313599,72.1957415405945,68.8305632366907,74.4567596528381,69.5287591856219,76.2698877919466,66.8887703708782,59.6739156903373,1
Interviewer and Job applicant,64.1161767245101,32.9429259012592,33.1914733414733,27.6459497292831,86.7747992747993,19.9426379176379,64.0483997483997,33.6907450574117,53.0282535365869,76.8560655393989,58.2005306421973,39.7304212762546,18.9492624659291,68.1056457431457,50.2421977713644,33.3779501362835,46.2201599326599,21.5680034471701,16.0510782427449,28.0385141093474,54.926917989418,23.9921897546898,68.2199504471563,62.7889789676554,48.9148732803145,84.6730504517269,62.0362568622373,23.9606179314513,60.8089559496422,59.4969926134142,71.1161728522023,50.396399769439,54.9523985455358,1
Guard and Prisoner,30.1837095003762,20.5049311799312,48.7922065588732,27.8558854725521,77.9509771093105,19.6787604370938,62.232433615767,25.93874335541,32.7529433529433,50.4924273257607,51.2023075689742,42.4051066217733,15.3212161295495,32.9952821869489,18.4947290363957,26.6171897546898,37.2100789642456,23.5971400513067,14.8968634760301,70.2415804874138,23.690215648549,74.9715287798621,69.3429648419845,52.7207698528777,26.0418918953233,63.0775333145431,45.2016983561101,52.3276073962349,50.6884927073653,70.7141715673578,57.9501139474179,29.470275022726,47.0960621803759,2
Nurse and Patient,83.5585741419075,57.3116762866763,57.5168788002121,46.4534903368237,71.9528400611734,37.0832941749608,63.8374162874163,48.1061934978602,47.1132074715408,45.289923964924,60.4802848386182,45.2920173961841,44.1927048260382,66.4378948212281,35.0747695206028,35.5975028058361,75.9755270963604,49.2851751643418,17.8451438993106,22.9526094276094,33.9159692159692,27.3599907808241,82.2960581176267,73.8867038281254,66.5124909857753,75.463066626547,68.5331169284601,41.9346498545028,65.8301662299211,74.5948380232694,82.1856245334187,78.8154122293828,49.6310986308535,1
Therapist and Patient,84.7999663916331,54.1652655985989,65.8677957844625,51.4258568591902,72.1297841047841,42.7903078403078,49.446736288403,43.3997021497021,54.9639080055747,50.0458208458209,61.1374822708156,56.360241301908,41.0531325156325,76.8623035914703,53.2665283790284,32.7914722623056,77.280930335097,54.2463764630431,17.779651675485,23.6724567099567,39.9441398108065,26.0862313612314,79.925296199806,78.9787857839328,71.7807893540737,75.4349375479277,74.3657777498464,54.0105807953847,73.2456495574143,73.3387576113066,83.5359047996303,84.4886241753889,51.4944058483274,1
Salesperson and Customer,67.8890190056857,61.2960095460096,38.7319236319236,34.3563451980119,74.3434173850841,22.7991064491064,77.2207227957228,32.9660947077614,60.4711664878332,75.068401968402,80.49508331175,31.5862794612795,22.1965708674042,60.6047158088825,87.2955026455026,80.6122113997114,77.8521524771525,24.87370330287,17.186714365881,29.0555074555075,71.9205727914061,27.8053731762065,64.5766012944935,56.1580835377404,48.5246155623607,72.3568746159432,61.7290164084282,29.4969639837287,59.2515159132806,59.5374652127103,62.7702161128632,48.3458930049616,45.3450667433511,1
Between Business Partners,72.0152227402227,81.2530811780812,69.4310165143499,44.1629719046386,67.7501054501054,36.3386567136567,61.7823898323898,53.3067478817479,78.0502651669318,76.7678408011741,68.9302456802457,64.5042748917749,31.9828162578163,78.2487353695687,83.551461038961,55.7136544011544,60.0120691037358,48.8050625300625,18.6834656084656,39.9834656084656,74.3832551707552,29.2756814173481,65.6905347466622,66.985403621433,80.9603216681648,79.207453049855,76.6540334846707,70.0331168649796,76.6436207220521,65.7918215589784,72.1513646393548,76.4519762100645,41.0025182696751,1
Between opposing negotiators,30.9041498624832,60.8766875100208,39.9068665901999,32.0611037111037,76.7025511525512,18.3152800902801,63.8429962013295,32.0850926850927,56.1384590717924,84.2786996953664,62.6850680184014,48.5883758217091,18.2405303030303,54.3862353695687,52.2776555234889,45.3867985409652,38.423556998557,21.0367344075677,15.9698092031425,76.5145843354177,76.7026274651274,46.0066097482764,56.2991076552351,53.7265055659663,29.65684211395,64.1298624124605,51.8753318758221,33.3139909654616,51.4577924163709,46.608603569633,56.4853560110913,29.3134362097597,41.489395209003,2
Between political opponents,31.0760810948311,63.3052592469259,50.3829058287392,31.5412067099567,77.5448865178032,24.5538172475672,80.9986318465485,29.6766655412489,50.7808205683206,88.3264547952048,45.2123478373478,47.0981423823091,15.3944347319347,46.5606553939887,40.9701699843366,28.8755335713669,26.0353596403596,20.1529391287725,15.6647196938864,87.1808858733859,60.7339489522823,53.9100642875643,72.9499263082596,58.1896618813286,28.8571180362847,72.0698011864679,59.1354592937926,51.6877454335788,63.8204511537845,46.0010370802037,46.8977080018747,18.3147372689039,38.4392189600523,2
Between business rivals,29.5183990392324,67.1701819785153,49.3602419956587,29.2139124764125,77.8707129290462,24.4549787403954,68.3717146279646,27.9418253814087,47.6433921017254,87.5609772172272,58.1945679320679,45.5573403756737,16.9698917440584,38.7768338451672,62.1695461945462,46.4831635339969,40.1225921300921,22.8530294396961,16.3495365128698,84.1688405421739,64.0813298738299,53.2436012444346,64.117359029859,58.7525164650165,37.8964167005834,80.2229949063282,57.2443557985225,52.7736852653519,60.5746918205252,40.9580163663497,46.7279632404633,20.0613665655332,38.8167551584218,2
Between enemies,20.9173127798128,60.6963762317929,52.1290364727865,45.1281886323553,48.832432305349,26.3128121107288,50.6292587813421,27.9867135950469,40.3028672716173,72.6919504877838,44.5881577527411,54.2709644367978,17.9530335097002,24.1205298713632,28.5654566112899,23.3166305299639,17.1541911791912,21.5438117746451,16.1543105659772,92.3882065157065,31.7093010076343,64.9889804331471,39.5125658292325,48.173575036075,24.1260212010212,28.8642112517113,44.082463678297,50.0583504458504,45.618311626645,37.3824746241413,26.9023841898842,13.6248651040318,35.3707298873965,2
Teacher and Student,80.6878994462328,35.334679363846,63.5932625245125,41.9228747332914,74.4191528379028,37.1579647204647,76.4257752278586,57.2366735887569,55.2260427072927,51.2744210265044,55.4868979014812,50.6631755590089,45.7002946127946,87.7731693615027,25.3162302512302,30.6454593862927,67.1674350032683,57.5439457456124,20.3226899643566,25.2312273837274,43.4240872090872,27.0105736547403,74.9384401092734,72.3338443963444,70.6409729159729,78.8428734845401,74.2206404706405,57.3062474562475,76.1874206040873,74.9522016563683,84.7393447601781,77.7180820722487,76.3090537548871,1
Professor and Graduate student,78.6398550523551,39.4749562166229,63.8342519363353,39.9267960434627,77.3015219348553,33.5915646853147,73.694417311084,56.9499031061531,58.9683056141389,55.1155970572637,55.169546348713,55.9526491718158,41.3106771931772,85.4095255670256,27.1986574228241,33.073708976209,64.4815010298344,49.8957629099296,19.5788811805478,24.0357326623993,45.2787266437266,24.8016142499476,68.4579961704962,67.9679021595688,72.6499508207841,79.062771950272,72.6409978909979,54.2739787989788,74.9336626336626,72.9921859005192,83.9049624757958,79.546324971325,74.8285464535465,1
Master and Servant,55.4117872097039,27.3254028379028,55.6868942785609,35.524229011729,73.8987648925149,34.6171692505026,48.3352733686067,36.85644663978,48.8401943735277,55.009410959411,62.8246550517384,55.3441162541163,26.6023630381964,47.900537980538,64.2136109569443,46.310467372134,75.3429748954749,39.7654387279387,19.3927022977023,35.7381083731084,39.1263859597193,45.47391996892,38.5397035063702,52.1127724127724,39.6202490410824,62.4234538609539,57.457395690729,53.3190109273443,58.7818624276958,70.870504958005,49.1055974889308,53.8377264710598,54.8285256410256,1
Between Close Friends,87.076894324811,87.8974459953627,82.4109166296666,85.5818260443261,25.6920767504101,71.8209730855564,50.8566189212023,84.0302550073383,68.5538532455199,26.4991794470961,42.1402486402486,74.0433676200343,85.4214935373269,79.6997933547934,35.0106094214428,40.1073696365363,34.3169654727988,87.27372997373,36.4436860978528,20.1871776371776,49.6943270618271,16.9466260899594,64.3215289340289,87.1644144435811,88.0248211664878,26.2517072433739,80.1316197691198,89.9631495048162,82.0401809610143,80.7829449871116,88.135941681775,93.1947703531037,26.0344157385824,0
Between casual acquaintances,61.5321132571133,71.6096846055179,44.3740728407395,56.6065425315425,41.0343231614065,41.1612414591581,56.285467618801,54.028182388599,55.8507447799115,39.9884653155487,42.7759259259259,41.4266978391978,39.0122386872387,41.2878780170447,28.980661683995,33.5600589842256,29.5608228808229,36.4991741283408,27.4046075221075,24.5661778653445,35.327420665754,19.834384288551,46.6669293669294,49.698178364845,49.3274304399304,27.6874230707564,46.7840213798547,39.8890913099246,45.4368389326723,45.3715825840826,64.0655238280238,43.8577787952788,39.8659755368089,2
Between teammates in sports,73.8632392299059,78.1830584538918,70.9046590754924,45.2448434281768,59.7474613349613,41.2518427560094,85.3095436970437,61.637724621058,81.3434949309949,75.7318328276662,59.514542710376,44.9288339746673,41.4671496713163,77.4703102453102,34.3316348003848,37.8358385441719,48.4911636203303,52.7487974987975,18.908487654321,43.8871632996633,60.6244037598204,24.4775142295976,64.4566194607861,71.6218392718393,90.6604910521577,77.3223487931821,81.3037790912791,49.4813784980452,90.4062183187183,74.9307783266117,80.6297578964246,78.6487295112295,24.794050702384,1
Between second cousins,70.1645316103649,76.0201824410158,50.5571007696008,71.0885278301945,34.1259917551584,41.9255987839321,63.5333448958449,68.2285187035187,60.7614421072754,39.8656280447947,47.8202898952899,57.7490490219657,50.0997404601571,52.4664442039442,24.5125831729998,32.3186207311207,29.330589626423,47.7207311207311,23.0875851771685,32.0344386323553,39.5500250521084,17.9781475468975,45.2242758784425,55.2979707021374,54.0506609131609,22.7388743972077,51.9221605554939,73.7978368853369,55.0620963912631,36.20546999297,74.7132065465399,57.1832736707737,37.2885984385984,0
Parent and Infant,87.6719202094202,35.697311022311,91.1498920832254,89.5443443901777,29.3574635241302,80.2731125356125,60.8580558330558,89.5234111567445,49.9869807661474,28.3624588374588,49.4683708267042,85.9106341189675,99.7493195847363,84.7550655363155,29.9810175164342,36.1601721580888,44.7170905483405,98.1371723184223,61.6371352413019,23.7702691598525,36.5272136042969,22.5510111030944,81.6276404151404,90.3427011260345,84.6870231620232,28.1957608749275,84.938799317966,94.8941959275293,80.1423207964875,91.5648880440547,90.6022030438697,96.9345333678667,74.0326002701003,0
Grandparent and Grandchild,87.3909201909202,39.7213497921831,79.4252842836176,86.7540462623796,30.2291822375156,71.8784147950815,63.5293803418803,85.8704272579273,48.4153041403041,27.6542012000345,48.3718793552127,82.1552388969056,94.0671226150393,80.1085197210197,29.7903719737053,38.0056327160494,39.8515532307199,90.1433251162418,51.23781665865,21.0756353214687,38.3296045775212,19.3869909411576,73.9797631380965,83.9310327018661,77.0051488634822,24.7475086641753,76.6181192264526,92.2152366152366,70.9867421159088,71.4848554223554,87.7313633896967,90.7816057399391,90.2920069128402,0
Step-parent and Step-child,64.6591627508294,32.0318487068487,67.2266059557726,69.9511534761535,37.0423776840443,57.8624822708156,56.7754862421529,73.1821567321568,45.3270359270359,37.6604381729382,44.4047212047212,67.1832862353696,69.8201549222383,65.3032497594997,30.9893889289723,37.0710948773449,36.702566337983,69.59806998557,31.038949013949,39.9705166746833,38.2936968895302,29.2998136123136,65.9705518247185,73.7906718281718,65.831655689989,25.1773861940529,67.1320639237306,75.7244727494728,65.7271510896511,74.2690926357593,78.1982478940812,71.8512448970782,69.1191650941651,0
Foster-parent and Foster-child,69.7583048124715,33.5858283691617,74.603556320223,73.3683295099962,36.0251920918588,58.3375914209248,57.1870720329054,75.6145158853492,45.1658477325144,33.2709822584823,42.8582197123864,65.3642977392978,70.9129739858907,68.4303411095078,33.2208193041526,34.9685004810005,41.0987373737374,73.2774861712362,28.7602603415103,32.7504709796376,38.9860429693763,27.0067480359147,68.8483997483997,77.0485881402548,67.4348947348947,31.373343631677,72.4470127095127,74.1091359258026,67.1191442816443,78.9367843576177,80.5397059730393,74.6986234444568,71.6693442360109,0
Godparent and Godchild,75.3528752112085,39.4325620367287,60.3118487993488,71.0972285430619,37.4998718873719,52.4307061765395,59.9124124332458,69.2441285566286,47.7684557726224,35.3891656183323,41.0770343853677,62.0812660333494,66.5998096039763,62.3602142456309,29.3404611592112,34.7191468253968,33.6023619127786,63.1973274410774,26.9248707311207,20.9986371653038,38.2071248196248,20.1514500160333,51.205371017871,63.7748706540373,63.1552461427462,27.109815338982,60.2897910731244,74.480243676077,57.8048838507172,56.1346155387822,78.5508801383801,71.5990139490139,70.2778826112159,0
Step-grandparent and Step-grandchild,62.7897967772968,33.6072338155671,58.1961746586747,67.3522566939234,38.1769551436218,53.8910265660266,56.3438882105549,68.6448724115391,45.3938251563251,33.9492154450488,42.8447734364401,62.3183311287478,63.7752374939875,59.4466229757897,26.7003146544813,33.2052649510983,31.2803651595318,65.0365760782427,29.2052178531345,25.8144771123938,36.837186347603,23.1014500160334,56.0614470406137,65.14527000777,60.238102329769,23.3956059372726,57.6495587745588,69.4834821043154,58.1922784006117,55.9213991255658,76.8839538547872,66.7796724880058,86.5214845339845,0
Ancestor and Descendant,73.6942901234568,31.4356401314735,48.9529180695847,62.2048460798461,48.1847382555716,36.7335016835017,61.438145342312,60.678032307199,42.1046957671958,30.8017175725509,37.2107764149431,66.2554713804714,57.6519640852974,54.3445486612153,27.1037678371012,27.2121051787718,29.3445887445887,52.956892336059,47.9369207952541,27.8077801827802,31.03107663941,22.6210978835979,64.4422432505766,68.1013992180659,66.4760070176737,29.1934878393212,45.7118603618604,82.1626694293361,41.2425731675732,43.5526051109385,81.6986194361195,68.5944401277735,90.8181384973052,0
Bride and Groom,86.0412177328844,85.5204445246112,88.7174583132916,84.7782186948854,27.7864177489177,90.176905964406,64.3273007856341,88.1122715247715,70.5937089145422,31.8686568061568,53.4431958473625,85.4261123136123,98.3621973705307,89.5758577841911,45.3925685425685,46.420999679333,44.0199354657688,97.134626022126,91.1066317941318,36.1383537758538,63.4099446849447,23.6127605419272,66.7142232767233,89.4721953971954,83.9989508947842,31.2778414486748,87.8350180683514,80.3166487833154,83.6084982918316,88.8766913641914,89.7578022286356,90.6871571329904,27.9919363044363,0
Man and His Mistress,65.1822470739137,50.7263407888408,64.7666927208594,72.3664502164502,28.2026936026936,80.9788760622094,16.9752465127465,45.4916305916306,59.6142255892256,47.8691939233606,56.2277737694404,69.2264029180696,75.6292308000641,64.8934644059644,54.9816798941799,50.4715127465127,49.9404481321148,71.5379709796376,79.8102693602694,43.105942360109,57.6362594195927,32.145037678371,30.3908272283272,58.988575621909,56.3464224047557,27.3321972780306,71.712956025456,45.9626274959608,64.5718260134927,63.6927802136135,26.6844508886176,53.2928301636635,31.8173550215217,0
Man Wife and Man Mistress,35.0802348885682,41.5907828282828,40.9940295815296,54.9790784832452,41.0064253647587,37.0220498637165,27.0126623376623,34.6257094757095,38.7245991662658,55.3320426487093,43.9321308321308,65.8404761904762,45.1802709636043,39.9892636684303,32.7957792207792,37.1964907006574,28.4297077922078,37.8934143017476,39.2081469456469,74.1528038319705,36.8158509700176,41.5646304312971,30.9768868477202,47.4801191092858,38.5221015096015,23.8609826901494,46.0820662362329,38.6552853011186,45.313780355447,44.9574087949088,32.9075954909288,34.5924344174344,33.1320127403461,2
Brother and Sister,72.6851871893539,73.4962762546096,79.3756814173481,78.7778639570306,26.5556617764951,52.5674663299663,70.2493165784832,76.7320246111913,64.2445847362514,31.1067259900593,47.260435706269,82.9937890812891,85.7472101972102,80.2571949655283,32.9422158088825,40.5978314894982,36.2658690075357,84.2165023248357,21.2969416386083,40.7313532146865,49.9912838704505,25.6880411255411,68.3264118597452,86.623063048063,77.9258930883931,30.6362941071274,73.3805618763952,91.8407963949631,72.2752687127687,76.7318981943982,90.2113983238983,86.3281766073433,38.7511389844723,0
Between step-siblings,51.6662217412217,60.9870630912298,55.772278338945,61.963955026455,34.3400432900433,38.8667428250762,61.0758597883598,62.0763908930575,54.8784712201379,36.8095518678852,42.3007816257816,67.4007255090589,61.2486592111592,62.0829866121533,26.5948713323713,34.2573412698413,30.064740660574,58.9763868847202,19.976144380311,47.387481962482,42.5230780022447,25.889898989899,52.6722917514584,67.6673584131917,56.0616553199887,26.3353099061432,55.336847720181,68.8335430002097,57.2163907080574,61.5178107386441,79.11762327179,64.4623954748955,39.9393715852049,0
Between distant relatives,55.1757415424082,58.3641053391053,32.9392496392496,50.9385261343595,49.7468915343915,30.6405343113676,57.2723424723425,44.1729597562931,50.1557339265673,43.286069023569,42.2677689594356,51.9165023248357,45.9562169312169,40.6768819143819,24.4983245149912,30.6741201699535,26.5107483565817,40.5839245630912,23.4257675966009,36.1951058201058,34.1716350008017,21.5082391374058,43.0855988147655,50.5602459269126,45.4464817589818,27.0257759216093,41.5197521614188,66.4718600843601,44.1828993537327,33.1199058657392,76.187549025049,53.1526191401191,59.8284655159655,2
Between close relatives,77.4315556357223,67.0981200897867,76.7402577360911,79.5275953984287,30.5031545614879,49.1226511143178,65.5429693763027,75.0844195927529,64.6253848003848,35.5815716690717,49.7162297578964,74.1044652877986,80.9059283309283,74.6790784832451,33.1207411415745,39.105303030303,36.5072170113837,76.1857643899311,26.4863936988937,36.1436046977714,46.9237654320988,22.4640732724066,65.3070090403424,81.4370445912113,72.8880721130721,28.8157116032116,69.9085773794107,87.2392903392903,67.407327703161,68.1928463511797,86.8936722228389,80.0404882154882,56.6471824471824,0
Between twins,77.515203623537,88.4557399390733,87.6701418951419,84.2100769600769,24.063772647106,72.889277697611,58.5947490780824,85.9167949334616,64.2780022446689,25.0065416065416,41.0199575116242,89.2826580826581,89.9299032757366,82.8898992982326,20.4909980451647,29.7409966576633,23.5911446578113,94.9981427523094,25.3102078477078,33.6386913038229,46.7403941737275,19.0824703074703,45.0129953379953,84.2833737250404,82.2380805922473,21.3995023495024,79.2582345124012,93.310384985385,78.1144733353067,86.6658104241437,87.3363847572181,92.2055350513684,22.8318306693307,0
Between a person and their family friends,83.4342352092352,69.3059523809524,72.9720097803431,80.014289722623,32.2318662818663,62.9604016354016,62.2846801346801,78.8055475388809,65.2389209555876,32.2652717652718,44.661684303351,57.8816620108287,79.1786332494666,73.425435367102,25.6728683353683,31.1393048309715,28.9775816775817,79.2109422984423,30.9751282667949,34.5649552364465,45.0868011618012,21.6332332790666,57.7255244755245,80.5976205892873,73.3461368878035,23.635707656541,76.2984031400698,79.7848803973804,65.747298997299,70.6478478311812,82.2794162627496,82.3800187466854,49.972724035224,0
Between a person and their deceased spouse,72.6880792047459,64.0073593073593,65.1544091710758,75.8463644380311,26.8559002725669,69.1105579605579,38.2413780663781,74.6473023889691,48.3868686868687,25.1039842873176,33.1618326118326,76.8301721426721,87.5808070016403,44.8702632244299,24.1343977010644,23.4449322282656,20.2519602311269,86.4139519431186,58.417731651065,21.0756358326534,27.5221358888026,16.3293712460379,42.2434479101146,73.7818932610599,62.7397095188762,18.9203415411749,47.3302005093672,74.9090950715951,46.5854142770809,40.8658691617025,78.3994684328018,74.1876424501424,27.0843904552238,0
Manager and Staff,63.6385802469136,29.736544011544,49.8645222061889,28.7546536796537,81.4737574154241,30.1827160493827,76.6009058842392,31.3205627705628,60.9926046176046,79.8516153599487,71.9132515632515,33.4651223776224,23.142681701015,76.2381060297727,78.087033645367,48.4445986112653,72.4395407062074,31.2323155239822,18.8483598191932,52.5508844631652,62.2944254819255,39.9539778123111,65.2584338501005,58.6666242707909,59.2332505457506,88.1101784018451,62.6356347356347,49.7565379065379,61.1460713669047,58.2409212700879,71.7134290092623,60.3361303819637,54.1446645946646,1
Foreman and Laborer,58.6934263267596,31.0159371492705,45.9227192560526,28.7120210036877,77.3029461279461,28.1482002565336,75.1895422478756,30.5089225589226,57.8241382074715,78.9165424082091,70.5256132756133,39.6822691197691,21.2343292509959,70.0418834252168,79.5517601225934,47.6542434417434,77.1742911409578,30.2679814013147,15.9476116476116,53.8885236352342,59.1806850556851,43.5745478287145,61.052893711227,54.5717358259025,57.1123601706935,86.0804518012852,59.7926363759697,44.3612270445604,59.6113398946732,56.9407675657676,67.5658212158212,57.8849929391596,50.4725442767109,1
Owner and Manager,61.9976270642937,33.318089626423,48.112987012987,28.4187510020843,79.851771685105,28.2772847522847,70.7707351290685,31.5905804072471,60.9111391694725,80.9294572711239,71.8990901074234,45.1701355743022,20.6596744305078,75.4115056240056,80.799991366658,48.9450484700485,74.8538396788397,30.6286038036038,18.1096849138516,50.2295385008104,64.7094131177465,39.0533008658009,63.2161714828382,57.0298542506876,60.77277999778,87.4011687386688,60.9022454397454,51.6670855379189,60.0602594935928,56.3789420456087,68.9734262650929,63.7544082460749,50.4501578668245,1
Union leader and union member,66.2672639089306,44.1426847843515,44.5328162578163,34.8165424082091,70.6985048901716,28.3184263267597,73.7497194163861,42.9018077601411,55.2002886002886,72.8338664421998,61.3608666025333,40.1145618270618,24.2039233914234,66.2078409245076,55.3718886052219,38.2424917674918,65.27479002479,29.1241628741629,16.9306064306064,42.8912805599209,63.3436224269558,34.969994665828,63.0963812422146,51.6800694675695,65.1429164970831,74.622923681257,55.9870162245162,49.6058877850545,54.5933521725188,46.2374807291474,71.6285506160506,62.8427015885349,51.2488255571589,1
Manager and Assistant,63.5860910694244,32.2654080487414,49.5431858265192,28.9777016193683,76.1036796536797,29.3144741061408,73.173556998557,32.8193161776495,60.1220338303672,77.5619769119769,70.8336660253327,45.7086959336959,24.1962702421036,77.3390099098432,76.0552766677767,45.8135111801778,75.9371404829738,35.6194518444518,21.7375872584206,45.9136721384528,61.0516585266585,37.2716202007869,59.0927117635451,57.8151037234371,64.0476876518543,87.2000024666691,63.2994369827703,50.6075930242597,61.7262629345963,61.1298903257237,69.8415689249022,67.3402649819317,49.4936840936841,1
Chief and Deputy,73.7645254436921,35.960945998446,66.850515379682,32.8200270408604,83.0257224257224,25.1328211911545,78.1462839629506,46.187060316227,67.228231953232,75.5624031832365,68.9282842157842,60.7788851217773,28.4644625073547,80.3660525839447,59.3159198825865,40.1653496195163,63.2498224814401,41.6327572209925,16.8566094943546,38.9087822489783,51.1077146256068,27.4202121589377,69.002575356742,67.7449935866602,80.5212181337181,90.1576519159852,77.3079264870932,62.6357683982684,76.258158970659,70.9708553791887,80.5219276094276,77.9713423921757,48.9794432419432,1
Supervisor and Subordinate,71.6941174566175,28.075735684069,56.9145279103612,28.1336521503188,84.5908828825496,24.3501749793416,78.9115534157201,36.4168891293891,61.8333180708181,75.412234987235,69.818586968587,47.1987487820821,26.3792049907246,78.243301696488,62.0480415826004,41.8055300092065,65.8475258492415,39.807435211847,18.7808045259026,43.9470036136703,47.697822711058,36.4317300709458,64.4617885201219,71.1596600929934,72.1351551226551,90.4185746352413,74.9624919833253,62.7531385281385,72.4130812089145,67.353665624499,76.2348244348244,70.0623096039763,58.260740339907,1
Boss and Secretary,78.9935354768688,27.1478253228253,65.9220827012494,31.6378695378695,81.8494790703124,30.0438081979749,72.1703625078625,38.4508702717036,60.5342245717246,69.5542332667333,68.826022280189,60.3716869731576,29.2364539962579,79.8932829425477,68.3055683241958,43.413750492427,72.7138688472022,45.8627918559291,20.217977003026,35.4305561903601,45.3920460349382,29.2684771201928,57.1543771043771,66.9614117364117,73.024062049062,90.3649831649832,76.9619227994228,63.5441618566619,71.3404822029822,72.6896103896104,77.3483826358826,77.0960758377425,57.410734327401,1
Entrepreneur and Investor,75.5397491397491,58.2577965244632,55.2012230053897,34.3068853985521,77.1742623117623,25.9932387057387,66.2052771302771,37.7556499056499,77.5602494727495,84.0547131880465,77.3295321961989,50.6772860218939,27.6013321282929,75.3362417085456,89.6223840792468,61.8118969175342,70.4087843256961,39.7597111766229,17.3199775714482,40.1229180587024,76.4718838351191,29.3662438777635,71.4810746352413,67.7708072791406,72.4532587782588,82.255613676447,65.9232603815937,59.6191197691198,63.0143057559724,44.2469877344877,75.9241241782909,71.1121372454706,47.14389329806,1
Intern and Employee,71.834940984941,42.8322974864642,51.3239613781281,32.6590811965812,74.1882453965787,28.1152418569085,79.1102584144251,44.9756484256484,60.0531650448317,61.8371632996633,59.9719390177724,42.9176908966125,27.0123493608788,71.7635248375445,47.4380810638164,38.5435692575399,59.9661622963094,37.778399088203,16.5039590674395,36.4147467002859,42.7524966953888,28.8401851235185,53.9763608305275,56.3535092993426,63.5718294051627,85.5352433060767,67.4005451338785,42.4633838383838,62.6743887285554,62.0784090909091,74.6221961680295,60.8409171075838,61.9403539361873,1
Lawyer and Client,82.0813764938765,53.9242769576103,59.6055056055056,35.6043075751409,82.2138583638584,31.3828666703667,58.8326687201687,38.5771663521664,68.9483854108854,74.0324891158225,75.4276337859671,50.5788268376504,28.3979397146064,80.1915522930229,81.131995500868,44.3964461917893,82.6701750591456,41.0117473303748,16.0874218646277,31.9915848857025,68.5200828855241,25.1041117470039,74.883158970659,74.0688472021805,74.1367063492063,83.3208654000321,76.8908209074876,41.8800304633638,69.0001903960237,63.7525332691999,77.4056838223505,80.4725669392336,47.4764730639731,1
Judge and Lawyer,53.9744385244385,39.4807094140427,44.1062537770871,27.2950147075147,90.1605516397183,22.2208960792294,73.9761847720181,37.9212770254437,55.2971212429546,71.8950287366954,62.0202128118795,48.7322532859298,21.2548507048507,68.0773947639144,35.0403071601601,29.487370336635,47.1133068003166,25.4103386174465,16.5466094816585,45.5987755617657,64.219058338176,29.6860394054021,77.3894741061408,62.636209315376,56.7324013949014,85.0931717973385,63.7434042809043,45.7612133237133,63.381557639891,58.0413379830046,78.7171436588103,64.6275192400192,54.6146143979477,1
Victim and Criminal,17.5473762348762,32.4285031326698,30.5415735499069,36.9580545997213,40.2773169731503,24.3025755109088,49.1102668936002,25.698871036371,24.2315172481839,44.5409706034706,47.8856894648561,49.4744378624281,13.492793127352,23.2068541570992,38.8486432594276,32.748417205525,14.6534138519433,16.9754890624989,16.2619259734456,90.6317561160699,21.766458904204,85.4326447517624,53.7166486291486,46.2612914862915,17.8515151515151,21.2170093795094,27.916031345198,23.7146584896585,44.2336780503447,51.3498697290364,16.7622334455668,12.1794191919192,44.7059724226391,2
Drug dealer and Addict,56.2553494345161,31.2622345247345,53.5982193732194,36.8268885435552,37.2452095743762,33.837699646033,22.7250658292325,28.0755147630148,55.7821030821031,66.3104603729604,81.0764849348183,44.8384152884153,15.5365384615385,48.7692474192474,88.5391640766641,83.3000934250934,75.3156500906501,38.5544335294335,16.7909928034928,45.1071275946276,65.2877391127391,47.1609187109187,32.8868045534712,51.4872615039282,62.2283128908129,48.0449735449736,63.0471300304634,56.3447731281065,66.9929032387366,64.1518217893218,15.6284792368126,39.2797879589546,34.3441818983486,2
Victim and Witness,59.1707556332556,58.2367532159199,39.0856977898645,44.1598301389968,50.9909069325736,33.925386342053,56.1180739014072,51.6932821807822,36.6969384011051,43.7590855132522,40.4227758352758,59.6888024013024,26.2561124061124,52.0590626965627,23.7929427054427,24.8194999444999,26.4958513708514,26.2617345617346,16.4389744514745,35.8334808709809,32.8702806452806,31.7615458615459,68.436075036075,60.9180114638448,49.6894340227674,28.5908970658971,44.1486672278339,24.043284030784,62.1344717011384,55.9404621612955,65.5090448132115,50.7000140291807,44.5696949655283,2
Criminal and Police officer,20.7565451523785,24.6574009324009,42.7890356557023,27.2301907968575,69.251486013986,23.6776784943452,64.2361812570146,31.445265691099,26.1435368643702,63.4012216178883,47.6699592074592,42.0732461982462,13.582819032819,44.0181878306878,28.9618626743627,24.8556290931291,32.4878732378732,15.6451714951715,15.1049871424871,81.4643504643505,35.659724997225,62.2498071373071,79.6765412057079,60.2939915023248,24.8963023088023,62.615221661055,48.2180134680135,35.04132996633,50.5361091069424,47.5925004008337,56.3280844155844,22.1318943402277,48.778531345198,2
Criminal and Prosecutor,23.7122776914444,24.4874697833031,37.6793997668998,25.8552587844255,76.437771950272,25.6169094794095,69.1770255978589,31.1508849175516,24.6195113528447,65.4330333247,47.5028263403263,45.4024475524476,14.0693403818404,49.1734668109668,33.8443251193251,20.2084864209864,39.9617507492508,17.5237128612129,15.3516164391164,71.5588776963777,41.1956141081141,50.6539664039664,75.218759018759,57.7072771364438,28.1347803431137,64.5545614878948,48.3733565816899,34.6122494789161,51.5163760622094,46.0127845919513,59.2586279461279,29.102258698092,50.7207571749238,2
Criminal and Hostage,24.8403360528361,20.7868449451783,39.4597545972546,33.8955052663386,40.3290738582405,29.2510964344298,38.0223560390227,28.1023342398342,26.4841049382716,63.0641683933351,54.9048346715013,56.9296823546823,13.1663692788693,34.8097051097051,45.3000758500758,34.6743483368483,20.9825151700152,19.1824467199467,17.9410200910201,82.0181804306804,41.9947820697821,82.0570901320901,45.0494648869649,50.8507635882636,24.3384599967933,26.46316337983,35.3533249158249,25.3715848965849,57.4537357704024,60.3514670514671,23.6520843354177,18.7951138367805,46.0526394901395,2
Defendant and Plaintiff,20.8856923940257,43.3908411033411,44.1163796080463,33.1363226279893,65.9760910385911,27.7072951739618,63.8689383147717,33.7975859017526,29.8748780540447,65.254076016576,51.7356837606838,53.1445679320679,16.6022542272542,49.2442700817701,41.4338568838569,25.9727157102157,29.4341038591039,19.3279576904577,16.8362406112406,69.1289825914826,48.0870217745218,42.8613738113738,67.1304333012666,60.9674222382556,30.7656685906686,45.9624759499759,51.3251122334456,34.4469997594998,54.0946228154561,49.1284712201379,55.7741101491102,30.0819083694084,45.0546256212923,2
Police officer and Offender,25.3618028576362,29.6469276094276,38.5952991452991,27.4565602607269,71.8570912112579,25.7734977984978,67.4876640334974,33.1807034015367,28.5267342225676,55.2955786497453,51.2655518863852,41.1109427609428,13.135625023125,49.683917008917,41.2177822177822,27.5658258408258,41.6186586561587,14.756826969327,14.897089022089,71.9929038554039,38.6189953564953,51.9852055352055,73.3411115119448,59.3194805194805,28.7707932499599,67.4092432259099,48.7753868045535,27.9236311527978,58.4448432740099,52.6859648067981,58.6047679172679,28.4513908930576,47.5716690716691,2
Police officer and Civilian,67.5777238193905,50.3097891306225,40.420206336873,38.57402335319,63.6278058361392,36.1511072261072,77.1178170594837,53.0246384788051,49.2218272468272,47.7764104722438,43.9104744021411,29.6980732230732,30.9820910570911,56.0226985976986,29.7419871794872,25.0025345025345,57.1930435305435,29.8544228919229,17.357782957783,29.8058071558072,36.0113090613091,30.0271645021645,81.7251543209877,71.0907527657528,63.9740299823633,67.3457150873817,52.4447991822992,48.7557960557961,46.9266434183101,48.706100689434,78.0226751643418,69.125018037518,49.9863576238576,1
Parole officer and Parolee,47.3448542198542,22.1391464245631,43.925732292399,25.750969709303,78.6846845284345,25.8062154666321,57.1916269687103,30.9076186930354,35.9992707909375,60.8758279529113,51.1784078575745,50.4059161064063,17.368053324671,64.1560825702983,27.0095837713485,26.3817387586995,46.2189227257855,27.0977273362077,11.5577003787788,55.4390710143161,38.5315608773942,54.4695378604692,71.4559772018105,62.2800677717344,42.8907331865665,73.0300686967354,56.0334184334184,43.5435553643887,63.2978913062247,55.423425340092,65.224703999704,41.1025605567272,45.9375346875347,2
Consultant and Client,70.7244788390622,51.5471735055068,47.7163379830046,31.2505671797338,79.419727957228,27.813022702606,56.6042529230029,35.5125052416719,59.7133264112431,75.0780325384492,71.3891885891886,45.7821541022521,20.9918637190696,80.9645402618442,84.578576679312,51.3308711259692,83.7477070768738,28.6974239812475,14.1676679710993,32.47048317514,72.3161386725112,24.1743725410392,64.8198791948792,63.8609584859585,59.4947697364364,79.8640245556912,65.6559657934658,37.4987424612425,58.4132666716,55.011426998927,71.4788029871363,61.606402702236,44.4404960779961,1
Chef and Customer,69.5745307161974,52.0133060612227,37.4927543906711,33.4702581369248,67.9173236485737,28.8627108231275,67.8620248578582,31.3287970517137,55.449622291289,58.9272127563794,75.7300007862508,34.9756153160565,24.9109542690425,47.1247607512313,74.4063719595582,70.8222869994929,79.8585009308048,24.2005110358052,14.4769645750038,24.7585244911225,43.9976217410041,17.6187270608839,58.7702727827728,54.6151897485231,49.1076149159482,76.0698438906772,44.0802697302697,27.07236004736,50.3801294384628,51.523082010582,74.2679007720674,61.1816800483467,47.5653950987284,1
Customer and Server,71.4209315375982,51.4129103920771,43.9616672679173,34.6427160802161,68.0538834622168,30.5355215771882,75.4099089953257,35.4135720760721,57.6430162430162,60.8338421609255,74.9647495251662,29.3594397614005,23.6536787558846,57.0562015054662,78.8493937163055,71.0078827218533,87.6492794242794,27.1395278287435,12.3474685082528,29.8823321014498,46.9026169092346,22.0885330990723,60.7199690741357,57.6797242880576,53.7624801124801,74.9835346752013,59.8051767676768,27.1428067303067,58.0882517174184,65.3554397762731,72.2440152440152,58.5669925753259,44.3850643183977,1
Customer and Businessman,64.2753374711708,52.4485118276785,44.0741180887014,31.8701853701854,74.8943377610044,29.7540096477596,62.9018408289242,33.7982639274306,62.8718650176983,76.4351335393002,75.9910594035594,41.1573837564034,21.8251933070561,67.7644312296273,89.1548251766389,74.0758952195227,81.3084137177274,27.9105097607549,15.4301951860775,32.7700215906098,75.5918678362306,24.196359849301,67.6430836139169,62.8266022557689,57.8123839123839,78.7755819797487,59.5161560661561,41.8022599314266,54.9856817565151,51.812734950235,69.1615608157275,60.7532502990836,47.4583182249849,1
Doctor and Patient,81.4187321166488,44.9716588966589,59.7992535242535,44.9601110309444,76.0522701835202,42.8576795118462,50.0628505753506,41.1027911902912,48.3851920456087,54.0645618270618,65.9671314025481,47.261509106362,42.2728103686437,86.0535975734505,53.0536092538543,37.8187445814897,78.8606605540429,51.7545451643491,14.1925223469341,26.1189302618224,39.2262498032106,22.7644944108179,83.4842304300638,77.8017804726138,68.0037055537055,81.2160897744231,70.5025924692591,55.2761571761572,69.0993953577287,75.360430618764,84.6972624597625,85.3915220581887,50.7568704443704,1
Doctor and Nurse,76.6420198628532,42.7839457610291,69.0880011192511,44.2429320679321,70.489188666272,40.3922501110001,57.8242258513092,51.3766014849348,57.7512877554544,49.498692973693,57.1050752488252,49.2467099440139,34.9935323935324,81.5985796792169,30.5259345683365,31.1322356927749,53.2741704283371,42.5495489260195,17.4753411711745,22.3015340052105,33.0005880648038,20.4483644986096,77.041864308531,71.6490770032437,79.2569879194879,82.4981150022817,70.1355459355459,66.0364357864358,73.9473615890283,76.2835790752458,82.121737984238,82.5749155165822,47.4640091390091,1
Patient and Caretaker,77.7129286608453,52.8658043345543,65.6248821394655,56.8847714014381,60.788232677816,48.7683327474994,54.6536631578298,49.2577139681306,50.9974992599993,49.3239495843663,59.6906068468568,50.2862906338396,47.250697087952,68.0966776596678,50.7572475001397,38.4410732513674,75.9527309745447,59.2212135449881,17.1445227702581,26.139792505969,40.5504270058192,21.9543086089655,71.8830586080586,75.2773035606369,64.2248032831366,71.5968765802099,72.0668578335245,58.4183629641963,70.8006525881526,77.7365620490621,85.2449499574499,84.8916820833488,54.1233929650596,1
Driver and Passenger,81.0427818001476,59.5946890985978,31.9805917012315,30.9996425830791,59.6610147119822,26.7982649230714,72.3276171488375,37.0467595327502,58.6395105663553,52.2032877434838,77.472245599258,33.7199695366362,22.2648027898028,42.5776515151515,76.846474667308,47.9786255411255,87.7372434664101,21.102861952862,15.8042969376303,27.0368706910374,53.6146284271284,17.5391734808401,61.0964387464387,54.5480133292633,49.1802748948582,65.8566875254375,49.9420126170126,20.112905304572,68.1524852462353,75.7732227648894,76.8632961945462,62.207065696649,49.8741995658662,1
Coach and athlete,82.6937018748938,38.6493486771609,74.7644358617914,46.6209265842135,60.5585403206662,43.5246431949734,69.9964570221278,55.2061790710914,60.1618408070162,65.9674701430893,55.8135012256787,64.5321168029501,42.1525853775854,86.2647687189354,56.3217151675485,33.3773108064775,75.1431858265192,65.8320065736732,15.6588243546577,34.6607503607504,54.0138427930095,32.0159792368126,55.1148436440103,71.8972535951703,81.5551417718084,84.8700295075295,80.6569351173518,63.1693393026726,75.1654058133225,81.1399462420296,81.6211055148555,86.0212148962149,66.188577703161,1
Team Captain and Team Members,77.6313099439261,44.5309343887775,70.1960621207138,43.6283087922665,57.9701429213297,41.1460944370387,71.4577136667178,57.7941524453263,66.5018727331034,66.6900462712382,51.1549101421263,55.306411335578,41.7326699535033,81.9258597883598,39.8831269039602,32.912682379349,58.4500400833734,60.5367584575918,14.6889790764791,39.7187269520603,54.4184223184223,33.1918570626904,53.4381215235382,66.4038325871659,80.3692765567766,75.2934040496541,75.8546576109076,59.3560863519197,75.4401616130783,74.7465786528286,78.4240664428165,80.5193104734771,41.6748736602903,1
Club Member and Club President,72.7663046304687,37.3790953933885,47.9654553684094,37.3819147269999,66.5063219016392,29.204256370278,71.461468888391,45.1191658034279,55.3246014682676,59.5284580381588,55.2727371069476,48.3966470258137,28.6949835658169,63.913139329806,51.8868145743146,35.1563632355299,52.2300024050024,39.0940736732403,14.3824935866603,31.2305274971942,54.6443061568062,27.8988375821709,46.0982473544974,57.4752976190476,73.5672678401845,65.6729268416769,60.6636421448922,51.7728725749559,58.3673568715235,56.4467838488672,71.4501585605752,66.0816654795821,56.4257716049383,1
Politician and Supporter,67.1995772569173,37.0338601437931,38.3080640802648,32.7728707251927,74.5459368900029,26.0139091587234,76.4725870448781,34.5133087853934,48.0130440847804,66.2634036552638,36.2180798380231,36.2600549142216,28.1855559563893,53.7600970017637,49.6957491582492,35.9180395222062,56.7552148468815,38.3923601090268,15.3347101972102,40.7890933140933,51.3576599326599,34.9821388488055,72.274213980464,61.0355701397368,70.6419023877357,60.9140135327635,51.8180394451228,50.8257156423823,51.8773572106905,37.8976580518247,64.3470297449464,63.1663224121557,57.7926544905712,1
Leader and Follower,70.4180983098811,27.3450475994594,48.2873087434104,42.9799253235012,64.4058539700181,31.7714548513826,68.4324365177306,46.1118922953933,43.2067513402395,57.7094776821428,35.8297244536796,44.6692440275774,35.9515211640212,61.7428992303992,31.8269500561167,29.682208994709,46.8790804874138,47.2007696007696,15.324695366362,31.4223805515472,43.6343975468976,34.6680154721821,65.1188068104735,66.6595305928639,70.1143543956044,57.7030474155474,57.6771096187763,56.3257376882377,59.462968050468,47.1922534255868,69.2489952177452,69.409273673857,57.1103971645638,1
Representative and Citizen,67.9196767771845,45.0285959434824,39.7709824851982,35.9523746353597,70.3633970886164,27.034796910558,78.1672561099032,42.8039610949957,45.9328354102993,57.781666001506,41.1703289920911,35.7065616482283,29.1970077761744,51.3675104216771,34.8519941478275,31.0071849446849,57.1161676286676,34.8627745711079,14.1490079365079,42.2068322109989,50.9806056597723,28.233980679814,77.158545312712,65.0012862908696,67.6672958214625,59.6599172432506,52.6777421652422,51.9156567969068,50.0961021231855,40.7338047754714,71.6141068036901,61.6471238637905,52.4872786935287,1
Officer and Soldier,65.5430159356372,30.3943026801773,58.7728875465588,33.600442603874,82.4915739799512,28.4580708244666,64.6592609488894,47.7450909208133,47.3553353766976,64.7916280934599,52.1234014867142,56.734309363476,28.0513748597082,67.5899250440917,26.1360610068943,29.7612574154241,53.4083974667308,42.4597362514029,14.3215989257656,38.6238696488697,33.6173701298701,54.8713303671637,69.2574192782526,70.2598163410663,76.073953669787,84.9045032899199,70.1011226427893,62.8717202550536,71.6638600596934,73.8467414529915,76.9711996336996,81.5396867792701,60.4845305928639,1
Babysitter and Infant,83.3550404842072,27.1505536130536,70.6441481358148,58.6153372861706,45.1210061543395,58.6355681355681,58.6183389141722,50.0189861064861,42.9111957486957,39.0564193522527,60.4091365424699,59.7732202982203,72.5923360590027,61.4713764630431,55.0520322270322,34.9875621292288,79.2576799743466,76.8875821709155,23.3140251723585,24.0794733044733,40.6592873176206,23.0845037678371,67.9495596224763,77.889535002035,63.4971352721353,74.611411042661,69.1076388118055,50.2734513942847,68.1508203216537,85.9292035896203,84.7288529371863,85.7352927936261,80.883748350415,1
Religious leader and Congregant,74.3451799743466,27.95071332988,57.9176440843108,48.4798249589916,69.4951708785042,37.3101541976542,71.2789406581073,49.5144011852345,39.9197435280769,52.5115717615718,32.5465773424107,41.6725909892577,45.1105900272567,77.6507014590348,43.3640652557319,30.8324394741061,59.6659010742344,59.4335377585378,17.2146745230079,29.3570306236973,43.4401635401635,35.2839546256213,54.4688001813002,66.4711141481975,74.8251015188515,54.0003242128242,66.7924333382667,67.3810406414573,64.6991959429459,55.8574841824842,71.7027830194497,77.2968372676706,54.908464375131,1
Between religious followers,67.2788962580629,70.6671436588103,53.6592731342731,58.939884344051,45.6727445394112,34.1251430668097,68.5583320999988,63.5718896843897,52.2041859375193,41.5293956043956,29.1330852789186,36.1547298380632,44.8419512586179,64.6368245951579,25.825304633638,27.7438672438672,34.9713804713805,48.7415303831971,18.59645662979,38.0547659130992,42.3672518839185,26.081228956229,44.9045992587659,56.5178938345605,71.6891701662535,32.7051235030402,59.4606558564892,59.0702855786189,58.6829398996066,51.662766323183,69.450587683921,68.3243260597427,44.5057498057498,0
Prostitute and Customer,54.8918257668258,30.7176664384998,30.4399165649166,26.9539574622908,55.1192181275515,58.3154973113306,14.3425890467557,18.5466097174431,52.7826011951012,69.2575086950087,78.7687887729554,43.1316738816739,17.7215207631874,24.9381673881674,92.6568542568543,56.5871452621453,88.3846280262947,25.7548861632195,59.5123456790123,34.7864157447491,64.7250360750361,40.9051106301106,22.0632259715593,35.0888458763459,31.8013852659686,67.3738279467446,58.1852232643899,15.5630450567951,56.6714019005686,70.3350546829713,22.7402557319224,32.6720891762559,39.6499254603421,2
Guide and Tourist,79.5747769206102,53.1439976689977,37.0285805244139,28.2466365424699,75.1375029291696,26.2455159038492,82.1281440781441,31.2894774978108,53.3533287699954,70.7735850569184,71.977518623352,33.0168149751483,22.7219576719577,79.9725909892577,84.2511904761905,52.8521885521886,87.182824274491,28.9250440917108,14.3855098605099,21.1547498797499,55.037037037037,18.3759018759019,55.5892672142672,54.5903502361836,51.7500721500721,79.7298514756848,66.2288869309703,25.4620037370037,62.8601180455347,64.6474384411884,75.8925426425427,67.9008738175405,46.949205347122,1
Athlete and Referee,55.4638221346555,39.0178838137171,42.9776367151367,27.7874133582467,77.7744459244459,25.7389453139453,84.1473779307113,40.7127072002072,44.7719158927492,69.8506168214502,52.8397825939493,40.1686948853615,24.2443161776495,53.8017957351291,35.9165824915825,28.9525052108385,52.7062129228796,26.5645181978515,12.8560926727593,51.0170835337502,43.2185465768799,31.9712241462241,56.9627641648475,56.2101078705245,49.7654565342065,81.8609012129846,63.1682839537006,32.5542562375896,64.6385888802556,62.4751961772795,73.9393177809845,60.24854666938,49.7034608138775,1
Slave and Master,27.582654690988,16.3280145780146,43.2356951690285,25.8311117894451,59.1540066415066,27.4811874853541,38.3004666629667,24.4296089712756,26.8049809758143,55.4480796980797,54.785986390153,53.0937029020362,12.7427288760622,27.3892696809363,52.264911014911,44.4084656084656,64.5197691197691,27.6117043450377,20.5005571588905,69.615404040404,27.1675404842072,82.4095398428732,28.2704648746315,39.194525690359,21.3915108040108,48.1822779072779,38.2561484040651,58.2147566939234,42.29343334135,58.1855087042587,19.1217500863334,23.9222647722648,49.459546009546,2
Reader and Writer,81.6996922830256,65.990530611364,41.3685055685056,45.4873825248825,59.5118286034953,31.2164300205967,66.5237287403954,42.8520590520591,51.3158324699991,54.1350678642345,53.061435632269,40.5807880391214,46.7962161295495,74.4236211319545,54.7762626262626,61.2707952541286,61.6545855379189,47.058834375501,16.5958593875261,20.8021284271284,34.1730439313773,17.9435265351932,64.5719966761634,62.7610580777247,60.4132746882747,66.7870412766246,55.4204527725361,49.6273102668936,40.8584315375982,31.4519788853122,74.8270699979033,65.0746763267597,54.4162570454237,1
Reviewer and Writer,51.2078759203759,53.6732070398737,46.7075157866825,35.4166837791838,76.2580243830244,27.942704980205,77.8256982215316,41.5563222271556,49.1507386132386,67.43515003515,49.823781619615,53.1499388728555,28.1502274731441,73.9383567821068,45.8732834295334,38.2685415664582,57.2897136042969,26.4585958794292,17.3459245230079,50.3303882074715,41.006237974988,25.3732233044733,60.6605524105524,65.7831996706997,52.6163635746969,81.8700907117574,55.2810078810079,38.9753228253228,46.8187190895524,31.2589689631356,79.360055376722,46.6754453879454,47.1341590508257,1
Performer and Audience,79.615235381902,54.106260714594,47.4650565483899,56.9651450401451,59.1108764692098,37.0592823842824,83.5914337206004,43.0057531974199,46.4106045189378,53.6336990170323,45.9131843465177,40.6576829805996,51.1440856982524,59.8347833493667,65.4416716770883,34.7759189113356,72.9790844957511,47.359437630271,19.8368286034953,29.8692470338304,34.3076479076479,23.7103334936668,62.5296732588399,68.2655491113824,62.1957892416226,72.8197711239378,60.6855349897017,39.9129608046275,72.2671368754702,62.6566692566693,80.338466317633,66.3234644984645,47.3377287835621,1
Dealer and Buyer,63.875454329621,57.8746304621305,44.0510990552657,33.0396160937828,74.5264926431593,26.4094237552571,74.38369331286,30.9028602570269,64.4220882512549,79.2546889838556,84.7547874964542,43.9593374218374,23.3945085778419,64.781712962963,92.9310375581209,88.3975639329806,77.8778659611993,26.2218594676928,18.0432499599166,47.1994057639891,80.6668961439795,34.9442169713003,73.6727644269311,68.7105932647599,53.872275718109,76.6848361515028,70.622149301316,33.8323236948237,68.071458325625,62.2155338488672,73.8920385170385,56.8016113516113,48.2183403016736,1
Sugar-daddy and Sugar-baby,67.6076924618591,34.4719101885769,61.5864527447861,57.7965935299269,31.3546320962988,77.7663199454866,28.3890709599043,46.0243776285443,63.8617533700867,53.8222419555753,67.5747072372072,64.806569664903,54.5759108946609,46.4332822270322,73.8090648548982,61.048404681738,60.1675485008818,63.8309263267597,68.8517877184544,39.9018628747795,58.3665544332211,46.3867253888087,25.2597253055586,53.3080340955341,49.8037314537315,33.1365720699054,63.9474852308186,44.5608146483146,62.5044201169201,67.7237330570664,31.772667301834,46.9410066785067,74.7825401450402,2
Director and Performer,75.843327968328,43.7571698363365,66.295695970696,41.9456569664903,70.1436847103514,37.2540345457012,72.7420469962137,43.6444291819292,63.3336022002689,65.6617438117438,57.3704361996029,59.0197971781305,34.3713804713805,79.5010030864198,56.7583764229598,38.2307399390733,57.5741161616162,38.6981311127144,18.6580226871894,41.7292488375822,51.4285954785955,29.7914061247395,55.0846924680258,68.3725674017341,71.8604085729086,88.1688371813372,73.9715256965257,45.2793140501474,74.4941259357926,72.3893452226786,78.7148641481975,73.5297378547379,52.5290161998495,1
Psychologist and Client,81.041457308124,53.0648061814729,69.4966795550129,54.4490654407321,72.1379495504495,46.8544655961323,35.2573650115317,40.0899318274318,55.39675000925,53.1801004551005,56.4167565459232,63.3325446929614,36.9181677890011,83.985113035113,71.3766814975148,43.1430315055315,79.952061287478,54.6486071027738,18.2255842151676,34.6134098925766,50.2244378306878,25.7443392255892,72.3166444666445,77.8463013838014,67.4687658020991,83.840061635895,75.9668120459787,60.7513579013579,78.1767525684192,78.8599198640865,84.4796068129401,85.1364556739557,54.4318362193362,1
Judge and Contestant,52.5757860966194,35.7754504754505,41.9600852850853,31.7816243941244,80.6803798053798,26.4656385281385,83.0961626336626,36.2075205658539,40.6486363944697,59.1229818021485,53.6675947509281,46.8703733766234,24.1151234567901,60.5176046176046,32.2576729597563,28.5866372053872,46.9501573272407,25.1077360910694,17.0844276094276,58.2412327641494,42.0066458233125,37.7007174923842,57.0461723461723,61.0316672525006,45.3006254547921,77.0334219792553,52.0642998976332,27.338712367879,66.7168182126515,59.2021641938309,75.4799368841036,52.7032634032634,52.7131148172815,1
Man and God,66.7679636721303,33.1977110852111,57.486556036556,63.6481910065243,37.9815113898447,58.2705718664052,36.0130022755023,60.6983357691691,44.6157846782847,35.4124394124394,32.554100991601,63.5249829645663,74.2109367484368,49.3131202902036,24.0306206910374,27.0850208433542,30.6454866121533,72.7727463123296,27.3874959916627,30.2748176206509,31.7032287157287,30.9871853455187,59.0977591852592,69.032844007844,60.6267448600782,27.0721963221963,50.504039016539,76.4768085309752,51.7148243731577,42.8257566507567,76.3365825532492,74.6384490509491,82.1172952047952,0
Between Co-workers,73.3342614175947,76.3936930353597,63.5012322553989,38.929780713114,70.72510668344,35.8353132978133,81.8963172629839,55.5101454101454,80.3851748560082,68.183084970585,70.8731951690285,45.649202340869,32.010113035113,83.6117805034472,43.1252084335418,40.4278699695366,53.2751162417829,46.2680495430495,18.9585036876704,44.022278338945,65.6368145743146,27.6072631072631,72.269700361367,74.7365455532122,79.5717834634501,85.343190297357,68.4527065527066,62.3706824040157,82.2583987000654,77.2667667209334,82.1824155782489,71.7582671957672,47.7264351389351,1
Between sports rivals,30.3022223147223,77.4130232421899,49.2863514571848,37.2786566828234,65.8254907129907,28.2512038887039,79.535923644257,40.9943761485428,50.2394465102798,79.4763369346703,49.7355323688657,43.3741522366522,24.3734628026295,29.2085397627064,29.9501964085297,25.2713423921757,23.2620791245791,25.6370109828443,11.8840528298862,84.6098845598845,27.8608345358345,39.9771384479718,45.5060724769058,56.1744235702569,33.5012419679086,62.5811930353597,52.3535510785511,43.1039088997422,67.9894105894106,51.760458985459,63.9166020707687,29.5779262404262,35.3215571465571,2
Between romantic rivals,32.1631777173444,71.3586630961631,48.7525923150923,62.7637294803962,31.0314965898299,45.2297068672069,42.0664175330842,41.4476309184643,42.2729797979798,61.4370808204142,43.1688616938617,67.7164983164983,51.3044232002565,32.7723384640051,22.4163981080648,26.7158008658009,17.5087061087061,35.4704866121533,46.4684263267597,83.8116341991342,36.045981641815,47.4136744428411,35.1311312144646,57.1704950913284,31.6297750089417,26.0732623857624,49.4387735721069,42.3524174899175,60.3494915578249,44.6078968870635,46.4295531628865,30.0451804368471,34.5025685734019,2
Between criminal and their accomplice,61.8067688484355,51.1070885904219,59.5050204425204,40.4824519616186,40.5499576041243,30.0619197160864,29.6564241314241,43.442394334061,66.4439205855873,72.1209457209457,67.5654108237442,60.1443322109989,23.0220999679333,61.8801647426647,63.2060806477473,52.3373136123136,44.3560325476992,39.6015712682379,14.7751142376142,52.5118105659772,54.387834696168,53.8860429693763,44.1820152070152,51.8736957486957,58.8525386650387,48.0796422713089,64.4400849150849,40.7343344926678,67.349761658095,59.7139073889074,22.8537715371049,49.8857068857069,40.4483181941515,2
Between diplomats,56.6261482344816,66.3223373848374,49.2519497477831,31.0908956783957,84.3587861212861,27.2377036543703,71.1680791430791,38.6302631010964,67.5723047014714,80.2493679160346,53.6399859399859,45.9202581369248,20.1293530543531,64.9711600128267,42.5199374699375,41.4527577360911,52.415532307199,32.0563592271926,13.8103354978355,53.6869127785794,79.7156244989578,41.4016313932981,73.8509985384985,58.0056306347973,56.3967799176133,77.6304114095781,61.0010976677643,48.5603735770402,63.2436404644738,50.0163279621613,69.3834090292424,51.7704368162702,42.1987053070386,1
Principal and Teacher,76.9373561623562,32.2901738693405,58.0136081511082,34.0417070583737,82.4450150158484,31.2029835904836,75.8117081992082,45.972519301686,63.2333862125529,67.2705621538955,62.0766455766456,53.0714646464646,31.2227012185346,79.7175404842071,44.59585337502,29.910892656726,56.1424703383037,46.818570626904,14.7068702902036,26.995652958153,51.2957531665865,30.0272326438993,66.6519150602484,68.1082454582454,72.6589612547946,82.8244214119214,62.3925517383851,63.5545294211961,61.8327858869526,68.4863992488992,79.9122826247826,73.9313882105549,55.566175028675,1
Professor and Teaching Assistant,77.7501977960311,33.2952647660981,58.5849802974803,33.7978856020523,77.935785973286,32.9896776063443,73.7565775274109,47.3565419148753,64.2148618356952,64.6667821376155,60.5289553039553,53.5133457591791,31.5515532307199,81.3339947089947,38.6959014750681,31.2632876382876,57.2569865319865,47.5606521564855,15.5700617283951,24.5224607182941,45.4178872053872,26.9388708513709,62.4431125972793,65.7399584982918,72.937983621317,80.9533155116489,63.5082124665458,55.0934340351007,67.3142397725731,69.7927062135395,80.0947796031129,75.5773424106757,58.5712369420703,1
University student and Administrator,70.8851170434504,33.7415550498884,39.9232421899089,32.2867004908672,80.371674313341,28.6851742393409,75.7519907561574,43.6531625781626,53.6433588016921,56.8016511266511,61.6575281200281,46.2356040564374,29.7554814013147,75.1345638928972,33.9770522687189,34.8834976751643,63.0540925124258,40.3641634599968,14.5575877825878,28.5940275773609,46.5327701619368,28.9545394420394,59.7297854922855,58.6603274811608,60.6586782045115,68.8338567296901,53.7966968216968,45.7222118930452,53.6298864715531,58.2570415695416,76.9345068511735,66.3662852579519,68.4901963776963,1
Student and Dorm Resident assistant,65.8055772840086,38.5087900117312,42.9747296458081,36.8225709294337,72.2847981357785,27.7244959651822,73.8032824655374,43.0199212552154,52.4885758395562,61.7165881504117,61.7991751530967,41.3340704049037,26.8181314056314,55.6464601756268,44.5430581763915,40.1577414869082,68.9970346012013,29.1209995251662,16.5698878282212,37.8617747992748,52.1504509379509,28.0218024259691,50.3533921325588,58.7725458183792,51.9574592074592,60.7532321073988,52.8293586043586,37.9989522822856,52.5376942501943,61.0822745156078,75.7073317114984,55.6735324860325,60.3345023803357,1
Mentor and Mentee,79.7824732457085,32.5623568334353,64.0759361916225,39.2466601844053,79.1525702873742,34.6008801293115,72.0047649155492,47.3280678109109,59.6804098225667,67.2389998527253,57.4951708240924,64.454294625128,38.4417124542124,85.1744889369889,40.3157658699325,37.5808574141908,68.2767208100542,56.1981358148025,18.3062420604087,30.6153305028305,52.2135785510785,27.324531949532,70.4015507640508,74.7505497588831,72.8140766640767,79.328533041033,75.2687267978935,50.2431582306582,70.970309628643,68.7402361527361,82.9045173961841,80.5165710832377,74.6739151280818,1
Athletic trainer and Trainee,75.4820334712492,38.195903025805,67.7196251279585,39.741972787561,72.4911294043647,34.7759272680841,74.8082276655806,44.9255773456754,61.7422136868215,71.7921667112844,65.5005077166842,57.4560623018956,34.5698560698561,80.2840505173839,59.3654162195829,42.6171653963321,75.4837577545911,57.1208300958301,18.9248962457296,32.9387916096249,54.5813871313871,33.112489670823,59.8037949704616,71.1407882241215,74.4057829516163,85.8251973335307,77.2718719552053,50.7409920326587,72.1812824521158,74.3227297393964,83.5393580185247,79.6493836410503,68.7009377967711,1
Researcher and Research Subject,73.4447155966764,49.4308825161766,49.0733733405302,31.1762865311885,84.6424114193722,27.157037642822,64.1414478948793,37.7344557947499,56.1476257221355,75.1168585046036,69.938244417166,49.6390578557245,25.812119670453,74.4199908116575,50.4581255164588,45.1057925099592,60.5713786213786,36.5891468099801,15.9012612387612,22.8989311614312,46.9398565940233,24.5319470652804,70.8515401265401,63.4335991169325,65.7374378707712,80.8362921029588,64.9084739334739,32.9790054081721,64.2155430988764,54.9032994782995,76.053601028601,67.8165538165538,57.3560976060976,1
Between peers,67.2585257335257,83.448683941331,66.1523491396041,67.9419174688783,36.3943163952968,51.4369395310572,66.0978687253197,61.7796160629494,60.6598381828774,41.7633505927624,44.2858266279835,47.8739615322949,48.6120065120065,60.4629563337897,29.8561139477806,36.3487813112813,32.7388987555654,54.5465102798436,37.3020615187282,41.0381064922732,53.1229730146397,24.4071988196988,66.0188273146607,66.8306647056647,65.4123583206917,34.8994359036026,61.2566435108102,63.2165877332544,68.2619964911632,61.074463036963,73.9378770920438,62.1824835658169,23.5174260924261,0
Between classmates,64.014054500329,83.2959128743443,67.1067053317053,63.8930016243742,37.8126497503948,50.545193114801,72.5030385917641,64.043090424463,65.5981493270709,44.2108437858438,45.5065842835451,47.7252121335455,49.7763622180289,66.7051183384517,24.9398158939826,35.5438740272074,31.0653275736609,56.4971118387785,32.0134715593049,41.9504569504569,54.7841263674597,24.5304141845809,60.2996156621157,71.040312002812,73.0769184519185,40.5194351944352,68.9147432814099,58.3646312021312,78.5630391213725,75.8262452054119,76.0868093326427,67.0459375501042,19.1716678383345,0
Between roommates,75.2990754887814,83.8428006633889,73.6967268388837,69.3513222616164,32.7005456961339,56.3755437917203,54.0301307443464,70.5909331953449,67.961399729537,43.665709073062,48.7868170319151,66.3995095953429,55.4602095435429,63.6687867687868,36.9296422713089,41.208789667123,34.7841115674449,65.1016969141969,27.9845702137369,41.2185687769021,58.3502167585501,24.2881729381729,55.4364274614275,74.9485610068943,74.0547824089491,33.8723121014788,66.3623045164712,57.3073482073482,69.3673380631714,85.7111801778468,77.3925002466669,75.7278597945265,29.5984732859733,0
Between sorority sisters,64.9443957821409,72.5353400956342,67.675114917762,65.8790848584966,38.8412877971701,53.4539689250473,57.7723349272369,65.4767183252477,65.0959348929937,44.7675581136365,48.2522753027655,50.3714228672562,50.6956259789593,59.081806310973,26.7503017044684,36.341415991416,33.7164332580999,61.2726800976801,20.6032100615434,33.5460668960669,50.4169153377487,23.4856415189749,47.0405560488894,62.125191012691,69.1648471898472,32.9084329250996,61.4961324169657,56.0647768897769,60.4604750188084,69.5585898669232,73.8012931512932,69.4023365523366,27.9686844020177,0
Between fraternity brothers,72.4539008830675,75.0516048766049,70.9992361034028,71.7902464819132,34.7441950025283,53.8348310639977,65.1139315930983,72.1355084730085,69.5932533515867,37.5793518210185,47.2974147765814,58.4952084181251,58.1935855040022,72.1791666666667,26.5453016890517,30.744359652693,30.844127323294,70.8727513227513,16.3105158730159,31.6019425790259,42.4219992199159,22.0820148215982,47.5081772893047,73.0033350273546,85.6108898907918,37.0871623474565,76.6772537919597,70.0927015976036,76.9890692096574,77.5226954780876,72.9362177401393,83.0484795524011,30.5607584590428,0
Bride and Bridesmaid,82.5372187997188,61.0351804060137,77.4630508380508,77.4923821548822,36.3417895376229,64.3807172765506,60.7452530494197,74.2645991354325,60.7342654259321,33.8894085852419,43.9561077811078,76.3461224732058,74.6705518247185,73.1327414869081,24.1881155881156,29.7243530389364,37.8494429181929,77.6977538665039,22.41163003663,26.1747405372405,41.9171805046805,16.9623948582282,45.6306070109992,76.3786773230401,74.1686496782085,31.5056695755225,80.3816283933931,60.6736219753377,80.2307845567649,77.1383946663358,80.3503817170484,87.3565389131566,31.229944057395,0
Groom and Groomsman,84.9934627101294,63.0433711350378,77.1632626632627,78.5699858783192,35.0844035594036,59.4106154647821,59.4422948964616,73.8804884929885,59.9076053576054,33.5633739717073,43.0677749719416,74.9342702821869,73.0125110229277,72.6006223714557,24.3956713810881,29.8774581128748,37.8299620132954,77.2178724053724,22.1266008682675,23.3899216524217,40.9840337132004,15.3072776760277,44.8176381443538,76.2908909173615,74.5405408861291,30.804078637412,79.3774231759526,62.7220560122521,80.9141684477469,76.5609698126855,80.1878457326987,87.9957612920848,33.6858635191969,0
Predecessor and Successor,54.2073281656615,45.3339367422701,47.5837064170398,32.8696118696119,73.7216911175245,30.2060692394026,65.6910088368422,43.5910905452572,50.4761224886225,67.8999697833031,56.1705228413562,53.5951278659612,25.193720322887,71.4228267874101,47.1119039139872,42.394013702347,44.5202737077737,34.976945970696,17.8061228123728,41.5240333740334,49.5814874169041,26.5765584723918,60.2665148486227,56.5771830928694,57.7671317970338,74.6754235597373,54.8674477483301,43.4902097267293,46.4059072191425,46.6829590162924,66.6716696067186,57.7155785209707,63.456384963983,1
Landlord and Tenant,58.7238352696686,35.9262657095991,34.4462814962815,30.2746969080302,80.1874403374403,27.3701015034348,57.0663574080241,23.6450981117648,54.9092920967921,74.969374298541,74.9972606097606,35.9678427282594,18.4802426739927,50.3023080314747,90.687700956451,60.0001195563696,70.7862586487586,23.9020129561796,15.130696309863,47.0367953805454,66.2064755460589,31.0337004816171,62.6273786942905,59.9697244658029,50.4547903893492,61.1454105534988,54.2698650568749,50.5554469132901,58.4380964532925,46.5982598646814,67.2772070159325,58.8929672542418,57.2561918927115,1
Landlord and Housekeeper,62.7971479138146,32.8602567185901,43.5523561315228,31.6291705208372,74.8235523735524,27.663918026418,53.0926376093043,27.4251182459516,50.7848370765037,65.8522431272431,71.7927405927406,41.9765347307014,20.3268510039343,50.9001526251526,85.8714480735314,47.4283467304301,81.3832019061186,28.6060278456112,15.0256902048569,35.2144340998508,58.1161384140551,29.5688797313797,48.7360028043852,55.1540639099463,49.1751257638513,71.7811800672095,54.5705395639219,53.1811882108451,61.113465120573,58.3428526992253,66.9233798518112,66.2652601392797,54.8284103605182,1
Guest and Host,79.0244624202957,56.0537191203858,56.931986994487,57.096396350563,53.4316885275219,43.8210653543987,55.2234965651632,53.3817259900593,56.8627421960755,44.2616984866985,49.9256590631591,41.4359847714015,39.6960995794329,55.2514660493827,36.9488994030661,34.4930436847103,47.7428749491249,44.1571157237824,17.6465031881699,21.6544659815493,38.666770960521,18.4322827635328,54.4899178708002,66.8149889054301,56.8219264305049,41.2560795776482,69.877618396491,37.260786073041,69.6296421987599,68.9612426154093,74.4425208052659,67.9358802417626,41.7725775132638,1
Television host and Guest,68.9152366152366,51.2096847596848,41.977766369433,37.6376665001665,74.2934418976086,29.8806751890085,82.9630913839247,37.3605895647562,54.6329559329559,65.8370254745255,56.8135295260295,36.4187627187627,19.7766788766789,58.3955865893366,47.4584673043006,35.2445139736806,55.2684048975716,26.2694597069597,14.8653066069733,25.7371913580247,41.1817663817664,20.6742852055352,46.3242705188784,47.4244445732191,48.2689592905279,72.574536039487,61.0419883584099,25.632537379106,66.8871559449991,57.9182331466645,64.4273686190353,49.5059080443884,47.5162346458915,1
Volunteer and Organizer,83.5600561475562,51.2628362378362,60.9155332321999,42.9322395197395,75.7157296407296,33.9775761275761,77.6185175935176,55.9933631183631,59.2402999778,66.6954659537993,68.3047916589583,45.1772978564645,44.7320122778456,78.2431835911002,37.5826634784968,41.7888159679826,78.2574362366029,40.4501907814408,21.5784628951296,23.261886955637,58.0165309998643,20.7223918057251,78.638967051467,67.7278960237294,82.0439554272888,74.5900112233445,76.4411676286676,44.0792628667629,76.5805014430014,71.144063652397,87.4550705467372,77.6822931697932,46.1444644861312,1
Celebrity and Fans,74.2400903109236,35.1407421282421,47.1140880724214,59.8729207520874,48.284467692801,38.3320597612264,75.1138669972003,45.4927641802642,37.9286816578483,56.0112026862027,39.814997964998,37.1371896621897,60.0906779948447,49.1858508004341,48.0338743047076,50.1041547958215,51.6001797585131,58.6764245014245,24.4786833536834,24.0726063288563,33.3779507529508,20.5207324311491,41.4679974346641,60.6612453904121,63.4189935064935,49.9730319063652,57.4882074715408,52.0567420234087,49.8288019079686,36.0954685746352,66.762640291807,58.1486191277858,40.6295735129068,1
Celebrity and Haters,24.5848085556419,35.0572381322381,33.5731165439499,51.2584716209716,41.8620572328906,28.6970779220779,63.110975290142,36.0236239069572,26.2289483664484,51.7904593862927,38.3984219484219,38.833664021164,21.7222807285307,31.437323633157,29.2829407475241,28.722065357482,28.6936830145163,28.7862340591507,18.7373321123321,80.2095246574413,22.7967660425994,48.0070580653914,24.8598003848004,31.9108485650152,20.9310445727112,34.9691217732884,34.1575456950457,34.3298320506654,35.2471981721982,22.6609868526535,26.5230780022447,16.3922538880872,41.9969977553311,2
Native and Tourist,66.0130455963789,56.5584492667826,40.5866681158348,43.0796371838038,59.2719471886138,30.043739285406,67.3725311725312,49.830825347492,55.5285122285122,59.437890658724,61.2633420591754,37.6243657576991,33.7944605548772,59.4725698684032,52.3049671008004,55.7211241690408,63.0196157237824,28.0444368131868,21.4860966965134,28.6312025166192,46.1411121286121,22.1412384683218,64.5920675004008,50.6044171877505,49.9446428571429,38.1587161295495,44.3701639409973,29.8146504729838,47.8727613435947,59.5165544332211,67.2803852012185,49.2512626262626,45.2056297097964,1
Bully and Victim,22.475536038036,30.0716951258618,48.4304908054908,56.5278124653125,32.3217557134224,34.1156616531617,39.8972027972028,33.5440778357445,26.078704320371,49.948945961446,41.4952029452029,58.9950379867047,18.5677876136209,28.1599486161986,28.3783179012346,27.8807929724596,19.2060244539411,21.5025674942342,17.6377187627188,89.4718499864333,25.4819961674128,84.7487018382852,38.4779701779702,41.9840267756934,21.6029300945968,19.4871011704345,41.6492644700978,34.6604256854257,49.2132876382876,58.3071508738175,15.6952220618887,13.5343775052108,33.9550905884239,2
Between friends,86.3583590791924,85.6844421011088,83.0705971497638,84.1445081153415,32.3737694404361,69.7601324601325,57.9595803887471,81.4151027984361,76.4032038948706,36.6305521638855,48.4112834696168,71.2697284968118,85.2837886650387,80.6518688102021,35.3553266178266,43.1875525708859,39.1533755596256,86.7943774589608,34.2135615927283,26.361338353005,52.2314356939357,18.2970789241623,68.2360850569184,82.6018278018278,84.7315315856982,31.0712181337181,85.0919111752445,85.49775332692,78.1783690075357,80.6025172358506,85.5552890011223,89.4909090909091,33.9169893378227,0
Between Facebook Friends,64.2849912433246,70.5251447626447,51.2879640421307,66.194464640298,39.6245906870907,46.2464640297974,63.1517909559576,60.6938851272185,58.0056352598019,41.7127973877974,45.3301013801014,48.4035112264279,52.3431411952245,60.706456043956,28.7770511124678,37.1546092796093,30.518311626645,55.0197929385429,25.9289801248135,29.770584045584,38.7565544023877,20.4183540225207,41.4298380631714,52.2583132916466,61.8699575116242,27.7502204585538,57.9168510501844,56.4761964886965,53.4918791085458,36.5346841430175,69.5399811608145,58.4511904761905,37.5039802789803,0
Between a person and their social media follower,66.1843986260653,51.3733414733415,44.051517001517,54.3547743922744,48.2942554359221,38.0603481395148,68.1929929638263,47.0478993228993,43.8028277278277,55.8795564003897,47.6037781662782,37.8084274521774,43.8147486772487,55.5473392348392,45.6146138583639,44.98881003256,46.7390186202686,45.1214811423145,23.4170338149505,28.1210385293719,35.3361789445123,22.7015355786189,39.3092873176206,46.2219075677409,54.533183020683,45.0414782748116,48.6098384640051,45.4908189033189,47.0841951258618,28.1197871572872,62.3832651915985,49.4919773128106,42.6040383998717,2
Between childhood friends,82.8112493987494,85.0168450376784,74.3032307198974,81.6577040243707,25.6531725990059,59.7154300945968,68.9890231681898,73.6214726631393,64.9100048100048,26.908487654321,46.078549382716,66.944705988456,69.0889480118647,72.2835497835498,27.86200998076,35.0407577761744,35.325487012987,75.7422548901716,20.722570947571,28.6052298781465,46.8194745069745,19.3312800625301,58.2958435083435,85.421565934066,79.6145790937458,27.1021655813322,77.5648334690001,81.8019044227378,71.5164869081536,62.2281457739791,89.4766364808032,87.1205518247185,23.5352462352462,0
Between pen-friends,71.6020382395382,73.4545815295815,50.4229797979798,56.4550505050505,40.9845839345839,37.7725509058842,47.5638287638288,57.8024370691037,60.7514830848164,38.3044793169793,45.0299242424242,54.525654361071,44.7248426727593,63.6308912538079,25.5423851611352,34.3990069344236,33.1078533349367,46.0784411576078,19.6168510501844,21.0492394179894,41.2503667628668,18.8679212762546,38.3196021571022,60.993549043549,56.526973951974,30.0994810744811,65.1685693935694,50.9816527608194,51.9130901505902,30.6025844525845,79.9857600732601,60.4973578890246,38.3006749423416,0
Between friends with benefits,64.0431417348084,68.6570246111913,55.3215728715729,56.1724627224627,34.7199635241302,64.2047298380632,27.6132455507455,43.3267516434183,67.7627244668911,53.5577721661055,61.0463003046336,54.9612974987975,43.2437790604457,45.120174963925,37.0535483806317,42.4400222462722,52.2416987333654,44.7793530543531,62.1469095719096,36.5846270242104,51.1300495029662,31.536531986532,32.936451973952,54.1743369285036,54.6378256003256,26.3203788495455,70.464010989011,35.0854565187898,62.8491758241758,62.4237145570479,46.6517806267806,47.1327737077737,33.3814797856465,2
Between political allies,50.1252004168671,49.0059323392657,45.1793470418471,31.9883938592272,80.7631974506974,25.9968634760301,70.5681036556037,32.8082130832131,62.0548981882315,84.166658649992,60.4939975148308,40.314740660574,23.5707441478275,58.6696178050345,55.2132215007215,51.1274921837422,54.5055605659772,32.1086449815616,14.6784682138849,53.9475218454385,70.2522977793811,46.1823753407087,73.2064119522453,57.7044261294261,73.0480430063763,76.7335215710216,64.3552079093746,43.1602089268756,60.367904626238,46.5433641975309,63.6091473341473,47.3717016008683,50.6664173789174,1
Between romantic lovers,84.3734207150874,82.0059824434825,84.4013868847202,83.3720278178611,30.1384700176367,87.7445366362033,47.5187069103736,79.8893879268879,68.0947791406125,26.5351230559564,49.738772647106,78.3232202982203,89.3009760301427,77.4174553070387,36.9221981721982,43.2208363395863,41.9861181257015,84.6915454144621,80.2429874138208,42.9898468815136,53.3864307760141,29.0069344236011,56.2566527608194,85.0116215574549,78.5573887532221,27.0372761497762,83.6625661375661,71.1212064170398,78.5899301315968,84.4853954687288,81.8037851037851,85.356454348121,31.6224579432913,0
Between ex-lovers,39.3533269199936,53.8529661696328,40.2729417187751,45.4522727272727,46.76408329325,41.4950156325156,37.0672278338945,39.6562950937951,45.0401094276094,46.8739478114478,44.6013147346481,57.275627304794,48.289095318262,40.2163189434023,24.6477372935706,28.8448232323232,23.4388137325637,39.3443973464807,42.5731691919192,66.7061958874459,40.53479337021,36.0777857944525,33.5323921448921,45.8069732736399,36.0768501560168,22.6910154660155,36.5526234567901,31.6725919142586,32.5141517433184,29.5347052638719,51.1299094424094,31.2324769366436,30.4539190747524,2
Between life-partners,87.2786455828122,83.2208433541767,88.8959595959596,82.4539822831489,30.154347041847,83.2074033990701,60.2169472502806,82.8119428411095,67.6533289241623,28.6900412858746,52.0069264069264,84.0930916305916,92.5189434022767,88.3247214205548,46.6015261744429,46.2237113195446,46.640702661536,89.6327641494308,84.819404361071,36.560082972583,58.2696799342633,26.5541726791727,66.8462335504002,92.3284374576041,87.7827194410528,34.0299654049654,85.6100664767331,93.2877713336047,86.3618284493284,92.3607838149505,89.7390008140008,94.9655440238774,33.9621540496541,0
Between soul-mates,87.8524991983325,87.1095699054032,87.4400893859227,86.3557800224467,29.1548821548822,78.9484848484848,58.3993105659772,81.9773609106942,67.7856762065095,24.3412638287638,45.9908509700176,84.8184874539041,90.605272967773,85.2559102934103,38.3363315696649,41.8077330848164,39.5741943241943,89.3218785072952,67.9941879108546,32.0633377425044,52.9316267837101,23.485572991823,56.2354344729345,87.1998134581468,81.7405270655271,29.4538597205264,80.6909391534392,85.4955365622032,82.9582587165921,82.3136412969747,86.8601902726903,91.2312474562474,34.9840642382309,0
Between strangers,45.2070648487315,63.0545295753629,22.9773541273541,31.2215707132374,59.7384926801593,19.9874498957832,67.3706364623031,29.7249386416053,47.435477947978,56.1703945745612,51.6971741221741,24.4589125380792,15.0396464646465,23.0598805515472,31.3651414943082,43.9985950777617,38.4265211640212,12.286075036075,26.5228555395222,36.7489057239057,42.0872374539041,29.4513447971781,48.3473364598364,33.0384579926247,25.4736371653038,27.5109668109668,27.0527316818984,17.1703322911656,24.8185004810005,22.1891654641655,50.8152437069104,19.3784311367645,46.3408870450537,2
Between neighbors,64.7553059594726,71.6198226156559,45.7289562289562,50.5655198196865,45.6687425229092,32.9223147223147,66.4726992143659,53.0355995855996,68.0180688139021,50.8839464547798,51.5662140328807,46.9434223184223,35.5183481641815,52.1648829565496,27.5393117684784,37.3855800064133,37.3333072791406,38.1446208112875,22.1254890171557,37.9821849446849,50.7848805515472,24.1707351290685,64.8032186948854,61.9214426006093,55.8415083373417,26.3432760141093,54.2236331569665,59.7671877505211,50.8989838864839,71.7718634760301,69.0693302068302,56.0680054513388,47.9008437550104,2
Between church members,70.6801547218214,65.9349328140995,54.7640684932352,55.9319951653285,55.6090919882587,37.607688299355,65.2058631183631,57.3080485872153,58.2762185345519,44.269069664903,38.0160680369014,47.9888047138047,46.4017576559243,59.7248396665063,30.0307219015552,33.8926587301587,38.9594997594998,48.0996813371813,20.8072430655764,24.923867644701,37.9686387686388,22.6352693602694,51.3362233445567,56.4465588423922,71.1671115921116,33.8521324354658,62.3843734968735,59.4563892897226,68.1496412538079,56.7276835818502,69.9837562129229,66.9509960718294,51.5643578643579,0
Between fans of the same sports team,76.5956006956007,78.884073642407,55.4386536303203,63.6929231262565,34.0619292744293,43.3880207755208,76.822155313822,58.2058251933252,61.5846701138368,42.4277626694293,40.7031770698437,45.0540864999198,48.994221981722,60.9266875100208,26.0569344236011,33.891506333173,32.7173240339907,49.7793310084977,21.9713764630431,21.0519841269841,40.7262666346,22.1775372775373,43.8460798460798,57.7943081609748,76.3007134840468,34.2873196248196,66.2049342632676,55.2677990219657,72.4365840949174,53.9468634760301,69.0813632355299,66.7325777617444,45.2554413179413,0
Between fans of opposing sports teams,26.3847974556308,57.5460778419112,32.9525987900988,46.4149785399785,40.9833134458134,22.0952481160815,70.4484376734377,33.5224596391263,44.7417916959584,58.1091615174948,41.1141967600301,35.3751743626744,18.8034431617765,32.486714365881,24.3382315215649,28.6300525092192,24.3798741382075,16.9193562610229,19.4311447811448,80.3476250601251,33.0443642776976,41.3435385602052,39.4531305114639,42.3969917428251,26.0340608465608,27.8156004489338,39.1762987012987,31.1026595318262,41.1833072791406,29.750785634119,47.9634960718294,21.8961199294533,44.5120230078563,2
Superior and Subordinate,55.8504554087887,27.9868008534675,50.9123196248196,28.5896247271247,82.1598904182238,27.664199380866,68.8797057880391,37.6106684981685,58.1280657613991,77.5982119732119,69.3544104044104,52.8513468013468,25.473228314895,72.300791646625,67.0506092672759,44.4654320987654,67.7020202020202,35.9268899310566,19.3051687510021,43.685575998076,60.0240460157127,41.95449334616,64.8944885361552,65.8605379188712,60.1799262465929,88.8589225589225,63.9173440756774,58.5629449254449,66.8579966329966,65.0457712041046,62.169392336059,57.1471841430175,57.2726270642937,1
Aunt and Niece/Nephew,82.4133622550289,50.8643253351587,75.9139525597859,80.6794671378005,31.0315143190143,63.3889372972706,59.813667659501,78.2025787484121,54.5372850914518,28.4513697722031,39.7474789099789,79.6227493185826,85.8889269680936,69.0663900913901,32.0634299342633,35.2593775052108,34.2626543209877,82.8259219175886,26.9476811768478,21.8731180856181,41.6106401314735,20.2474126182459,63.2416867083534,83.3226972101972,74.67085337502,28.4086259419593,74.4344717011384,92.1983946608946,66.7285573993907,68.7533309283309,78.3382215007215,86.7887465929133,73.6548681257015,0
Uncle and Niece/Nephew,81.7291245791246,52.2494167869168,76.6500558083891,81.7460699794033,32.5974272640939,62.1341363883031,59.7207349749016,78.5852482394149,55.7762462845796,30.3556355681356,41.9613656405323,79.1981461439795,85.7394099727433,69.0342592592592,32.0282647907648,34.4946328362995,34.3576759660093,82.9025412858746,26.8006313131313,20.3716630591631,41.9060345518679,20.6757215007215,63.2307940516274,84.208645983646,77.3644721019721,30.4630050505051,74.125334696168,92.5613215488216,67.070196007696,70.3726511143178,78.0421757255091,87.1238435946769,74.7153318903319,0
Between frenemies,34.0317364734031,61.9668458085125,39.8958072791406,51.5887965429632,39.4828544911878,27.4718269384936,56.8824376241043,32.8292835251169,50.723067364734,69.581386360553,45.6088752297086,51.3783881242215,29.6516983016983,38.3184319538486,34.8826194638695,29.9266845808512,26.011419676003,29.6990194219361,18.1683594183594,78.9389001430668,39.5949192782526,47.9548288902456,33.9572412155746,46.8080915997583,30.8990071656738,30.2552620219287,47.7565678149012,39.9842722092722,47.1594168177502,39.7833916083916,32.1160299576966,20.5344988344988,29.3896550979884,2
Between half-siblings,63.6190570232237,66.5698995448996,68.0770177353511,75.9965417298751,29.5737854737855,53.8309725768059,56.4624472749473,71.4052039010372,61.1432545849213,37.7011712053379,40.3857976899644,79.4262197678864,73.4879789192289,65.6083337958338,30.6794317565151,27.5630746568247,25.6041339833006,69.4665672290672,28.1215209173543,47.293710379127,44.3097211430545,28.4474506974507,53.5006712423379,75.2518928602262,70.3596585513252,26.1238258654925,66.7039799706466,84.720979020979,64.6665997582664,69.1535288785289,77.6218596218596,69.4202991452992,33.6233078649745,0
Between adoptive parents and adopted kids,74.5653630320297,40.3554723054723,78.7382373799041,77.7602971102971,31.5663088454755,67.0587942921276,54.7833068166401,83.052427356594,53.9022932314599,26.7086404336404,39.3304867971535,81.535631960632,85.4193739131239,73.9289888352389,37.5672905027072,28.7794057023224,35.8647768126935,85.9804154179154,28.0356254085421,33.5599709703876,45.2769764186431,25.3958037333037,64.7672407839075,83.4782504532505,79.6985431235431,25.7308188724855,77.4220301303635,88.4925407925408,70.3049102132435,80.5670551670552,85.7908205991539,84.2711365794699,77.1010575843909,0
Mother and Infant,87.8303955303955,39.7360327943661,90.7412089453756,89.6507040798707,28.8900331150331,83.0186435478102,61.7358331483331,90.8318567235234,51.050482696316,23.7605163355163,41.5504477004477,83.5839404422738,97.8653073007239,79.2516711683378,32.5186464769798,27.6126820710154,39.3016451141451,99.0716590508257,60.8182364703198,21.6061707582541,32.360422370839,21.2155434842935,76.6965941465942,90.7547569714237,87.4673702840369,27.8546404213071,81.4407213157213,94.0328498661832,78.8479754813088,89.712436329103,90.8286885953552,95.4242208408875,83.660487352154,0
Between alumni,57.3075438450438,70.175672013172,43.7464094547428,40.1651085026085,57.480188638522,34.1465088923422,66.5422770131104,44.1894400352734,59.7876381334715,61.0140227056894,50.0352069227069,37.4635364635365,33.2000123333457,61.362478031228,35.6939318397652,33.0839408276908,30.5228554624388,31.4611771715938,22.8953608120275,32.7260798614965,41.6380036630037,25.9840781903282,45.7731157731158,51.019425019425,57.2145342312009,49.6806569973237,51.5071397738064,43.0981092981093,49.3918199084866,44.7577505827506,67.4895191228525,50.9745402745403,27.8028274194941,2
Between a monarch and their minister,56.1872386872387,27.9754518629519,42.9406564114898,25.1394067352401,84.7499633082966,23.7558083891417,72.9388583638584,29.9098307556641,51.5812399020732,78.4636098469432,59.0164144497478,52.0535624098124,21.6391883579384,67.1989765635599,57.3074629074629,43.3721312637979,64.7052836052836,32.3265814432481,18.7540135790136,44.7414475185309,62.7851037851038,46.6720476282976,66.5892299058966,52.0455559872226,66.9997647414314,77.4237978071311,62.2075476992144,49.9814577397911,60.6691034274368,54.7982021065354,66.796250971251,56.4728567728568,49.8689804023137,1
Between confidants,80.102035002035,77.4043236084903,73.2738260196594,69.1044887211554,39.9206745415079,55.9448742615409,45.3566085149419,69.1684104475771,64.9363981697315,44.6347877431211,45.3155751655752,72.1969277635944,61.8388963659797,79.6750894938395,36.5863742738743,32.2768354330854,34.5813120521454,63.8019260831761,24.0941845962679,25.4131493506493,44.9184548476215,21.8417818292818,52.7482452732453,77.3858650608651,76.4111089527756,36.1517094017094,71.3031490114823,70.3003755503756,70.1738647155314,62.440934990935,78.5745251661918,82.4297440214107,34.6516079599413,0
Between a person and their significant other,85.9798605715272,83.4361182027849,88.0528724362058,84.3130644047311,28.5910298035298,86.3476198184531,52.9211556961557,86.8183222641556,70.2689594356261,32.1620538412205,43.9641821141821,86.5176366843034,91.6401569109902,85.2721373533873,42.7465058860892,35.571308629642,40.0250088645922,92.609021611105,78.6182841078674,34.2799499882833,52.735497295914,23.242128010878,61.46580333247,88.6219869636536,85.7157234740568,31.1171156004489,82.7419666753,83.8629392212726,80.3444617111284,85.5331045497712,86.2007057757058,88.9138953638954,34.8171350254684,0
Between companions,79.291078674412,75.1666236541236,65.7449683033016,65.0973870265537,37.6549515299515,52.5901499734833,68.8390655640656,67.9593637843638,74.262825291992,44.245584970585,50.8405765530766,56.767323852618,61.0399781953704,72.9626534050554,44.3569366635543,43.8415912337481,44.3372090237286,63.7243465049838,35.3051985596103,28.8829481883403,56.0542351892842,24.5938555453261,57.574369303536,73.2835206460207,77.8262455137455,41.313110963111,74.5018123851457,60.708830983831,79.0726881143548,78.0164451289451,78.6076459034792,74.6114134322468,43.1701875285209,0
Between playmates,75.5916171791172,76.5758795217128,66.8321894155228,67.2816274774608,32.7777178068845,49.3562491520825,62.817947638781,64.420543653877,68.7933557183557,45.7185923644257,50.3019750311417,52.5988380083968,53.1987220930848,69.8115790890301,32.733308267622,37.6636712325438,39.9617898441428,60.6880379424497,25.3371813915932,31.7508818614211,52.4740419892381,23.3195205393735,50.0436176477843,71.7510289093622,80.3369681244681,37.2766924433591,82.4365662115662,60.8138412513412,78.756248689582,76.5197848447849,79.3270260603594,77.2052469135802,36.2941586191586,0
Between competitors in sports,27.9149427732761,61.2610155276822,46.281678969179,34.8157652532653,72.8566314857981,26.0922400130733,80.4281548698215,35.3083102083102,48.7154505987839,80.071452313119,53.0960787669121,37.8078741701291,23.7251981678452,40.6840741049074,38.1135640956719,35.3630963444689,33.4540918776213,25.1117563355308,18.2208572563965,77.7126879474919,40.8591742861351,42.3812680329837,54.4698970782304,56.1957756749423,39.0126308876309,71.6290809499143,63.3291056166056,33.9818437735104,63.0115617407284,59.3339193214193,66.1891537474871,32.8809724226391,40.809019375686,2
Between a person and their crush,72.9485392693726,61.0307602890936,65.0813071188071,75.7876942501943,32.4607872066205,64.1467800717801,31.220615958116,65.9922847214514,49.5474190932524,42.6364260739261,38.9590716382383,68.13824020025,79.12148150506,64.2430033836897,29.7878405182327,36.5242831333518,36.0135768461749,73.4861827079964,58.2018667969648,25.432855534081,40.3158870450537,23.9384009599696,40.0142221975555,71.4023009398009,52.9255519172186,24.0195762570763,54.2245857537524,49.3800905884239,48.2466672216672,54.1228817478817,64.8619548661215,58.1581151872819,37.0357949149616,0
Between cohabitants,76.4125217375217,73.4233428608429,76.3817717776051,67.6885059385059,37.7418667752001,59.367049308716,53.1374062665729,70.521565009065,67.3283913617247,44.5218392718393,56.826245976246,64.7949759753681,65.2920731320241,71.8744770389378,49.2411296764238,46.3408968391812,45.2087897759466,68.1235583044406,44.3678814014598,38.5235966738418,60.3269791664399,30.1905964224592,53.9653284986618,75.5886468469802,74.7102260393927,28.1485625485625,74.3196938863606,70.9967712842713,72.6288470788471,88.2171937630271,77.6158078033078,79.8082392915726,41.8543868168868,0
Between long-distance lovers,82.9351444851445,80.456246993747,69.181074018574,78.9197515447516,31.5691035816036,76.1653221778222,42.0612614237614,77.6695332445332,71.9553904428904,38.3307054057054,44.546404983905,72.8113041370394,82.1735432414354,75.1271236933002,30.9506087503637,37.4693226979992,33.7309436659927,80.7584179618493,66.0122384333169,32.800834260148,54.7469315542845,23.3114187011246,43.9325880909214,79.300203037703,73.0364239155906,23.0411082744416,70.5293455001788,66.0030911989245,64.5759932968266,24.6445680862348,70.6740691407358,76.2120721870722,34.9733915775582,0
Between brothers-in-arms,72.9534639742973,66.4492638534305,68.789884344051,50.6140749682416,49.7501717418384,45.9518167018167,65.4677082177082,63.7612612695946,60.9199012407346,50.4378353128353,53.6822660364327,58.422214368783,54.9550452633786,69.2900667324687,31.5245134404448,36.4921854289501,42.5468866736024,65.6534921052078,20.5317084875908,33.3635606949332,49.836722600203,29.704990289304,54.3084259875927,65.7146948730282,74.4752664002664,57.0998641790308,66.8691615483282,62.479168979169,67.4333115958116,65.8355573438907,72.8214774423108,78.4407644824311,40.2889699806366,0
