"","x"
"1","Between church members"
"2","Athlete and Referee"
"3","Slave and Master"
"4","Ancestor and Descendant"
"5","Reviewer and Writer"
"6","Volunteer and Organizer"
"7","Babysitter and Infant"
"8","Judge and Contestant"
"9","Researcher and Research Subject"
"10","Between Business Partners"
"11","Politician and Supporter"
"12","Police officer and Civilian"
"13","Salesperson and Customer"
"14","Team Captain and Team Members"
"15","Predecessor and Successor"
"16","Between criminal and their accomplice"
"17","Between ex-lovers"
"18","Teacher and Student"
"19","Leader and Follower"
"20","Driver and Passenger"
"21","Reader and Writer"
"22","Native and Tourist"
"23","Victim and Witness"
"24","Man and God"
"25","Between strangers"
"26","Guest and Host"
"27","Between enemies"
"28","Between Siblings"
"29","Employer and Employee"
