"","x"
"1","Between sorority sisters"
"2","Police officer and Offender"
"3","Between sports rivals"
"4","Nurse and Patient"
"5","Foster-parent and Foster-child"
"6","Patient and Caretaker"
"7","Between half-siblings"
"8","Between long-distance lovers"
"9","Therapist and Patient"
"10","Criminal and Hostage"
"11","Between childhood friends"
"12","Grandparent and Grandchild"
"13","Between friends"
"14","Between opposing negotiators"
"15","Between adoptive parents and adopted kids"
"16","Criminal and Prosecutor"
"17","Manager and Staff"
"18","Guard and Prisoner"
"19","Between close relatives"
"20","Bride and Bridesmaid"
"21","Customer and Businessman"
"22","Professor and Graduate student"
"23","Between competitors in sports"
"24","Between cousins"
"25","Between divorced spouses"
"26","Godparent and Godchild"
"27","Step-grandparent and Step-grandchild"
"28","Superior and Subordinate"
"29","Parent and Teenager"
"30","Chef and Customer"
"31","Between step-siblings"
"32","Master and Servant"
"33","Owner and Manager"
"34","Between playmates"
"35","Between friends with benefits"
"36","Professor and Teaching Assistant"
"37","Between classmates"
"38","Between business rivals"
"39","Manager and Assistant"
"40","Step-parent and Step-child"
"41","Supervisor and Subordinate"
"42","Parole officer and Parolee"
"43","Customer and Server"
"44","Boss and Secretary"
"45","Parent and Child"
"46","Between second cousins"
"47","Union leader and union member"
"48","Between fraternity brothers"
"49","Religious leader and Congregant"
"50","Landlord and Housekeeper"
"51","Between companions"
"52","Chief and Deputy"
"53","Aunt and Niece/Nephew"
"54","Athletic trainer and Trainee"
"55","Foreman and Laborer"
"56","Mentor and Mentee"
"57","Between a person and their deceased spouse"
"58","Victim and Criminal"
"59","Lawyer and Client"
"60","Dealer and Buyer"
"61","Between brothers-in-arms"
"62","Between a person and their in-laws"
"63","Between roommates"
"64","Between alumni"
"65","Sugar-daddy and Sugar-baby"
"66","Representative and Citizen"
"67","Consultant and Client"
"68","Between Co-workers"
"69","Coach and athlete"
"70","Between Close Friends"
"71","Principal and Teacher"
"72","Between political opponents"
"73","Man and His Mistress"
"74","Between pen-friends"
"75","Interviewer and Job applicant"
"76","Between romantic rivals"
"77","Between a person and their family friends"
"78","Officer and Soldier"
"79","Between religious followers"
"80","Club Member and Club President"
"81","Between teammates in sports"
"82","Between neighbors"
"83","Between casual acquaintances"
"84","Between confidants"
"85","Between a person and their crush"
"86","Prostitute and Customer"
"87","Celebrity and Haters"
"88","Intern and Employee"
"89","Performer and Audience"
"90","Between cohabitants"
"91","Between a monarch and their minister"
"92","Defendant and Plaintiff"
"93","Between Facebook Friends"
"94","Entrepreneur and Investor"
"95","Between peers"
"96","Doctor and Nurse"
"97","Drug dealer and Addict"
"98","Between fans of opposing sports teams"
"99","Man Wife and Man Mistress"
"100","University student and Administrator"
"101","Criminal and Police officer"
"102","Celebrity and Fans"
"103","Between distant relatives"
"104","Director and Performer"
"105","Guide and Tourist"
"106","Judge and Lawyer"
"107","Wife and Husband"
"108","Doctor and Patient"
"109","Student and Dorm Resident assistant"
"110","Between a person and their social media follower"
"111","Between frenemies"
"112","Between political allies"
"113","Between fans of the same sports team"
"114","Landlord and Tenant"
"115","Television host and Guest"
"116","Bully and Victim"
"117","Between diplomats"
"118","Between church members"
"119","Athlete and Referee"
"120","Slave and Master"
"121","Ancestor and Descendant"
"122","Reviewer and Writer"
"123","Volunteer and Organizer"
"124","Babysitter and Infant"
"125","Judge and Contestant"
"126","Researcher and Research Subject"
"127","Between Business Partners"
"128","Politician and Supporter"
"129","Police officer and Civilian"
"130","Salesperson and Customer"
"131","Team Captain and Team Members"
"132","Predecessor and Successor"
"133","Between criminal and their accomplice"
"134","Between ex-lovers"
"135","Teacher and Student"
"136","Leader and Follower"
"137","Driver and Passenger"
"138","Reader and Writer"
"139","Native and Tourist"
"140","Victim and Witness"
"141","Man and God"
"142","Between strangers"
"143","Guest and Host"
"144","Between enemies"
"145","Between Siblings"
"146","Employer and Employee"
